pid,sale_price,gr_liv_area,total_bsmt_sf,lot_area,lot_frontage,year_built,year_remod,overall_qual,overall_cond,garage_cars,garage_type,full_bath,half_bath,bedrooms,fireplaces,mas_vnr_area,neighborhood,kitchen_qual,central_air,bsmt_qual,sale_condition,ms_zoning,yr_sold
526301100,215000,1656,1080.0,31770,141.0,1960,1960,6,5,2.0,Attchd,1,0,3,2,112.0,NAmes,TA,Y,TA,Normal,RL,2010
526350040,105000,896,882.0,11622,80.0,1961,1961,5,6,1.0,Attchd,1,0,2,0,0.0,NAmes,TA,Y,TA,Normal,RH,2010
526351010,172000,1329,1329.0,14267,81.0,1958,1958,6,6,1.0,Attchd,1,1,3,0,108.0,NAmes,Gd,Y,TA,Normal,RL,2010
526353030,244000,2110,2110.0,11160,93.0,1968,1968,7,5,2.0,Attchd,2,1,3,2,0.0,NAmes,Ex,Y,TA,Normal,RL,2010
527105010,189900,1629,928.0,13830,74.0,1997,1998,5,5,2.0,Attchd,2,1,3,1,0.0,Gilbert,TA,Y,Gd,Normal,RL,2010
527105030,195500,1604,926.0,9978,78.0,1998,1998,6,6,2.0,Attchd,2,1,3,1,20.0,Gilbert,Gd,Y,TA,Normal,RL,2010
527127150,213500,1338,1338.0,4920,41.0,2001,2001,8,5,2.0,Attchd,2,0,2,0,0.0,StoneBr,Gd,Y,Gd,Normal,RL,2010
527145080,191500,1280,1280.0,5005,43.0,1992,1992,8,5,2.0,Attchd,2,0,2,0,0.0,StoneBr,Gd,Y,Gd,Normal,RL,2010
527146030,236500,1616,1595.0,5389,39.0,1995,1996,8,5,2.0,Attchd,2,0,2,1,0.0,StoneBr,Gd,Y,Gd,Normal,RL,2010
527162130,189000,1804,994.0,7500,60.0,1999,1999,7,5,2.0,Attchd,2,1,3,1,0.0,Gilbert,Gd,Y,TA,Normal,RL,2010
527163010,175900,1655,763.0,10000,75.0,1993,1994,6,5,2.0,Attchd,2,1,3,1,0.0,Gilbert,TA,Y,Gd,Normal,RL,2010
527165230,185000,1187,1168.0,7980,,1992,2007,6,7,2.0,Attchd,2,0,3,0,0.0,Gilbert,TA,Y,Gd,Normal,RL,2010
527166040,180400,1465,789.0,8402,63.0,1998,1998,6,5,2.0,Attchd,2,1,3,1,0.0,Gilbert,TA,Y,Gd,Normal,RL,2010
527180040,171500,1341,1300.0,10176,85.0,1990,1990,7,5,2.0,Attchd,1,1,2,1,0.0,Gilbert,Gd,Y,Gd,Normal,RL,2010
527182190,212000,1502,1488.0,6820,,1985,1985,8,5,2.0,Attchd,1,1,1,0,0.0,StoneBr,Gd,Y,Gd,Normal,RL,2010
527216070,538000,3279,1650.0,53504,47.0,2003,2003,8,5,3.0,BuiltIn,3,1,4,1,603.0,StoneBr,Ex,Y,Gd,Normal,RL,2010
527225035,164000,1752,559.0,12134,152.0,1988,2005,8,7,2.0,Basment,2,0,4,0,0.0,Gilbert,TA,Y,Gd,Normal,RL,2010
527258010,394432,1856,1856.0,11394,88.0,2010,2010,9,2,3.0,Attchd,1,1,1,1,350.0,StoneBr,Ex,Y,Ex,Partial,RL,2010
527276150,141000,864,864.0,19138,140.0,1951,1951,4,5,2.0,Detchd,1,0,2,0,0.0,Gilbert,TA,Y,TA,Normal,RL,2010
527302110,210000,2073,1542.0,13175,85.0,1978,1988,6,6,2.0,Attchd,2,0,3,2,119.0,NWAmes,TA,Y,Gd,Normal,RL,2010
527358140,190000,1844,1844.0,11751,105.0,1977,1977,6,6,2.0,Attchd,2,0,3,1,480.0,NWAmes,TA,Y,Gd,Normal,RL,2010
527358200,170000,1173,1053.0,10625,85.0,1974,1974,7,6,2.0,Attchd,2,0,3,2,81.0,NWAmes,Gd,Y,Gd,Family,RL,2010
527368020,216000,1674,814.0,7500,,2000,2000,7,5,2.0,Attchd,2,1,3,0,0.0,Somerst,Gd,Y,Gd,Normal,FV,2010
527402200,149000,1004,1004.0,11241,,1970,1970,6,7,2.0,Attchd,1,0,2,1,180.0,NAmes,TA,Y,TA,Normal,RL,2010
527402250,149900,1078,1078.0,12537,,1971,2008,5,6,2.0,Attchd,1,1,3,1,0.0,NAmes,TA,Y,TA,Normal,RL,2010
527403020,142000,1056,1056.0,8450,65.0,1968,1968,5,6,1.0,Attchd,1,0,3,1,0.0,NAmes,TA,Y,TA,Normal,RL,2010
527404120,126000,882,882.0,8400,70.0,1970,1970,4,5,2.0,Attchd,1,0,2,0,0.0,NAmes,TA,Y,TA,Normal,RL,2010
527425090,115000,864,864.0,10500,70.0,1971,1971,4,5,0.0,,1,0,3,1,0.0,NAmes,TA,Y,TA,Normal,RL,2010
527427230,184000,1337,1405.0,5858,26.0,1999,1999,7,5,2.0,Attchd,2,0,2,1,0.0,NAmes,Gd,Y,Gd,Normal,RH,2010
527451180,96000,987,483.0,1680,21.0,1971,1971,6,5,1.0,Detchd,1,1,2,0,504.0,BrDale,TA,Y,TA,Normal,RM,2010
527451330,105500,1092,525.0,1680,21.0,1971,1971,5,5,1.0,Detchd,1,1,3,0,492.0,BrDale,TA,Y,TA,Normal,RM,2010
527451410,88000,1092,525.0,1680,21.0,1971,1971,6,5,1.0,Detchd,1,1,3,0,381.0,BrDale,TA,Y,TA,Family,RM,2010
527452190,127500,1069,1069.0,4043,53.0,1977,1977,6,5,2.0,Attchd,2,0,2,1,0.0,NPkVill,TA,Y,Gd,Normal,RL,2010
527453130,149900,1456,855.0,2280,24.0,1975,1975,6,6,2.0,Attchd,2,1,3,1,0.0,NPkVill,Gd,Y,TA,Normal,RL,2010
527453150,120000,836,836.0,2280,24.0,1975,1975,7,6,1.0,Attchd,1,0,2,0,0.0,NPkVill,TA,Y,Gd,Normal,RL,2010
527454200,146000,1456,855.0,2280,24.0,1978,1978,6,5,2.0,Attchd,2,1,3,1,0.0,NPkVill,TA,Y,Gd,Normal,RL,2010
528108120,376162,2334,1590.0,12858,102.0,2009,2010,9,5,3.0,Attchd,2,1,3,1,162.0,NridgHt,Ex,Y,Ex,Partial,RL,2010
528112020,306000,1704,1704.0,11478,98.0,2007,2008,8,5,3.0,Attchd,2,0,3,1,200.0,NridgHt,Gd,Y,Ex,Normal,RL,2010
528120060,395192,1940,1930.0,10159,83.0,2009,2010,9,5,3.0,Attchd,2,1,3,1,450.0,NridgHt,Ex,Y,Ex,Partial,RL,2010
528120090,290941,1544,1544.0,12883,94.0,2009,2010,8,5,3.0,Attchd,2,0,3,0,256.0,NridgHt,Gd,Y,Gd,Partial,RL,2010
528120100,220000,1541,1541.0,12182,95.0,2005,2005,7,5,2.0,Attchd,2,0,3,1,226.0,NridgHt,Gd,Y,Gd,Partial,RL,2010
528120120,275000,1698,1698.0,11520,90.0,2005,2005,9,5,3.0,Attchd,2,0,3,1,615.0,NridgHt,Ex,Y,Ex,Normal,RL,2010
528138020,259000,1822,1822.0,14122,79.0,2005,2006,8,5,3.0,Attchd,2,0,3,1,240.0,NridgHt,Ex,Y,Ex,Normal,RL,2010
528138060,214000,1535,1517.0,10171,70.0,2004,2004,7,5,2.0,Attchd,2,0,3,0,168.0,NridgHt,Gd,Y,Gd,Normal,RL,2010
528150070,611657,2364,2330.0,12919,100.0,2009,2010,9,5,3.0,Attchd,2,1,2,2,760.0,NridgHt,Ex,Y,Ex,Partial,RL,2010
528175010,224000,1358,1358.0,6371,44.0,2009,2010,7,5,2.0,Attchd,2,0,2,1,128.0,NridgHt,Gd,Y,Gd,Partial,RL,2010
528176010,500000,2696,2846.0,14300,110.0,2003,2004,9,5,3.0,Attchd,2,1,3,2,1095.0,NridgHt,Ex,Y,Ex,Normal,RL,2010
528176070,320000,2250,1671.0,13650,105.0,2002,2002,8,5,3.0,Attchd,2,1,3,1,232.0,NridgHt,Gd,Y,Gd,Normal,RL,2010
528180070,319900,1752,1752.0,7658,61.0,2005,2005,9,5,2.0,Attchd,2,0,2,1,412.0,NridgHt,Ex,Y,Ex,Normal,RL,2010
528181050,205000,1370,1370.0,7132,41.0,2006,2006,8,5,2.0,Attchd,2,0,2,1,178.0,NridgHt,Gd,Y,Gd,Normal,RL,2010
528188120,175500,1626,764.0,2628,36.0,2003,2003,7,5,2.0,BuiltIn,2,1,2,0,106.0,NridgHt,Gd,Y,Gd,Normal,RL,2010
528218150,199500,1324,1324.0,18494,100.0,2005,2005,6,5,2.0,Attchd,2,0,3,0,0.0,Gilbert,Gd,Y,Gd,Normal,RL,2010
528228285,160000,1145,1145.0,3203,43.0,2006,2006,7,5,2.0,Attchd,2,0,2,0,14.0,Blmngtn,Gd,Y,Gd,Normal,RL,2010
528228440,192000,1269,1256.0,3182,43.0,2004,2005,8,5,2.0,Attchd,2,0,2,1,16.0,Blmngtn,Gd,Y,Gd,Normal,RL,2010
528231020,184500,1374,384.0,13300,67.0,2004,2004,7,5,2.0,BuiltIn,2,1,3,1,0.0,Gilbert,Gd,Y,Gd,Normal,RL,2010
528240070,216500,1960,860.0,7851,,2002,2002,6,5,2.0,BuiltIn,2,1,4,2,,Gilbert,Gd,Y,Gd,Normal,RL,2010
528240130,185088,1733,847.0,8577,63.0,2004,2004,7,5,2.0,BuiltIn,2,1,3,1,0.0,Gilbert,Gd,Y,Gd,Normal,RL,2010
528250100,180000,1430,384.0,7750,,2000,2000,7,5,2.0,BuiltIn,2,1,3,1,0.0,Gilbert,TA,Y,Gd,Normal,RL,2010
528292020,222500,2035,884.0,9505,,2001,2001,7,5,2.0,BuiltIn,2,1,3,1,180.0,Gilbert,Gd,Y,Gd,Normal,RL,2010
528328100,333168,2599,1393.0,14774,108.0,1999,1999,9,5,3.0,BuiltIn,2,1,4,1,165.0,NoRidge,Gd,Y,Gd,Normal,RL,2010
528344070,355000,2475,1629.0,17433,60.0,1998,1998,8,5,3.0,Attchd,2,1,4,1,114.0,NoRidge,Gd,Y,Ex,Normal,RL,2010
528358010,260400,1720,1720.0,10593,59.0,1996,1996,7,5,2.0,Attchd,2,0,3,1,338.0,NoRidge,Gd,Y,Gd,Normal,RL,2010
528363130,325000,2622,1463.0,12256,98.0,1994,1995,8,5,2.0,Attchd,2,1,3,2,362.0,NoRidge,Gd,Y,Ex,Normal,RL,2010
528382020,290000,2270,1152.0,11764,92.0,1999,2007,8,7,3.0,Attchd,2,1,4,1,348.0,NoRidge,Gd,Y,Gd,Normal,RL,2010
528382030,221000,1839,1195.0,16770,58.0,1998,1998,7,5,2.0,Attchd,2,1,4,0,30.0,NoRidge,TA,Y,Gd,Normal,RL,2010
528386040,410000,3238,2033.0,14720,56.0,1995,1996,8,5,3.0,Attchd,2,1,4,1,579.0,NoRidge,Gd,Y,Gd,Normal,RL,2010
528445060,221500,1595,1595.0,8987,73.0,2005,2006,8,5,3.0,Attchd,2,0,2,1,226.0,Somerst,Gd,Y,Gd,Normal,RL,2010
528456160,204500,1218,1218.0,9215,92.0,2009,2010,7,5,2.0,Attchd,2,0,2,0,0.0,Somerst,Gd,Y,Gd,Partial,FV,2010
528458070,215200,1547,756.0,8640,72.0,2009,2009,7,5,2.0,Attchd,2,1,3,0,0.0,Somerst,Gd,Y,Gd,Normal,FV,2010
528458110,262500,1566,1566.0,9000,75.0,2008,2008,8,5,2.0,Attchd,2,0,3,0,36.0,Somerst,Gd,Y,Gd,Normal,FV,2010
528477080,254900,1947,991.0,12552,100.0,2004,2005,7,5,2.0,Attchd,2,1,3,1,0.0,Somerst,Gd,Y,Gd,Normal,FV,2010
528480090,271500,1468,1468.0,10440,84.0,2005,2005,6,5,2.0,Attchd,2,0,2,1,0.0,Somerst,Gd,Y,Ex,Normal,FV,2010
531367050,233000,2084,956.0,10142,76.0,2004,2004,7,5,2.0,BuiltIn,2,1,4,0,0.0,SawyerW,Gd,Y,Gd,Normal,RL,2010
531369060,181000,1659,831.0,11920,70.0,2004,2004,7,5,2.0,Attchd,2,1,3,0,122.0,SawyerW,Gd,Y,Gd,Normal,RL,2010
531380080,205000,2110,948.0,8880,,1994,2002,7,5,2.0,Attchd,2,1,3,2,0.0,SawyerW,Gd,Y,Gd,Normal,RL,2010
531451110,143000,923,923.0,8012,50.0,1980,1980,6,5,1.0,Attchd,2,0,2,1,0.0,SawyerW,TA,Y,Gd,Normal,RL,2010
531451280,189000,1845,1055.0,11218,70.0,1992,1992,6,5,2.0,Attchd,2,1,3,1,0.0,SawyerW,Gd,Y,Gd,Normal,RL,2010
531452020,99500,918,918.0,7892,55.0,1979,1979,6,5,1.0,Attchd,2,0,2,1,0.0,SawyerW,TA,Y,Gd,Normal,RL,2010
531452050,125000,752,744.0,7175,50.0,1984,1984,6,5,1.0,Attchd,1,0,2,0,0.0,SawyerW,TA,Y,Gd,Normal,RL,2010
531452180,194500,1744,996.0,9453,,1993,2003,7,7,2.0,Attchd,2,1,3,0,0.0,SawyerW,Gd,Y,Gd,Normal,RL,2010
531453010,152000,1097,1040.0,9672,81.0,1984,1985,6,5,2.0,Attchd,2,0,3,0,0.0,SawyerW,TA,Y,Gd,Normal,RL,2010
531453040,171000,1564,650.0,8400,70.0,1980,1981,6,6,2.0,Attchd,2,1,3,1,130.0,SawyerW,TA,Y,Gd,Normal,RL,2010
531477050,67500,1012,816.0,9800,70.0,1920,1950,5,5,1.0,Detchd,1,0,2,0,0.0,SawyerW,TA,N,TA,Normal,RH,2010
532351140,112000,1902,0.0,8930,68.0,1978,1978,6,5,2.0,Attchd,2,0,4,0,0.0,Sawyer,TA,Y,,Normal,RM,2010
532354090,148000,1155,1109.0,11782,88.0,1961,1995,5,7,2.0,Detchd,1,0,3,0,0.0,Sawyer,Gd,Y,TA,Normal,RL,2010
532376160,138500,894,894.0,8450,65.0,1965,2009,5,8,1.0,Detchd,1,0,3,1,0.0,Sawyer,TA,Y,TA,Normal,RL,2010
532377060,122000,900,882.0,9819,,1967,1967,5,5,1.0,Detchd,1,0,3,0,31.0,Sawyer,TA,Y,TA,Normal,RL,2010
532377100,133000,1040,1040.0,7500,75.0,1963,1963,5,5,1.0,Attchd,1,1,3,0,0.0,Sawyer,TA,Y,TA,Normal,RL,2010
532378110,127000,1040,1040.0,6897,,1962,2010,5,8,1.0,Detchd,1,1,3,0,0.0,Sawyer,TA,Y,TA,Normal,RL,2010
532479070,169000,1494,1208.0,15410,39.0,1974,2002,6,6,2.0,Attchd,2,0,3,2,250.0,Sawyer,TA,Y,TA,Abnorml,RL,2010
533130020,190000,1923,750.0,10186,107.0,1992,1992,7,5,2.0,Attchd,2,1,3,1,0.0,NoRidge,Gd,Y,Gd,Normal,RL,2010
533130130,362500,2349,1231.0,13143,85.0,1993,1993,8,5,3.0,Attchd,2,1,4,1,504.0,NoRidge,Gd,Y,Gd,Normal,RL,2010
533130160,285000,2225,1390.0,11134,88.0,1992,1993,8,5,3.0,Attchd,2,1,4,1,180.0,NoRidge,Gd,Y,Gd,Normal,RL,2010
533205060,260000,1488,1488.0,4835,25.0,2004,2005,7,5,2.0,Attchd,2,0,2,1,0.0,Somerst,Gd,Y,Ex,Normal,FV,2010
533208090,190000,1680,840.0,3515,39.0,2004,2004,7,5,2.0,Attchd,2,1,2,0,0.0,Somerst,Gd,Y,Gd,Normal,FV,2010
533210060,155000,1200,600.0,3215,30.0,2004,2004,7,5,2.0,Detchd,2,1,2,0,120.0,Somerst,Gd,Y,Gd,Normal,FV,2010
533212010,151000,1200,600.0,3182,30.0,2004,2005,7,5,2.0,Detchd,2,1,2,0,0.0,Somerst,Gd,Y,Gd,Normal,FV,2010
533212020,149500,1200,600.0,2544,24.0,2004,2005,7,5,2.0,Detchd,2,1,2,0,0.0,Somerst,Gd,Y,Gd,Normal,FV,2010
533212060,152000,1236,600.0,2544,24.0,2005,2005,6,5,2.0,Detchd,2,1,2,0,216.0,Somerst,Gd,Y,Gd,Normal,FV,2010
533213030,222000,1478,1470.0,4403,,2009,2009,7,5,2.0,Attchd,2,1,2,1,432.0,Somerst,Gd,Y,Ex,Partial,FV,2010
533221090,177500,1573,756.0,2117,,2000,2000,6,5,2.0,Detchd,2,1,3,0,216.0,Somerst,Gd,Y,Gd,Normal,FV,2010
533221110,177000,1512,756.0,2980,,2000,2000,6,5,2.0,Detchd,2,1,2,0,1159.0,Somerst,Gd,Y,Gd,Normal,FV,2010
533223020,155000,1416,696.0,2572,24.0,1999,1999,7,5,2.0,Detchd,2,1,3,0,0.0,Somerst,Gd,Y,Gd,Normal,FV,2010
533223100,147110,1080,530.0,2403,,2003,2003,7,5,2.0,Attchd,2,1,2,0,0.0,Somerst,Gd,Y,Gd,Normal,FV,2010
533238045,267916,1418,1642.0,12853,57.0,2010,2010,8,5,3.0,Attchd,1,1,1,1,0.0,Somerst,Gd,Y,Ex,Partial,FV,2010
533244030,254000,1848,975.0,7379,68.0,2000,2000,8,5,2.0,Attchd,2,1,3,1,0.0,Somerst,Gd,Y,Gd,Normal,FV,2010
533253060,155000,788,728.0,4420,30.0,1980,1980,8,5,2.0,Detchd,1,0,1,1,0.0,Greens,Gd,Y,Gd,Normal,RL,2010
533253210,206000,1226,1226.0,3880,40.0,1978,1978,8,6,2.0,Attchd,1,0,1,1,0.0,Greens,Gd,Y,Gd,Normal,RL,2010
533352170,130500,1479,725.0,13517,,1976,2005,6,8,2.0,Attchd,2,1,3,0,289.0,Sawyer,Gd,Y,TA,Normal,RL,2010
534102025,230000,1492,1492.0,8000,80.0,2002,2002,7,5,2.0,Attchd,2,0,3,1,0.0,Somerst,Gd,Y,Gd,Normal,FV,2010
534129040,218500,1829,1829.0,10456,,1967,1967,6,6,2.0,Attchd,2,0,4,0,120.0,NWAmes,TA,Y,TA,Normal,RL,2010
534151175,243500,2495,1280.0,10791,80.0,1993,1993,6,5,2.0,Attchd,2,1,4,1,0.0,NWAmes,Gd,Y,Gd,Normal,RL,2010
534152050,205000,1610,1610.0,10603,,1977,2001,6,7,2.0,Attchd,2,0,3,2,28.0,NWAmes,Gd,Y,TA,Normal,RL,2010
534152070,212500,1891,1224.0,18837,,1978,1978,6,5,2.0,Attchd,3,0,3,1,0.0,NWAmes,TA,Y,Gd,Normal,RL,2010
534152100,196500,1714,980.0,10421,80.0,1988,1988,7,5,2.0,Attchd,2,1,3,1,42.0,NWAmes,TA,Y,Gd,Normal,RL,2010
534176060,197500,1381,1161.0,9360,78.0,1972,2006,6,7,2.0,Attchd,1,1,3,1,0.0,NWAmes,Gd,Y,TA,Normal,RL,2010
534176230,171000,1645,715.0,9600,80.0,1971,1971,6,6,2.0,Attchd,1,2,4,0,0.0,NWAmes,TA,Y,TA,Normal,RL,2010
534202160,142250,1232,1232.0,9600,80.0,1966,1966,5,5,2.0,Attchd,1,1,3,0,172.0,NAmes,TA,Y,TA,Normal,RL,2010
534251320,143000,1328,1328.0,9790,,1963,1963,6,5,2.0,Attchd,1,1,3,2,451.0,NWAmes,TA,Y,TA,Normal,RL,2010
534276360,128950,1225,950.0,9320,77.0,1959,1959,4,5,0.0,,1,1,3,0,0.0,NAmes,TA,Y,TA,Normal,RL,2010
534401110,159000,1209,1209.0,9900,90.0,1966,1966,5,5,2.0,Attchd,1,0,3,0,0.0,NAmes,TA,Y,Gd,Normal,RL,2010
534401140,178900,1510,1510.0,9680,88.0,1967,1967,5,6,2.0,Attchd,2,0,3,0,268.0,NAmes,Gd,Y,TA,Normal,RL,2010
534403360,136300,1775,533.0,10600,,1964,1964,6,5,2.0,Attchd,2,0,3,0,0.0,NAmes,TA,Y,TA,Family,RL,2010
534403410,180500,1152,1152.0,14112,,1964,1964,5,7,2.0,Attchd,1,0,3,1,86.0,NAmes,TA,Y,TA,Normal,RL,2010
534425310,137500,1054,936.0,8800,80.0,1963,1963,6,7,2.0,Attchd,1,0,3,0,156.0,NAmes,Gd,Y,TA,Abnorml,RL,2010
534427010,84900,1728,1728.0,13260,98.0,1962,2001,5,6,0.0,,2,0,6,0,144.0,NAmes,TA,Y,TA,Abnorml,RL,2010
534430080,142125,1078,1078.0,9717,68.0,1950,1996,5,6,1.0,Attchd,1,0,2,0,0.0,NAmes,Gd,Y,TA,Normal,RL,2010
534431050,197600,2461,1140.0,9724,68.0,1952,2002,5,7,2.0,Detchd,2,0,3,2,265.0,NAmes,TA,Y,TA,Normal,RL,2010
534431070,172500,1556,782.0,17360,120.0,1949,1950,6,6,2.0,Attchd,2,0,3,1,340.0,NAmes,TA,Y,TA,Normal,RL,2010
534450180,116500,858,858.0,7207,50.0,1958,2008,5,7,0.0,,1,0,2,0,0.0,BrkSide,TA,Y,TA,Normal,RL,2010
534451150,76500,1306,728.0,5350,55.0,1940,1966,3,2,0.0,,1,0,3,0,0.0,BrkSide,Fa,Y,TA,Normal,RL,2010
534475100,128000,1063,1056.0,9920,80.0,1954,1954,5,5,1.0,Attchd,1,0,3,0,110.0,NAmes,TA,Y,TA,Normal,RL,2010
534476260,153000,1520,1156.0,9600,80.0,1955,1972,6,6,1.0,Basment,1,0,3,2,164.0,NAmes,TA,Y,TA,Normal,RL,2010
534479320,132000,1268,1268.0,7800,78.0,1954,1954,5,6,1.0,Attchd,1,0,2,1,200.0,NAmes,TA,Y,TA,Normal,RL,2010
535101020,178000,1128,1080.0,11380,75.0,1966,2008,6,8,1.0,Attchd,1,0,2,1,216.0,NAmes,Gd,Y,TA,Normal,RL,2010
535106190,154300,2274,1105.0,11600,80.0,1960,1960,5,5,2.0,Detchd,2,0,5,0,361.0,NAmes,TA,Y,TA,Normal,RL,2010
535125010,180000,2207,1947.0,19900,,1970,1989,7,5,2.0,Attchd,2,0,3,1,287.0,NAmes,TA,Y,Gd,Normal,RL,2010
535126040,190000,1888,1517.0,16492,137.0,1966,2002,6,6,2.0,Attchd,2,1,2,1,0.0,NAmes,Gd,Y,TA,Normal,RL,2010
535152010,135000,1604,1604.0,8267,70.0,1958,1958,5,5,2.0,Attchd,2,0,4,0,0.0,NAmes,TA,Y,TA,Normal,RL,2010
535152050,214000,1480,1480.0,8197,70.0,2003,2009,7,5,2.0,Attchd,2,0,3,0,506.0,NAmes,Gd,Y,Gd,Normal,RL,2010
535152130,136000,1143,1143.0,8050,,1959,1959,5,5,1.0,Attchd,1,0,3,0,150.0,NAmes,TA,Y,TA,Normal,RL,2010
535152150,165500,1700,1398.0,10552,70.0,1959,1959,5,5,2.0,Attchd,1,1,4,1,0.0,NAmes,Gd,Y,TA,Normal,RL,2010
535152250,145000,1314,1314.0,8400,70.0,1957,1957,5,6,1.0,Attchd,1,0,3,0,0.0,NAmes,TA,Y,TA,Normal,RL,2010
535153070,148000,1194,1194.0,8760,73.0,1959,1959,6,6,1.0,Attchd,1,0,3,0,220.0,NAmes,TA,Y,TA,Normal,RL,2010
535154050,142000,1188,1188.0,12160,,1959,1959,5,5,2.0,Attchd,1,0,3,0,180.0,NAmes,TA,Y,TA,Abnorml,RL,2010
535175070,167500,1264,1268.0,9300,73.0,1960,1960,5,5,2.0,Attchd,1,0,3,2,324.0,NAmes,TA,Y,TA,Normal,RL,2010
535175180,108538,1206,1206.0,10725,87.0,1959,1959,5,5,1.0,Attchd,1,0,3,0,91.0,NAmes,TA,Y,TA,Normal,RL,2010
535179020,159500,1580,1244.0,10032,80.0,1959,1959,6,5,2.0,Attchd,1,1,3,2,432.0,NAmes,TA,Y,TA,Normal,RL,2010
535180130,108000,1337,832.0,8382,60.0,1956,1956,4,5,1.0,Attchd,1,0,3,0,0.0,NAmes,TA,Y,TA,Normal,RL,2010
535302080,135000,1064,864.0,10950,60.0,1952,1952,5,7,1.0,Detchd,1,0,2,0,0.0,NAmes,Fa,Y,TA,Normal,RL,2010
535302200,122500,972,972.0,10895,119.0,1955,1955,5,6,1.0,Attchd,1,0,3,0,0.0,NAmes,TA,Y,TA,Normal,RL,2010
535304060,119000,988,988.0,13587,70.0,1958,1958,5,5,1.0,Attchd,1,0,2,0,0.0,NAmes,TA,Y,TA,Abnorml,RL,2010
535304180,109000,1057,1057.0,7922,68.0,1953,2007,5,7,1.0,Detchd,1,0,3,0,0.0,NAmes,Gd,Y,TA,Abnorml,RL,2010
535325400,105000,985,576.0,7898,65.0,1920,1994,4,7,2.0,Detchd,1,0,2,0,0.0,NAmes,TA,Y,TA,Normal,RL,2010
535327140,107500,827,0.0,7200,60.0,1955,2007,5,7,1.0,Detchd,1,0,2,1,0.0,NAmes,TA,Y,,Normal,RL,2010
535350030,144900,1086,1086.0,10200,85.0,1954,2003,5,7,2.0,Attchd,1,0,3,0,104.0,NAmes,TA,Y,TA,Normal,RL,2010
535350040,129000,936,936.0,5868,74.0,1956,2000,5,7,1.0,Attchd,1,0,2,0,0.0,NAmes,TA,Y,TA,Normal,RL,2010
535353190,97500,1458,912.0,17503,78.0,1948,1950,6,5,1.0,Attchd,1,0,3,1,0.0,NAmes,TA,Y,TA,Abnorml,RL,2010
535377090,144000,1056,1056.0,6979,64.0,1980,1980,6,5,2.0,Detchd,0,0,0,0,0.0,OldTown,TA,Y,TA,Normal,RL,2010
535401080,162000,1287,1063.0,9830,,1959,2006,5,7,2.0,Detchd,1,0,3,1,0.0,NAmes,Gd,Y,TA,Normal,RL,2010
535425010,242000,2978,710.0,11275,96.0,1967,2007,7,7,2.0,BuiltIn,2,1,5,1,300.0,NAmes,Gd,Y,Gd,Normal,RL,2010
535450210,132000,1224,816.0,8064,60.0,1948,2004,6,8,1.0,Detchd,1,0,3,0,0.0,NAmes,TA,Y,TA,Normal,RL,2010
535453070,154000,1246,1246.0,7500,75.0,1959,1994,5,7,1.0,Attchd,1,1,3,0,0.0,NAmes,Gd,Y,TA,Normal,RL,2010
535454070,166000,1385,910.0,8520,71.0,1952,1952,5,4,2.0,Detchd,2,0,4,0,0.0,NAmes,TA,Y,TA,Normal,RL,2010
535456110,134800,900,900.0,7200,60.0,1951,2000,5,7,2.0,Detchd,1,0,3,0,0.0,NAmes,Gd,Y,TA,Normal,RL,2010
535457010,160000,1116,1116.0,10000,87.0,1962,1962,6,6,2.0,Attchd,1,1,3,0,261.0,NAmes,TA,Y,TA,Normal,RL,2010
535457090,148000,1175,1175.0,7635,81.0,1960,1960,5,6,2.0,Detchd,1,1,3,0,0.0,NAmes,TA,Y,TA,Normal,RL,2010
535476350,192000,1395,1395.0,9760,80.0,1963,1984,6,7,2.0,Attchd,1,0,2,1,218.0,NAmes,TA,Y,TA,Normal,RL,2010
535477020,155000,1839,756.0,7700,70.0,1966,1966,6,5,2.0,Attchd,1,1,4,1,351.0,NAmes,TA,Y,TA,Normal,RL,2010
902102100,80400,1844,709.0,4800,60.0,1900,1954,4,5,1.0,Basment,1,0,3,2,771.0,OldTown,TA,Y,TA,Abnorml,RM,2010
902104060,96500,1140,576.0,8800,55.0,1910,2004,4,7,0.0,,1,0,3,0,0.0,OldTown,TA,Y,TA,Normal,RM,2010
902106130,109500,936,936.0,4485,56.0,1920,1950,5,7,0.0,,1,0,2,1,0.0,OldTown,TA,Y,TA,Normal,RM,2010
902106140,115000,1028,1008.0,8960,56.0,1927,1950,5,6,2.0,Detchd,1,0,2,1,0.0,OldTown,TA,Y,TA,Normal,RM,2010
902110090,143000,1347,1347.0,5805,69.0,1957,1957,5,7,2.0,Detchd,1,0,3,0,0.0,OldTown,Gd,Y,TA,Normal,RM,2010
902125080,107400,1605,840.0,5790,60.0,1915,1950,3,6,1.0,Detchd,2,0,3,0,0.0,OldTown,TA,N,Fa,Normal,RM,2010
902125160,80000,747,747.0,4608,47.0,1945,1950,4,6,1.0,Attchd,1,0,2,0,0.0,OldTown,TA,Y,TA,Normal,RM,2010
902128170,119000,804,788.0,7200,60.0,1940,1992,5,7,1.0,Attchd,1,0,2,2,294.0,OldTown,Gd,Y,TA,Abnorml,RM,2010
902206040,130000,1316,926.0,5500,50.0,1929,2001,5,7,2.0,Detchd,1,0,3,0,0.0,OldTown,TA,Y,TA,Normal,RM,2010
902206130,119000,1251,827.0,6900,50.0,1938,2000,6,7,1.0,Detchd,1,0,3,0,0.0,OldTown,Fa,Y,Gd,Normal,RM,2010
902206220,129000,1633,1027.0,11851,69.0,1948,2009,5,7,1.0,Detchd,1,0,3,1,0.0,OldTown,Gd,Y,TA,Normal,RM,2010
902206240,100000,1245,1008.0,8239,,1920,1962,5,6,1.0,Detchd,1,0,3,0,0.0,OldTown,TA,Y,TA,Normal,RM,2010
902207130,12789,832,678.0,9656,68.0,1923,1970,2,2,2.0,Detchd,1,0,2,1,0.0,OldTown,TA,N,Fa,Abnorml,RM,2010
902207140,105900,720,624.0,8520,60.0,1928,2003,6,8,2.0,Detchd,1,0,2,0,0.0,OldTown,TA,Y,TA,Normal,RM,2010
902305110,150000,1566,930.0,9600,60.0,1900,2003,8,9,1.0,Detchd,2,0,3,0,0.0,OldTown,Gd,N,TA,Abnorml,RM,2010
902327040,139000,1652,686.0,10800,60.0,1915,1950,5,6,1.0,Detchd,2,0,4,0,0.0,OldTown,TA,Y,Fa,Normal,RM,2010
902329030,240000,2268,346.0,9000,50.0,1890,2002,8,9,2.0,Detchd,3,0,3,0,0.0,OldTown,Gd,Y,Fa,Normal,RM,2010
902401060,76500,2256,840.0,9045,100.0,1910,1950,5,3,0.0,,2,0,4,0,0.0,OldTown,Fa,N,TA,Abnorml,RM,2010
902402010,149700,1236,912.0,7407,90.0,1957,1996,6,7,2.0,Attchd,1,0,2,0,0.0,OldTown,TA,Y,TA,Normal,RM,2010
902402130,125500,1363,622.0,7740,60.0,1910,1950,4,7,2.0,Detchd,1,0,3,0,0.0,OldTown,TA,Y,Fa,Normal,RM,2010
902402250,122500,2290,777.0,11340,60.0,1885,1950,4,6,2.0,Detchd,2,0,4,0,0.0,OldTown,TA,Y,TA,Normal,RM,2010
902403070,140750,1470,738.0,10560,60.0,1922,1994,6,7,2.0,Detchd,1,1,2,0,0.0,OldTown,TA,Y,Fa,Normal,RM,2010
903204040,128500,1612,988.0,5830,53.0,1950,1997,5,6,1.0,Detchd,1,1,3,0,0.0,BrkSide,TA,Y,TA,Normal,RM,2010
903206120,209500,2068,1108.0,7793,,1922,2005,7,7,1.0,Detchd,1,1,3,1,0.0,BrkSide,Gd,N,Gd,Normal,RL,2010
903225150,87000,765,765.0,5000,50.0,1925,1950,4,7,1.0,Detchd,1,0,2,0,0.0,BrkSide,Gd,N,TA,Normal,RM,2010
903226160,134000,1132,608.0,6000,50.0,1939,1950,6,7,1.0,Detchd,1,0,2,0,0.0,BrkSide,TA,Y,TA,Abnorml,RM,2010
903227020,128000,1196,572.0,6000,50.0,1940,1950,6,6,2.0,Detchd,1,1,3,2,0.0,BrkSide,TA,Y,TA,Normal,RM,2010
903227150,132000,1453,835.0,6360,53.0,1942,1950,5,6,1.0,Detchd,1,1,3,2,300.0,BrkSide,Gd,Y,TA,Normal,RM,2010
903228150,139900,1416,780.0,6000,50.0,1948,1950,6,7,1.0,Detchd,1,1,3,0,0.0,BrkSide,TA,Y,TA,Normal,RM,2010
903232190,123900,1040,528.0,6240,52.0,1936,1980,5,7,2.0,Detchd,1,0,2,0,0.0,BrkSide,TA,Y,TA,Normal,RM,2010
903233120,138400,1536,928.0,6240,52.0,1930,1950,5,5,2.0,Detchd,2,0,4,1,0.0,BrkSide,TA,Y,TA,Normal,RM,2010
903234050,109500,1068,1124.0,6120,51.0,1923,1950,6,5,1.0,Detchd,1,0,2,1,0.0,OldTown,TA,Y,Fa,Normal,RM,2010
903425110,140000,1710,576.0,10300,50.0,1921,1950,7,6,2.0,Detchd,2,0,3,0,0.0,OldTown,TA,Y,TA,Normal,RM,2010
903426180,149500,1962,888.0,8094,57.0,1915,1950,4,5,2.0,Detchd,1,1,4,1,0.0,OldTown,TA,Y,TA,Normal,RM,2010
903426200,159900,1560,780.0,12900,60.0,1912,2009,6,8,0.0,,1,1,3,0,0.0,OldTown,Gd,Y,TA,Normal,RM,2010
903430080,122000,1324,662.0,3068,52.0,1920,1993,6,8,1.0,Detchd,1,0,3,0,0.0,OldTown,TA,Y,TA,Normal,RM,2010
903450110,110000,816,816.0,8472,110.0,1963,1963,5,5,2.0,CarPort,1,0,2,0,0.0,IDOTRR,TA,N,Gd,Normal,RM,2010
903454060,55000,1092,0.0,5600,70.0,1930,1950,4,5,0.0,,2,0,3,0,0.0,IDOTRR,Fa,N,,Normal,RM,2010
903476030,140000,1812,360.0,7630,76.0,1900,1996,5,9,2.0,Detchd,2,0,4,1,0.0,OldTown,Gd,Y,Gd,Normal,RM,2010
904100140,244400,2403,1032.0,24090,,1940,1950,7,7,1.0,Attchd,2,0,4,2,0.0,ClearCr,TA,Y,TA,Normal,RL,2010
904101110,173000,1675,1422.0,15263,100.0,1959,1959,5,5,1.0,Attchd,2,0,3,2,90.0,ClearCr,TA,Y,Gd,Normal,RL,2010
904300150,107500,1224,689.0,10632,72.0,1917,1950,5,3,1.0,Detchd,1,1,3,0,0.0,ClearCr,Po,N,Gd,Normal,RL,2010
904302260,100000,1392,1212.0,9900,60.0,1915,1950,5,4,0.0,,1,0,3,0,0.0,SWISU,TA,N,TA,Normal,RL,2010
904350045,95000,919,600.0,6001,65.0,1940,1950,6,5,1.0,Detchd,1,0,3,0,0.0,SWISU,TA,N,Fa,Normal,RL,2010
904351040,93369,1884,707.0,6449,,1907,1950,4,1,0.0,,1,1,4,0,0.0,SWISU,TA,N,TA,Abnorml,C (all),2010
904352190,114900,1680,856.0,6048,60.0,1910,1950,5,7,2.0,Detchd,2,0,2,1,0.0,SWISU,TA,Y,TA,Normal,RH,2010
905101100,94000,1020,780.0,6342,54.0,1875,1996,5,8,0.0,,1,0,2,0,0.0,Sawyer,TA,N,TA,Normal,RL,2010
905101300,136000,1832,1832.0,10773,72.0,1967,1967,4,3,0.0,,2,0,4,0,72.0,Sawyer,TA,N,TA,Normal,RL,2010
905101310,136500,1768,1768.0,10778,72.0,1968,1968,4,5,0.0,,2,0,4,0,0.0,Sawyer,TA,N,TA,Normal,RL,2010
905102060,131500,1039,1039.0,11625,75.0,1965,1965,5,4,2.0,Attchd,1,1,3,0,0.0,Sawyer,TA,Y,TA,Normal,RL,2010
905103060,121500,1392,1392.0,11341,,1957,1996,5,6,2.0,Detchd,1,1,3,1,180.0,Sawyer,TA,Y,Gd,Normal,RL,2010
905104210,125000,912,912.0,8521,70.0,1967,1967,5,5,1.0,Detchd,1,0,3,1,0.0,Sawyer,TA,Y,TA,Normal,RL,2010
905105070,154000,1060,1060.0,8246,,1968,2001,5,8,1.0,Attchd,1,0,3,1,0.0,Sawyer,Gd,Y,TA,Normal,RL,2010
905105200,137900,892,864.0,7800,65.0,1966,2008,5,7,1.0,Detchd,1,0,3,0,47.0,Sawyer,Gd,Y,TA,Normal,RL,2010
905106140,158000,1352,663.0,9364,80.0,1969,1969,6,7,1.0,Attchd,1,1,4,0,143.0,Sawyer,TA,Y,TA,Normal,RL,2010
905106170,137250,864,864.0,7832,65.0,1968,1968,5,5,1.0,Detchd,1,0,2,0,0.0,Sawyer,TA,Y,TA,Normal,RL,2010
905107110,160250,1373,1319.0,7424,,1978,1978,5,5,2.0,Attchd,1,0,3,2,0.0,Sawyer,TA,Y,Gd,Normal,RL,2010
905107250,163000,1440,720.0,11227,86.0,1968,1968,5,5,2.0,Attchd,1,1,4,2,0.0,Sawyer,TA,Y,TA,Normal,RL,2010
905107320,158900,1386,672.0,11616,,1978,1978,6,5,2.0,Attchd,2,1,3,1,328.0,Sawyer,TA,Y,TA,Abnorml,RL,2010
905109130,328000,2260,1306.0,14000,80.0,1996,1997,7,5,2.0,Attchd,2,1,3,0,0.0,ClearCr,Gd,Y,Ex,Normal,RL,2010
905109170,270000,1483,1420.0,20062,,1977,2001,7,7,2.0,Attchd,1,1,1,2,0.0,ClearCr,TA,Y,Gd,Normal,RL,2010
905201030,85000,756,660.0,9259,94.0,1927,1950,4,4,2.0,Detchd,1,0,2,0,0.0,Sawyer,TA,N,Fa,Normal,RL,2010
905202090,128000,1067,1067.0,9600,60.0,1950,1995,4,7,2.0,Attchd,2,0,2,0,0.0,Sawyer,Gd,Y,Gd,Normal,RL,2010
905325030,260000,1524,1332.0,23595,,1979,1979,7,6,2.0,Attchd,0,1,0,1,0.0,ClearCr,Gd,Y,Gd,Normal,RL,2010
905352140,230000,1981,1117.0,17082,,1978,1992,6,5,2.0,Attchd,2,1,4,1,288.0,ClearCr,Gd,Y,Gd,Normal,RL,2010
905378040,124000,1610,972.0,18600,124.0,1938,1990,3,4,1.0,Attchd,2,0,4,1,0.0,Edwards,Fa,Y,TA,Normal,RL,2010
905426060,83000,835,458.0,10625,85.0,1920,1950,5,5,1.0,Basment,1,0,2,0,0.0,Edwards,TA,N,TA,Abnorml,RL,2010
905426200,144500,1074,663.0,11479,65.0,1950,1987,6,7,1.0,Attchd,1,0,3,1,0.0,Edwards,Gd,Y,TA,Normal,RL,2010
905451320,129000,1144,1144.0,9571,68.0,1956,1956,5,6,1.0,Attchd,1,0,3,0,0.0,Edwards,TA,Y,TA,Normal,RL,2010
905452110,127000,1531,756.0,9350,50.0,1947,1979,4,6,1.0,Detchd,1,0,3,1,0.0,Edwards,TA,Y,TA,Normal,RL,2010
905452160,128000,1172,1172.0,9525,75.0,1954,1998,5,7,1.0,Attchd,1,0,3,0,0.0,Edwards,TA,Y,TA,Normal,RL,2010
905453040,186000,1212,1212.0,10420,83.0,2009,2009,6,5,2.0,Attchd,2,0,3,0,0.0,Edwards,Gd,Y,Gd,Normal,RL,2010
905453080,308030,1508,1508.0,17485,44.0,2009,2010,7,5,2.0,Attchd,1,0,1,2,96.0,Edwards,Gd,Y,Gd,Partial,RL,2010
905475510,114000,1298,1250.0,11200,,1964,1964,5,3,2.0,Detchd,2,0,3,0,0.0,Edwards,TA,Y,TA,Normal,RL,2010
905478190,84900,930,0.0,11100,60.0,1946,2006,4,7,1.0,Detchd,1,0,2,0,0.0,Edwards,Gd,Y,,Abnorml,RL,2010
906201030,178000,1732,741.0,9206,77.0,1985,1985,6,5,2.0,Attchd,2,1,3,1,336.0,SawyerW,Gd,Y,Gd,Normal,RL,2010
906201120,270000,1433,1433.0,11980,83.0,1987,1987,7,5,2.0,Attchd,1,1,1,2,177.0,SawyerW,Gd,Y,Gd,Normal,RL,2010
906204230,218000,1802,946.0,12361,87.0,1993,1993,6,7,4.0,2Types,2,1,3,1,85.0,SawyerW,Gd,Y,Gd,Normal,RL,2010
906223090,236000,1949,1050.0,9938,80.0,1993,1994,7,5,2.0,Attchd,2,1,3,1,246.0,SawyerW,Gd,Y,Gd,Normal,RL,2010
906225210,147000,996,936.0,9069,73.0,1992,1992,6,6,2.0,Attchd,1,0,2,0,0.0,SawyerW,Gd,Y,Gd,Normal,RL,2010
906378100,245350,1694,1694.0,10475,64.0,2008,2008,8,5,3.0,Attchd,2,0,3,0,72.0,CollgCr,Gd,Y,Gd,Normal,RL,2010
906380190,206000,1208,1187.0,6762,64.0,2006,2006,7,5,2.0,Attchd,2,0,2,0,24.0,CollgCr,Gd,Y,Gd,Normal,RL,2010
906385010,198900,1226,1226.0,10402,94.0,2009,2009,7,5,3.0,Attchd,2,0,3,0,0.0,CollgCr,Gd,Y,Gd,Normal,RL,2010
906385020,187000,1222,1222.0,7360,64.0,2010,2010,7,5,2.0,Attchd,2,0,2,0,80.0,CollgCr,Gd,Y,Gd,Normal,RL,2010
906402200,320000,3222,1673.0,12376,90.0,1990,1990,7,5,3.0,Attchd,3,0,5,2,0.0,SawyerW,Gd,Y,Gd,Normal,RL,2010
906425045,138500,1445,676.0,14235,82.0,1900,1993,6,8,2.0,Detchd,2,0,3,0,0.0,SawyerW,TA,Y,Fa,Normal,RL,2010
906477110,155000,1052,1010.0,8816,80.0,1971,1971,6,7,2.0,Attchd,1,0,3,0,80.0,ClearCr,TA,Y,TA,Normal,RL,2010
907125090,159000,965,870.0,11105,82.0,1996,1996,5,5,2.0,Attchd,1,0,2,0,0.0,CollgCr,TA,Y,Gd,Normal,RL,2010
907180050,191000,1692,878.0,9337,,1997,1998,7,5,2.0,Attchd,2,1,3,1,0.0,CollgCr,TA,Y,Gd,Normal,RL,2010
907185060,200500,1682,804.0,8750,70.0,1998,1998,6,5,2.0,Attchd,2,1,3,0,116.0,CollgCr,Gd,Y,Gd,Normal,RL,2010
907200280,150000,1026,1026.0,15240,38.0,1977,2004,5,8,1.0,Attchd,1,1,3,0,0.0,CollgCr,TA,Y,Gd,Normal,RL,2010
907200290,161750,1392,689.0,10900,,1977,1977,6,7,1.0,Attchd,1,1,3,0,153.0,CollgCr,TA,Y,Gd,Normal,RL,2010
907200340,128200,894,894.0,10650,75.0,1976,1976,5,6,1.0,Attchd,1,0,3,0,0.0,CollgCr,TA,Y,TA,Normal,RL,2010
907203070,127000,876,876.0,7480,68.0,1972,1972,5,6,2.0,Detchd,1,0,3,0,0.0,CollgCr,TA,Y,TA,Normal,RL,2010
907250030,318000,1978,1978.0,10389,80.0,2003,2003,8,5,3.0,Attchd,2,1,3,1,320.0,CollgCr,Gd,Y,Gd,Normal,RL,2010
907252120,272000,1601,1581.0,11423,,2001,2002,8,5,2.0,Attchd,2,0,3,1,479.0,CollgCr,Gd,Y,Gd,Normal,RL,2010
907262050,237000,1829,941.0,9548,44.0,2003,2003,7,6,2.0,Attchd,2,1,3,1,223.0,CollgCr,Gd,Y,Gd,Normal,RL,2010
907280040,240000,2098,1040.0,9375,75.0,1997,1997,7,5,2.0,Attchd,2,1,4,1,0.0,CollgCr,Gd,Y,Gd,Normal,RL,2010
907290040,224900,1661,1649.0,12137,48.0,1998,1998,7,5,2.0,Attchd,2,0,3,0,442.0,CollgCr,Gd,Y,Gd,Normal,RL,2010
907290170,143750,848,848.0,4435,,2003,2003,6,5,2.0,Attchd,1,0,1,0,170.0,CollgCr,Gd,Y,Gd,Normal,RM,2010
907290240,143000,848,848.0,4426,,2004,2004,6,5,2.0,Attchd,1,0,1,0,169.0,CollgCr,Gd,Y,Gd,Normal,RM,2010
907401090,232000,1668,1657.0,10635,48.0,2003,2003,8,5,2.0,Attchd,2,0,3,1,171.0,CollgCr,Gd,Y,Gd,Normal,RL,2010
907410080,213000,1484,1473.0,8400,70.0,2004,2005,7,5,2.0,Attchd,2,0,3,0,109.0,CollgCr,Gd,Y,Gd,Normal,RL,2010
907414030,185500,1414,1414.0,8773,65.0,2004,2004,7,5,2.0,Attchd,2,0,3,0,98.0,CollgCr,Gd,Y,Gd,Normal,RL,2010
908102060,84900,640,0.0,8777,67.0,1945,2007,3,6,1.0,Detchd,1,0,2,0,0.0,Edwards,TA,N,,Normal,RL,2010
908102110,155891,992,381.0,8842,68.0,1954,1954,5,6,1.0,Detchd,1,0,3,0,0.0,Edwards,TA,Y,Fa,Abnorml,RL,2010
908102130,100000,1664,0.0,9825,75.0,1965,1965,5,5,0.0,,2,0,4,0,0.0,Edwards,TA,N,,Normal,RL,2010
908102170,144000,1196,1196.0,10044,60.0,1968,1968,5,6,1.0,Attchd,1,0,3,0,0.0,Edwards,TA,Y,Gd,Normal,RL,2010
908102300,64000,1120,744.0,11792,89.0,1948,1950,4,5,2.0,Detchd,1,0,2,0,0.0,Edwards,Fa,N,TA,Abnorml,RL,2010
908103350,125200,1096,1008.0,6305,65.0,1975,1975,6,6,1.0,Detchd,1,0,3,1,0.0,Edwards,TA,Y,TA,Normal,RL,2010
908152080,107000,1117,1029.0,7819,94.0,1976,1976,6,5,2.0,Detchd,1,0,3,1,0.0,Edwards,TA,Y,TA,Abnorml,RL,2010
908203100,90000,960,960.0,6410,64.0,1958,1958,4,5,0.0,,1,0,3,0,0.0,Edwards,TA,Y,TA,Normal,RL,2010
908208020,140000,1121,1121.0,8546,80.0,2003,2004,4,5,2.0,Attchd,2,0,2,0,0.0,Edwards,TA,Y,Gd,Normal,RM,2010
908225320,113000,1487,735.0,8741,52.0,1945,1950,6,4,1.0,Detchd,1,1,3,1,0.0,Edwards,TA,Y,TA,Normal,RL,2010
908226130,80000,924,672.0,12180,60.0,1941,1950,4,4,1.0,Detchd,1,0,2,0,0.0,Edwards,Fa,N,Gd,Normal,RL,2010
908275300,144500,1526,1216.0,8562,68.0,1957,2002,5,6,1.0,Basment,1,0,4,1,145.0,Edwards,TA,Y,TA,Normal,RL,2010
909100080,104000,1296,1107.0,4853,67.0,1924,1999,5,6,1.0,Detchd,2,0,2,1,203.0,SWISU,Fa,N,TA,Normal,RL,2010
909100110,128000,1647,806.0,6858,66.0,1915,1950,6,4,1.0,Detchd,1,1,4,0,0.0,SWISU,Fa,N,Gd,Normal,RL,2010
909101070,58500,864,864.0,8212,45.0,1914,1950,3,3,1.0,Detchd,1,0,2,0,0.0,Edwards,TA,N,TA,Normal,RL,2010
909176140,127000,1691,1026.0,5000,50.0,1924,1950,5,6,1.0,Detchd,2,0,3,1,0.0,SWISU,Gd,Y,TA,Normal,RL,2010
909176150,126000,856,856.0,7890,,1939,1950,6,6,2.0,Detchd,1,0,2,1,0.0,SWISU,TA,Y,TA,Normal,RL,2010
909177100,160000,2650,0.0,7200,60.0,1967,1967,4,6,0.0,,3,0,6,0,0.0,SWISU,TA,Y,,Normal,RH,2010
909250030,100000,1666,894.0,9839,51.0,1931,1950,5,2,0.0,,1,0,3,1,0.0,SWISU,TA,Y,TA,Normal,RL,2010
909250060,169000,2447,804.0,9638,50.0,1919,1990,6,7,1.0,Detchd,2,0,4,1,0.0,SWISU,Gd,Y,TA,Normal,RL,2010
909281080,257500,2133,1528.0,10452,78.0,1941,1985,7,6,1.0,Attchd,1,1,4,2,371.0,Crawfor,TA,Y,Gd,Normal,RL,2010
909426080,215000,2177,1032.0,15600,78.0,1950,1991,5,6,2.0,Detchd,2,1,5,0,430.0,Crawfor,TA,Y,TA,Normal,RL,2010
909427230,266500,2340,1152.0,9042,66.0,1941,2006,7,9,1.0,Attchd,2,0,4,2,0.0,Crawfor,Gd,Y,TA,Normal,RL,2010
909428280,335000,1902,1902.0,17500,100.0,1959,2002,7,8,2.0,Attchd,2,0,3,2,0.0,Crawfor,Ex,Y,Gd,Normal,RL,2010
909452114,203135,1652,423.0,19645,85.0,1994,2007,7,6,2.0,BuiltIn,2,1,3,0,44.0,Crawfor,Gd,Y,Gd,Normal,RL,2010
909455030,185000,1034,982.0,3907,35.0,1989,1989,8,6,2.0,Attchd,1,0,1,1,0.0,Blueste,Gd,Y,Gd,Normal,RM,2010
909455040,162500,1191,1191.0,3907,35.0,1989,1989,8,5,2.0,Attchd,2,0,2,1,0.0,Blueste,Gd,Y,Gd,Normal,RM,2010
909475140,289000,1801,1501.0,15602,100.0,1959,1997,7,8,2.0,Attchd,2,0,1,2,0.0,Crawfor,TA,Y,TA,Normal,RL,2010
910202060,125500,1154,796.0,5436,40.0,1922,2007,4,8,1.0,Detchd,1,0,3,0,0.0,IDOTRR,Gd,Y,TA,Normal,RM,2010
910203250,82000,540,480.0,8154,58.0,1941,1950,2,5,1.0,Detchd,1,0,1,0,0.0,IDOTRR,TA,Y,TA,Normal,RM,2010
910205120,110000,1107,629.0,9140,50.0,1921,1975,6,5,1.0,Detchd,1,0,2,0,0.0,IDOTRR,TA,Y,TA,Normal,RM,2010
911128180,68400,1128,698.0,7500,60.0,1920,1950,4,4,2.0,Detchd,1,0,2,0,0.0,IDOTRR,TA,Y,TA,Abnorml,C (all),2010
911202100,102776,1178,859.0,8712,66.0,1900,1950,4,7,1.0,Detchd,1,0,2,0,0.0,IDOTRR,TA,Y,TA,Abnorml,C (all),2010
911204090,55993,1044,540.0,8712,66.0,1952,1952,5,5,2.0,Basment,1,0,2,0,0.0,IDOTRR,Fa,N,TA,Alloca,C (all),2010
911204100,50138,952,756.0,8712,66.0,1896,1950,4,7,1.0,Detchd,1,0,3,0,0.0,IDOTRR,TA,Y,TA,Alloca,C (all),2010
911370510,246000,1646,1594.0,3811,44.0,2004,2005,8,5,2.0,Attchd,2,0,2,1,186.0,Crawfor,Gd,Y,Ex,Normal,RM,2010
914467040,254900,1916,1049.0,11050,85.0,1998,1999,8,5,3.0,Attchd,2,1,3,1,0.0,Mitchel,Gd,Y,Gd,Normal,RL,2010
914475090,190000,1285,1243.0,9620,74.0,1977,1977,6,7,2.0,Attchd,2,0,3,1,0.0,Mitchel,Gd,Y,TA,Normal,RL,2010
914476520,201000,1560,1560.0,9196,129.0,2003,2003,7,5,2.0,Attchd,2,0,3,0,0.0,Mitchel,Gd,Y,Ex,Normal,RL,2010
914478045,169900,1034,1012.0,12328,,1976,1976,6,5,3.0,Attchd,1,0,3,0,335.0,Mitchel,TA,Y,TA,Normal,RL,2010
914478110,170000,2048,1958.0,12760,,1976,1976,6,5,2.0,2Types,3,0,5,0,0.0,Mitchel,TA,Y,TA,Normal,RL,2010
916125360,160000,1687,747.0,57200,,1948,1950,5,5,2.0,Detchd,1,0,3,2,0.0,Timber,TA,Y,TA,Normal,RL,2010
916386010,220000,1346,1336.0,11896,88.0,2008,2008,7,5,3.0,Attchd,2,0,3,1,60.0,Timber,Gd,Y,Gd,Normal,RL,2010
916386020,179781,1214,1214.0,9803,73.0,2009,2010,7,5,2.0,Attchd,2,0,2,0,0.0,Timber,Gd,Y,Gd,Partial,RL,2010
916386060,174000,1444,384.0,9802,73.0,2006,2007,5,5,2.0,BuiltIn,2,1,3,0,0.0,Timber,TA,Y,Gd,Normal,RL,2010
916386090,269500,1968,774.0,12003,92.0,2009,2010,8,5,3.0,BuiltIn,2,1,4,1,84.0,Timber,Ex,Y,Ex,Partial,RL,2010
916455170,214900,1894,817.0,11316,80.0,2002,2003,7,5,2.0,BuiltIn,2,1,4,1,44.0,Timber,Gd,Y,Gd,Normal,RL,2010
916475110,202900,1908,967.0,14191,85.0,2002,2002,8,5,2.0,Attchd,2,1,4,0,0.0,Timber,Gd,Y,Gd,Normal,RL,2010
921128020,378500,2018,2002.0,13214,89.0,2008,2009,9,5,3.0,Attchd,2,0,3,1,0.0,Timber,Ex,Y,Ex,Normal,RL,2010
923201020,169000,1264,1068.0,15300,85.0,1965,1977,5,5,2.0,Attchd,1,0,2,1,0.0,Mitchel,TA,Y,TA,Normal,RL,2010
923202105,173500,1430,1430.0,10114,93.0,2004,2005,5,5,2.0,Attchd,2,0,3,0,0.0,Mitchel,Gd,Y,Ex,Normal,RL,2010
923204150,139000,1824,912.0,9400,94.0,1971,1971,6,5,0.0,,2,2,4,0,0.0,Mitchel,TA,Y,TA,Normal,RL,2010
923205015,166500,1344,1344.0,11875,,1999,1999,5,5,2.0,Attchd,2,0,3,1,0.0,Mitchel,TA,Y,Gd,Normal,RL,2010
923225300,83500,1092,546.0,1974,,1973,1973,4,5,1.0,Attchd,1,1,3,0,0.0,MeadowV,TA,Y,TA,Normal,RM,2010
923225390,119500,945,945.0,2394,31.0,1973,1973,5,6,1.0,Attchd,1,0,2,1,0.0,MeadowV,TA,Y,Gd,Normal,RM,2010
923225440,85000,1112,536.0,2592,36.0,1976,1976,5,3,1.0,Attchd,1,1,3,0,0.0,MeadowV,TA,Y,Gd,Normal,RM,2010
923226250,76000,1092,546.0,1476,21.0,1970,1970,4,7,0.0,,1,1,3,0,0.0,MeadowV,TA,Y,TA,Normal,RM,2010
923226320,75500,630,630.0,1491,21.0,1972,1972,4,6,0.0,,1,0,1,0,0.0,MeadowV,TA,Y,Gd,Normal,RM,2010
923228270,88250,1092,546.0,1900,21.0,1970,1970,4,4,0.0,,1,1,3,0,0.0,MeadowV,TA,Y,TA,Normal,RM,2010
923228370,85500,1092,546.0,1890,21.0,1972,1972,4,6,1.0,Attchd,1,1,3,0,0.0,MeadowV,TA,Y,TA,Normal,RM,2010
923230190,130000,874,864.0,6953,50.0,1971,2004,5,7,1.0,Detchd,1,0,3,0,0.0,Mitchel,TA,Y,TA,Normal,RL,2010
923251080,157900,1188,1188.0,26142,,1962,1962,5,7,1.0,Attchd,1,0,3,0,189.0,Mitchel,TA,Y,TA,Normal,RL,2010
923276030,149900,833,833.0,12887,76.0,1984,1984,5,7,2.0,Attchd,1,0,2,0,0.0,Mitchel,Gd,Y,Gd,Normal,RL,2010
923276250,159000,2432,1216.0,7700,70.0,1985,1986,5,2,2.0,Attchd,4,2,4,0,0.0,Mitchel,TA,Y,TA,Normal,RL,2010
923426070,136000,1274,624.0,10475,63.0,1991,1991,5,5,2.0,Detchd,1,1,3,0,0.0,Mitchel,TA,Y,Gd,Normal,RL,2010
924100050,161000,1479,864.0,10544,68.0,1969,1969,5,5,1.0,Attchd,2,0,5,0,0.0,Mitchel,TA,Y,TA,Normal,RL,2010
924151040,285000,1803,1679.0,9892,76.0,1994,1995,8,5,2.0,Attchd,2,1,3,2,0.0,Mitchel,Gd,Y,Gd,Normal,RL,2010
924152030,231000,1797,1152.0,12961,74.0,1993,1994,6,5,2.0,Attchd,2,1,3,1,0.0,Mitchel,Gd,Y,Gd,Normal,RL,2010
526302110,124500,882,882.0,13008,74.0,1956,1956,6,5,1.0,Attchd,1,0,2,0,0.0,NAmes,TA,Y,Fa,Normal,RL,2009
526351100,157000,1434,1434.0,10200,85.0,1974,1974,6,5,2.0,Attchd,2,0,4,1,440.0,NAmes,TA,Y,TA,Normal,RL,2009
526355080,345000,2704,1952.0,13860,75.0,1972,1995,8,7,2.0,Attchd,2,1,4,3,0.0,NAmes,Ex,Y,Gd,Normal,RL,2009
527105070,189500,1608,945.0,10179,88.0,1997,1997,6,5,2.0,Attchd,2,1,3,1,0.0,Gilbert,TA,Y,Gd,Normal,RL,2009
527105130,270000,2283,1008.0,11792,,2003,2003,8,5,3.0,BuiltIn,2,1,4,1,188.0,Gilbert,Gd,Y,Gd,Normal,RL,2009
527107130,189000,1628,384.0,8400,60.0,1996,1997,7,5,2.0,BuiltIn,2,1,3,1,32.0,Gilbert,TA,Y,Gd,Normal,RL,2009
527108070,377500,1746,1746.0,14892,42.0,2006,2007,9,5,3.0,Attchd,2,0,3,2,160.0,Gilbert,Ex,Y,Ex,Normal,RL,2009
527110020,168500,1474,384.0,8530,,1995,1996,7,5,2.0,BuiltIn,2,1,3,1,22.0,Gilbert,TA,Y,Gd,Normal,RL,2009
527127100,375000,2522,2208.0,7296,28.0,2004,2005,8,5,2.0,Attchd,2,0,1,1,0.0,StoneBr,Gd,Y,Ex,Normal,RL,2009
527131030,278000,1659,1501.0,5664,40.0,2000,2000,8,5,2.0,Attchd,2,0,2,1,0.0,StoneBr,Ex,Y,Gd,Normal,RL,2009
527132090,240000,1478,1418.0,7380,61.0,1998,1998,8,5,2.0,Attchd,2,0,2,0,0.0,StoneBr,TA,Y,Gd,Normal,RL,2009
527146010,239500,1734,1587.0,8013,57.0,1995,1996,8,5,2.0,Attchd,2,0,2,0,0.0,StoneBr,Gd,Y,Gd,Normal,RL,2009
527161040,177500,1382,384.0,8923,57.0,1998,1998,7,5,2.0,BuiltIn,2,1,3,1,0.0,Gilbert,TA,Y,Gd,Normal,RL,2009
527162110,185000,1718,832.0,10141,74.0,1998,1998,7,5,2.0,Attchd,2,1,3,1,40.0,Gilbert,TA,Y,Gd,Normal,RL,2009
527162120,191000,1636,952.0,7500,60.0,1998,1999,6,5,2.0,Attchd,2,1,3,1,0.0,Gilbert,TA,Y,Gd,Normal,RL,2009
527163040,178000,1571,799.0,7837,59.0,1993,1994,6,7,2.0,Attchd,2,1,3,1,0.0,Gilbert,TA,Y,Gd,Normal,RL,2009
527163070,185000,1470,680.0,9765,,1993,1993,6,8,2.0,BuiltIn,2,1,3,1,68.0,Gilbert,TA,Y,Gd,Normal,RL,2009
527163130,181316,1516,707.0,8803,,1994,1995,6,5,2.0,Attchd,2,1,3,1,0.0,Gilbert,Gd,Y,Gd,Normal,RL,2009
527164020,166000,1190,1181.0,7250,58.0,1993,1993,6,5,2.0,Attchd,2,0,3,1,45.0,Gilbert,Gd,Y,Gd,Normal,RL,2009
527164060,178000,1593,808.0,9636,,1992,1993,6,5,2.0,BuiltIn,2,1,3,1,0.0,Gilbert,TA,Y,Gd,Normal,RL,2009
527164090,174000,1481,702.0,8125,65.0,1994,1995,6,5,2.0,Attchd,2,1,3,1,0.0,Gilbert,TA,Y,Gd,Normal,RL,2009
527165130,173000,1167,1158.0,9248,,1992,1992,6,6,2.0,Attchd,2,0,3,0,106.0,Gilbert,Gd,Y,Gd,Normal,RL,2009
527166010,225000,1983,978.0,10762,,1999,1999,7,5,2.0,Attchd,2,1,3,1,344.0,Gilbert,Gd,Y,Gd,Normal,RL,2009
527180100,180500,1442,1424.0,11851,99.0,1990,1990,7,5,2.0,Attchd,2,0,3,0,0.0,Gilbert,TA,Y,Gd,Normal,RL,2009
527182110,187500,1360,1220.0,5814,,1984,1984,8,5,2.0,Attchd,1,0,1,1,0.0,StoneBr,Gd,Y,Gd,Abnorml,RL,2009
527214050,501837,2234,2216.0,17423,63.0,2008,2009,9,5,3.0,Attchd,2,0,1,1,748.0,StoneBr,Ex,Y,Ex,Partial,RL,2009
527254020,372500,2046,2046.0,11844,80.0,2008,2008,8,5,3.0,Attchd,2,1,3,1,464.0,StoneBr,Gd,Y,Ex,Partial,RL,2009
527258020,260000,1530,1530.0,16158,124.0,2005,2005,7,5,2.0,Attchd,2,0,3,1,16.0,StoneBr,Gd,Y,Ex,Normal,RL,2009
527276160,185000,1934,1122.0,11900,85.0,1977,1977,5,6,2.0,Attchd,2,1,3,1,157.0,Gilbert,TA,Y,Gd,Normal,RL,2009
527301320,260000,2353,845.0,13005,94.0,1980,1980,7,7,2.0,Attchd,2,1,4,1,278.0,NWAmes,Ex,Y,Gd,Normal,RL,2009
527302175,181000,1586,1362.0,17043,48.0,1979,1998,6,5,2.0,Attchd,2,0,3,1,0.0,NWAmes,TA,Y,Gd,Normal,RL,2009
527326040,82500,1411,1386.0,11900,85.0,1977,1977,7,5,2.0,Attchd,2,0,3,1,209.0,NWAmes,TA,Y,TA,Family,RL,2009
527326150,215000,1602,1602.0,16635,,1977,2000,6,7,2.0,Attchd,2,0,3,1,126.0,NWAmes,Gd,Y,Gd,Normal,RL,2009
527352150,154000,2050,832.0,13250,,1978,1978,7,6,2.0,Attchd,2,1,4,1,256.0,NWAmes,Gd,Y,Gd,Abnorml,RL,2009
527353020,200000,1671,1427.0,10928,80.0,1978,1986,6,6,2.0,Attchd,2,0,3,1,101.0,NWAmes,TA,Y,TA,Normal,RL,2009
527353060,249000,2673,1043.0,12388,,1980,1991,7,7,2.0,BuiltIn,2,1,4,1,229.0,NWAmes,Gd,Y,Gd,Normal,RL,2009
527354100,187500,1472,1372.0,14115,,1980,1980,7,5,2.0,Attchd,2,0,3,2,225.0,NWAmes,TA,Y,Gd,Normal,RL,2009
527354200,184000,1707,1140.0,11088,80.0,1978,1998,6,5,2.0,Attchd,2,0,3,1,144.0,NWAmes,TA,Y,TA,Normal,RL,2009
527355150,278000,2524,2524.0,9600,80.0,1981,1981,8,5,2.0,Attchd,2,1,4,1,0.0,NWAmes,Gd,Y,Gd,Normal,RL,2009
527356040,157000,1601,1271.0,11880,82.0,1978,1978,7,5,2.0,Attchd,2,0,3,1,206.0,NWAmes,TA,Y,Gd,Abnorml,RL,2009
527359050,152000,1370,1090.0,10400,80.0,1976,1976,7,5,2.0,Attchd,2,0,3,1,189.0,NWAmes,TA,Y,Gd,Family,RL,2009
527359180,197500,1868,780.0,10304,,1976,1976,5,7,2.0,Attchd,2,1,4,1,44.0,NWAmes,Gd,Y,TA,Normal,RL,2009
527364030,240900,1884,926.0,7000,70.0,2003,2003,7,5,2.0,Attchd,2,1,3,1,0.0,Somerst,Ex,Y,Gd,Normal,FV,2009
527365030,263435,1935,832.0,8004,75.0,2009,2009,8,5,2.0,BuiltIn,2,1,3,0,110.0,Somerst,TA,Y,Gd,Partial,FV,2009
527366030,220000,1874,1058.0,7500,,2000,2001,8,5,2.0,Attchd,2,1,3,1,0.0,Somerst,Gd,Y,Gd,Normal,FV,2009
527368010,235000,1811,972.0,8470,,2002,2002,8,5,2.0,Attchd,2,1,3,1,0.0,Somerst,Gd,Y,Gd,Normal,FV,2009
527375100,213000,1621,1621.0,9373,,1975,1975,5,7,2.0,Attchd,2,0,3,2,161.0,NWAmes,TA,Y,Gd,Normal,RL,2009
527375180,167900,1116,1116.0,10140,78.0,1974,1974,6,6,2.0,Attchd,2,0,3,1,196.0,NWAmes,TA,Y,TA,Normal,RL,2009
527375210,158000,1193,1176.0,11050,85.0,1975,1975,7,5,2.0,Attchd,2,0,3,1,0.0,NWAmes,TA,Y,TA,Normal,RL,2009
527376100,165000,1350,1064.0,10140,78.0,1974,1974,6,5,2.0,Attchd,2,0,3,1,174.0,NWAmes,TA,Y,Gd,Normal,RL,2009
527378140,158000,2119,689.0,10448,,1972,1972,6,6,2.0,Attchd,2,1,3,1,333.0,NWAmes,TA,Y,TA,Abnorml,RL,2009
527401160,136000,1792,896.0,9000,60.0,1974,1974,5,5,0.0,,2,2,4,0,0.0,NAmes,TA,Y,Gd,Normal,RL,2009
527402220,148500,1002,1002.0,8750,,1970,1970,5,6,2.0,Detchd,1,0,3,0,76.0,NAmes,TA,Y,TA,Normal,RL,2009
527403040,156000,1026,1026.0,7930,61.0,1969,2005,6,8,2.0,Detchd,1,0,3,0,0.0,NAmes,Gd,Y,TA,Normal,RL,2009
527404020,128000,1180,1180.0,7830,,1970,1970,5,5,2.0,Attchd,1,1,2,0,0.0,NAmes,TA,Y,TA,Normal,RL,2009
527404030,143000,1050,1043.0,8510,,1971,1971,5,7,1.0,Attchd,1,1,3,0,178.0,NAmes,TA,Y,Gd,Normal,RL,2009
527405130,76500,864,864.0,7038,60.0,1970,1970,4,6,2.0,Detchd,1,0,3,0,0.0,NAmes,TA,Y,TA,Abnorml,RL,2009
527405160,120500,864,864.0,6960,60.0,1970,1970,4,6,2.0,Detchd,1,0,3,0,0.0,NAmes,Gd,Y,TA,Normal,RL,2009
527405180,124500,864,864.0,8120,70.0,1970,1970,4,7,2.0,Detchd,1,0,3,0,0.0,NAmes,TA,Y,TA,Normal,RL,2009
527425060,97000,864,864.0,10500,70.0,1971,1971,4,6,2.0,Detchd,1,0,2,0,0.0,NAmes,TA,Y,TA,Abnorml,RL,2009
527425110,130000,864,864.0,9000,60.0,1971,2006,4,7,2.0,Detchd,1,0,3,0,0.0,NAmes,TA,Y,TA,Normal,RL,2009
527450280,111000,987,483.0,1680,21.0,1973,1973,6,5,1.0,Detchd,1,1,2,0,504.0,BrDale,TA,Y,TA,Normal,RM,2009
527451110,125000,1365,765.0,2368,24.0,1970,1970,5,6,2.0,Attchd,1,1,3,0,312.0,BrDale,TA,Y,TA,Normal,RM,2009
527451320,112000,1302,630.0,1680,21.0,1971,1971,5,5,1.0,Detchd,2,1,3,0,142.0,BrDale,TA,Y,TA,Abnorml,RM,2009
527451540,97000,987,483.0,1680,21.0,1972,1972,6,6,1.0,Detchd,1,1,2,0,425.0,BrDale,TA,Y,TA,Normal,RM,2009
527451640,118000,987,483.0,1680,21.0,1972,2007,6,8,1.0,Detchd,1,1,2,0,510.0,BrDale,Gd,Y,TA,Normal,RM,2009
527451650,119500,1302,630.0,1680,21.0,1972,1972,5,7,1.0,Detchd,2,1,3,0,268.0,BrDale,TA,Y,TA,Normal,RM,2009
527452060,143750,958,958.0,4928,,1976,1976,6,6,2.0,Attchd,2,0,2,0,0.0,NPkVill,TA,Y,Gd,Normal,RL,2009
527453050,146000,1548,804.0,2308,24.0,1976,1976,6,5,2.0,Detchd,2,1,3,1,0.0,NPkVill,TA,Y,Gd,Normal,RL,2009
527453060,148500,1456,855.0,2280,24.0,1976,1976,6,6,2.0,Attchd,2,1,3,1,0.0,NPkVill,TA,Y,Gd,Normal,RL,2009
527453140,123000,1055,1057.0,2280,24.0,1975,1975,7,5,2.0,Attchd,2,0,2,1,0.0,NPkVill,TA,Y,Gd,Normal,RL,2009
527454050,147000,1322,855.0,2308,24.0,1974,1974,6,5,2.0,Attchd,2,1,3,1,0.0,NPkVill,TA,Y,TA,Normal,RL,2009
527454130,137900,1456,855.0,2349,24.0,1977,1977,6,5,2.0,Attchd,2,1,3,1,0.0,NPkVill,TA,Y,Gd,Normal,RL,2009
527455050,147000,1548,804.0,2364,24.0,1978,1978,6,5,2.0,Detchd,2,1,3,1,0.0,NPkVill,TA,Y,Gd,Normal,RL,2009
527455060,148500,1441,855.0,2289,24.0,1978,1978,6,6,2.0,Attchd,2,1,3,1,0.0,NPkVill,TA,Y,TA,Normal,RL,2009
527455080,138000,1456,855.0,2364,24.0,1978,1978,6,5,2.0,Attchd,2,1,3,1,0.0,NPkVill,TA,Y,Gd,Normal,RL,2009
527455090,128500,836,836.0,2104,24.0,1976,1976,7,6,1.0,Attchd,1,0,2,0,0.0,NPkVill,TA,Y,TA,Normal,RL,2009
527455240,100000,892,892.0,7150,65.0,1967,1967,5,5,1.0,Attchd,1,0,3,0,60.0,NAmes,TA,Y,TA,Normal,RL,2009
527455280,148800,1120,864.0,10710,,1966,2004,5,7,2.0,Attchd,1,0,3,1,165.0,NAmes,TA,Y,TA,Normal,RL,2009
528102040,337500,1718,1700.0,12456,96.0,2006,2007,10,5,3.0,Attchd,2,0,3,1,230.0,NridgHt,Ex,Y,Ex,Normal,RL,2009
528102140,462000,2772,1776.0,14257,110.0,2007,2007,9,5,3.0,BuiltIn,3,1,4,3,726.0,NridgHt,Ex,Y,Ex,Normal,RL,2009
528104070,485000,3140,1926.0,13518,104.0,2008,2009,9,5,3.0,BuiltIn,3,1,4,2,860.0,NridgHt,Ex,Y,Ex,Partial,RL,2009
528106020,555000,2402,3094.0,15431,105.0,2008,2008,10,5,3.0,Attchd,2,0,2,2,200.0,NridgHt,Ex,Y,Ex,Normal,RL,2009
528106070,325000,1652,1652.0,13173,108.0,2006,2007,9,5,2.0,Attchd,2,0,2,2,300.0,NridgHt,Ex,Y,Ex,Normal,RL,2009
528108010,256300,1600,1566.0,14230,110.0,2007,2007,8,5,3.0,Attchd,2,0,3,1,640.0,NridgHt,Gd,Y,Gd,Normal,RL,2009
528108020,253293,2042,2042.0,12704,98.0,2008,2009,8,5,3.0,Attchd,2,1,3,1,306.0,NridgHt,Ex,Y,Ex,Partial,RL,2009
528108040,398800,2690,1365.0,12350,95.0,2009,2009,9,5,3.0,Attchd,2,1,3,1,0.0,NridgHt,Ex,Y,Ex,Partial,RL,2009
528108070,335000,2184,1104.0,11308,96.0,2008,2008,9,5,3.0,Attchd,2,1,3,1,154.0,NridgHt,Ex,Y,Ex,Normal,RL,2009
528108130,404000,2020,2020.0,12350,95.0,2008,2008,9,5,3.0,Attchd,2,0,3,1,450.0,NridgHt,Ex,Y,Ex,Normal,RL,2009
528108140,402861,2020,2006.0,12220,94.0,2009,2009,10,5,3.0,Attchd,2,1,3,1,305.0,NridgHt,Ex,Y,Ex,Partial,RL,2009
528110010,451950,2296,1722.0,13478,97.0,2008,2008,10,5,3.0,BuiltIn,2,1,3,1,420.0,NridgHt,Ex,Y,Ex,Normal,RL,2009
528110020,610000,2674,2630.0,13693,105.0,2007,2007,10,5,3.0,Attchd,2,1,2,2,472.0,NridgHt,Ex,Y,Ex,Normal,RL,2009
528110090,582933,2822,1734.0,13891,107.0,2008,2009,9,5,3.0,BuiltIn,3,1,4,1,424.0,NridgHt,Ex,Y,Ex,Partial,RL,2009
528112040,360000,1736,1736.0,11578,95.0,2008,2008,9,5,3.0,Attchd,2,0,3,1,302.0,NridgHt,Ex,Y,Ex,Normal,RL,2009
528116010,296000,1782,1782.0,16870,129.0,2004,2005,8,5,3.0,Attchd,2,0,3,2,238.0,NridgHt,Gd,Y,Ex,Normal,RL,2009
528118060,409900,2520,1508.0,23303,59.0,2007,2007,8,5,3.0,BuiltIn,2,1,5,1,20.0,NridgHt,Ex,Y,Ex,Family,RL,2009
528120020,255500,1717,1709.0,11146,87.0,2006,2006,8,5,3.0,Attchd,2,0,3,1,250.0,NridgHt,Gd,Y,Ex,Normal,RL,2009
528120030,335000,1743,1739.0,10367,87.0,2008,2008,9,5,3.0,Attchd,2,0,3,1,284.0,NridgHt,Ex,Y,Ex,Normal,RL,2009
528120160,274900,1713,1713.0,9591,76.0,2004,2005,8,5,3.0,Attchd,2,0,3,1,262.0,NridgHt,Ex,Y,Ex,Normal,RL,2009
528120170,300000,1531,1504.0,10872,77.0,2006,2006,9,5,3.0,Attchd,2,0,2,1,122.0,NridgHt,Ex,Y,Ex,Normal,RL,2009
528138010,324000,1808,1774.0,13514,102.0,2008,2008,9,5,3.0,Attchd,2,0,3,1,285.0,NridgHt,Ex,Y,Ex,Normal,RL,2009
528142040,350000,2224,1462.0,8834,74.0,2004,2005,9,5,3.0,Attchd,2,1,4,1,216.0,NridgHt,Ex,Y,Ex,Normal,RL,2009
528142090,280000,1836,1836.0,11362,107.0,2004,2005,8,5,3.0,Attchd,2,0,3,1,42.0,NridgHt,Gd,Y,Ex,Normal,RL,2009
528142130,284000,1629,3206.0,10655,85.0,2003,2004,8,5,3.0,Attchd,2,0,3,1,296.0,NridgHt,Gd,Y,Gd,Normal,RL,2009
528142150,269500,1760,1760.0,12878,90.0,2003,2004,7,5,2.0,Attchd,2,0,3,1,418.0,NridgHt,Gd,Y,Gd,Normal,RL,2009
528144020,233170,1502,1502.0,9541,79.0,2009,2009,7,5,2.0,Attchd,2,0,3,0,268.0,NridgHt,Gd,Y,Gd,Partial,RL,2009
528166060,386250,2392,2392.0,13472,103.0,2003,2003,10,5,3.0,Attchd,2,0,3,1,922.0,NridgHt,Ex,Y,Ex,Normal,RL,2009
528166090,445000,2452,2452.0,15274,110.0,2003,2003,9,5,3.0,Attchd,2,0,3,1,724.0,NridgHt,Ex,Y,Ex,Normal,RL,2009
528168030,290000,2400,1082.0,13262,96.0,2003,2004,8,5,3.0,BuiltIn,3,1,4,1,186.0,NridgHt,Gd,Y,Gd,Normal,RL,2009
528172060,255900,1606,1598.0,9658,70.0,2006,2006,8,5,3.0,Attchd,2,0,3,1,383.0,NridgHt,Gd,Y,Gd,Normal,RL,2009
528174050,213000,1358,1358.0,6904,47.0,2005,2005,6,5,2.0,Attchd,2,0,2,1,240.0,NridgHt,Gd,Y,Gd,Normal,RL,2009
528174060,196000,1306,1306.0,5381,34.0,2005,2005,6,5,2.0,Attchd,2,0,1,1,135.0,NridgHt,Gd,Y,Gd,Normal,RL,2009
528174070,184500,1306,1306.0,5122,34.0,2005,2005,6,5,2.0,Attchd,2,0,1,1,135.0,NridgHt,Gd,Y,Gd,Normal,RL,2009
528175050,212500,1358,1350.0,10307,80.0,2007,2008,7,5,2.0,Attchd,2,0,2,1,176.0,NridgHt,Gd,Y,Gd,Normal,RL,2009
528175060,230000,1314,1314.0,5001,34.0,2007,2008,7,5,2.0,Attchd,2,0,2,1,166.0,NridgHt,Gd,Y,Gd,Normal,RL,2009
528176030,552000,2492,2492.0,14836,100.0,2004,2005,10,5,3.0,Attchd,2,1,2,1,730.0,NridgHt,Ex,Y,Ex,Abnorml,RL,2009
528178010,382500,2200,2200.0,15262,117.0,2003,2004,8,5,3.0,Attchd,2,1,3,1,470.0,NridgHt,Ex,Y,Ex,Normal,RL,2009
528180120,320000,1884,1884.0,7390,44.0,2008,2009,9,5,2.0,Attchd,2,0,2,1,308.0,NridgHt,Ex,Y,Ex,Partial,RL,2009
528180130,248500,1456,1451.0,6472,48.0,2008,2008,9,5,2.0,Attchd,2,0,2,1,500.0,NridgHt,Ex,Y,Ex,Normal,RL,2009
528186010,286500,1712,1712.0,16770,129.0,2002,2003,8,5,3.0,Attchd,2,0,3,1,270.0,NridgHt,Gd,Y,Ex,Normal,RL,2009
528186180,254000,1324,1324.0,6240,48.0,2006,2006,8,5,2.0,Attchd,2,0,2,1,176.0,NridgHt,Gd,Y,Gd,Normal,RL,2009
528188020,173000,1405,1405.0,3480,48.0,2003,2003,7,5,2.0,Attchd,2,0,2,1,163.0,NridgHt,Gd,Y,Gd,Normal,RL,2009
528188060,173000,1626,764.0,2268,36.0,2003,2004,7,5,2.0,BuiltIn,2,0,2,0,106.0,NridgHt,Gd,Y,Gd,Normal,RL,2009
528218090,184000,1456,728.0,10928,63.0,2005,2005,7,5,2.0,Attchd,2,1,3,1,0.0,Gilbert,Gd,Y,Gd,Normal,RL,2009
528220040,167800,1490,745.0,8918,57.0,2005,2006,6,5,2.0,Attchd,2,1,3,1,0.0,Gilbert,Gd,Y,Gd,Normal,RL,2009
528221060,174000,1484,742.0,12589,149.0,2005,2005,6,5,2.0,Attchd,2,1,3,1,0.0,Gilbert,Gd,Y,Gd,Normal,RL,2009
528221070,174000,1560,684.0,11911,122.0,2005,2005,6,5,2.0,BuiltIn,2,1,3,1,0.0,Gilbert,Gd,Y,Gd,Normal,RL,2009
528228290,174000,1555,1373.0,3684,53.0,2007,2007,7,5,3.0,Attchd,2,0,2,1,130.0,Blmngtn,Gd,Y,Gd,Normal,RL,2009
528228295,175900,1569,1386.0,3635,51.0,2007,2007,7,5,3.0,Attchd,2,0,1,1,130.0,Blmngtn,Gd,Y,Gd,Normal,RL,2009
528228435,192500,1555,1373.0,3182,43.0,2005,2006,7,5,2.0,Attchd,2,0,2,1,16.0,Blmngtn,Gd,Y,Gd,Normal,RL,2009
528228450,181000,1504,1346.0,3182,43.0,2005,2006,7,5,2.0,Attchd,2,0,1,1,16.0,Blmngtn,Gd,Y,Gd,Normal,RL,2009
528228455,180000,1220,1220.0,3182,43.0,2005,2006,7,5,2.0,Attchd,2,0,2,1,16.0,Blmngtn,Gd,Y,Gd,Normal,RL,2009
528228460,160200,1145,1145.0,3182,43.0,2005,2006,7,5,2.0,Attchd,2,0,2,1,11.0,Blmngtn,Gd,Y,Gd,Normal,RL,2009
528235010,188500,1432,716.0,7795,71.0,2004,2005,7,5,2.0,Attchd,2,1,3,1,0.0,Gilbert,Gd,Y,Gd,Normal,RL,2009
528235090,200000,2267,1010.0,8068,,2002,2002,6,5,2.0,BuiltIn,2,1,4,1,0.0,Gilbert,Gd,Y,Gd,Normal,RL,2009
528235200,170000,1374,384.0,9434,59.0,2004,2005,7,5,2.0,BuiltIn,2,1,3,1,0.0,Gilbert,Gd,Y,Gd,Normal,RL,2009
528240030,189500,1630,868.0,7984,62.0,2004,2005,7,5,2.0,BuiltIn,2,1,3,1,200.0,Gilbert,Gd,Y,Gd,Normal,RL,2009
528240060,184100,1419,408.0,7750,,2002,2002,8,5,2.0,BuiltIn,2,1,3,1,0.0,Gilbert,Gd,Y,Gd,Normal,RL,2009
528240150,195500,1594,846.0,10125,61.0,2004,2004,7,5,2.0,Attchd,2,1,3,1,0.0,Gilbert,Gd,Y,Gd,Normal,RL,2009
528250020,192000,1489,782.0,8965,,2003,2003,7,5,2.0,Attchd,2,1,3,1,0.0,Gilbert,Gd,Y,Gd,Normal,RL,2009
528250040,178000,1342,698.0,8174,,2003,2003,7,5,2.0,Attchd,2,1,3,1,0.0,Gilbert,Gd,Y,Gd,Normal,RL,2009
528253010,207500,1314,1314.0,5063,34.0,2007,2008,7,5,2.0,Attchd,2,0,2,1,166.0,NridgHt,Gd,Y,Gd,Normal,RL,2009
528275070,236000,2256,952.0,8795,,2000,2000,7,5,2.0,BuiltIn,2,1,4,1,0.0,Gilbert,Gd,Y,Gd,Normal,RL,2009
528275160,257500,2004,870.0,12891,,2002,2002,8,5,3.0,BuiltIn,2,1,4,1,,Gilbert,Gd,Y,Ex,Normal,RL,2009
528280230,244000,2054,992.0,12224,,2000,2000,6,5,2.0,BuiltIn,2,1,3,1,40.0,Gilbert,Gd,Y,Gd,Normal,RL,2009
528290030,167000,1374,384.0,9734,61.0,2004,2004,7,5,2.0,BuiltIn,2,1,3,0,0.0,Gilbert,Gd,Y,Gd,Normal,RL,2009
528290120,179000,1800,982.0,8123,60.0,2000,2000,6,5,2.0,Attchd,2,1,3,1,16.0,Gilbert,TA,Y,Gd,Normal,RL,2009
528290180,190000,1514,794.0,8433,42.0,2000,2000,6,5,2.0,Attchd,2,1,3,1,0.0,Gilbert,TA,Y,Gd,Normal,RL,2009
528290190,156000,1430,384.0,7750,62.0,1999,2000,7,5,2.0,BuiltIn,2,1,3,1,0.0,Gilbert,TA,Y,Gd,Normal,RL,2009
528292030,245000,2312,1177.0,15896,,1999,1999,7,5,3.0,BuiltIn,2,1,4,1,210.0,Gilbert,Gd,Y,Gd,Normal,RL,2009
528292040,181000,1675,841.0,24682,,1999,1999,6,5,2.0,BuiltIn,2,1,3,1,0.0,Gilbert,TA,Y,Gd,Normal,RL,2009
528292070,214000,2060,992.0,8755,,1999,1999,7,5,2.0,BuiltIn,2,1,3,1,298.0,Gilbert,Gd,Y,Gd,Normal,RL,2009
528294050,168000,1430,384.0,7848,64.0,1999,1999,7,6,2.0,BuiltIn,2,1,3,1,0.0,Gilbert,TA,Y,TA,Normal,RL,2009
528315090,337000,2365,1252.0,9430,82.0,1999,1999,8,5,3.0,Attchd,2,1,3,1,673.0,NoRidge,Gd,Y,Gd,Normal,RL,2009
528321010,403000,2794,1462.0,15138,174.0,1995,1996,8,5,3.0,Attchd,2,1,4,1,506.0,NoRidge,Ex,Y,Gd,Normal,RL,2009
528327070,327000,2687,1455.0,12720,106.0,2000,2000,8,5,3.0,BuiltIn,2,1,4,2,150.0,NoRidge,Gd,Y,Gd,Normal,RL,2009
528344040,340000,2450,1284.0,16545,,1998,1998,8,5,3.0,Attchd,2,1,3,1,731.0,NoRidge,Gd,Y,Gd,Normal,RL,2009
528344100,336000,2612,1225.0,12203,98.0,1998,1999,8,5,3.0,Attchd,2,1,4,1,975.0,NoRidge,Gd,Y,Gd,Normal,RL,2009
528354050,265000,2344,1264.0,10208,79.0,1996,1997,7,5,3.0,Attchd,2,1,3,1,921.0,NoRidge,Gd,Y,Gd,Normal,RL,2009
528363050,315000,2063,2024.0,10750,,1994,1995,8,5,3.0,Attchd,2,0,3,2,634.0,NoRidge,Gd,Y,Gd,Normal,RL,2009
528365070,260000,2646,1347.0,9900,90.0,1993,1993,7,5,3.0,Attchd,2,1,4,1,256.0,NoRidge,Gd,Y,Gd,Normal,RL,2009
528385050,260000,2061,1070.0,9085,79.0,1995,1996,7,5,2.0,Attchd,2,1,3,1,286.0,NoRidge,Gd,Y,Gd,Normal,RL,2009
528387030,263550,2232,1173.0,11692,,1993,1994,8,5,2.0,Attchd,2,1,3,1,372.0,NoRidge,Gd,Y,Gd,Normal,RL,2009
528390100,402000,2448,1629.0,46589,52.0,1994,2005,8,7,3.0,Attchd,2,1,4,1,528.0,NoRidge,Gd,Y,Gd,Normal,RL,2009
528390210,248000,1850,973.0,29959,,1994,1994,7,6,2.0,BuiltIn,2,1,3,1,0.0,NoRidge,Gd,Y,Gd,Normal,RL,2009
528427020,244600,1468,1468.0,9612,74.0,2008,2009,8,5,3.0,Attchd,2,0,3,1,72.0,Somerst,Gd,Y,Gd,Partial,RL,2009
528431020,275000,1696,1696.0,11194,86.0,2008,2008,8,5,3.0,Attchd,2,0,3,0,240.0,Somerst,Gd,Y,Gd,Normal,RL,2009
528431070,257500,1658,1614.0,10206,78.0,2008,2008,8,5,3.0,Attchd,2,1,3,1,294.0,Somerst,Gd,Y,Gd,Normal,RL,2009
528435030,287090,1578,1573.0,9262,78.0,2008,2009,8,5,3.0,Attchd,2,0,3,1,194.0,Somerst,Ex,Y,Gd,Partial,RL,2009
528435050,275500,1702,1702.0,10130,85.0,2007,2007,8,5,3.0,Attchd,2,0,3,1,260.0,Somerst,Gd,Y,Gd,Normal,RL,2009
528439060,245000,1432,1422.0,9139,76.0,2006,2006,8,5,2.0,Attchd,2,0,3,1,206.0,Somerst,Gd,Y,Ex,Normal,RL,2009
528441020,253000,1971,1113.0,9675,75.0,2005,2005,7,5,2.0,Attchd,2,1,3,1,0.0,Somerst,Gd,Y,Gd,Normal,RL,2009
528441090,468000,2490,2458.0,11128,85.0,2005,2006,9,5,3.0,Attchd,2,0,2,2,198.0,Somerst,Ex,Y,Ex,Normal,RL,2009
528456180,252678,1852,900.0,8640,72.0,2009,2009,7,5,2.0,Attchd,2,1,3,1,0.0,Somerst,Gd,Y,Gd,Partial,FV,2009
528456220,210000,1590,768.0,9000,75.0,2008,2008,8,5,2.0,Attchd,2,1,3,0,0.0,Somerst,Gd,Y,Gd,Normal,FV,2009
528456240,208300,1218,1218.0,7862,75.0,2009,2009,6,5,2.0,Attchd,2,0,2,0,0.0,Somerst,Gd,Y,Gd,Partial,FV,2009
528458020,225000,1436,1436.0,7993,90.0,2008,2009,7,5,2.0,Attchd,2,0,3,0,,Somerst,Gd,Y,Ex,Partial,FV,2009
528458040,229456,1314,1300.0,8640,72.0,2009,2009,8,5,2.0,Attchd,2,0,3,0,72.0,Somerst,Gd,Y,Gd,Partial,FV,2009
528458060,229800,1402,1402.0,8640,72.0,2008,2008,7,5,2.0,Attchd,2,0,3,0,0.0,Somerst,Gd,Y,Gd,Normal,FV,2009
528458140,250000,1530,1530.0,12606,112.0,2007,2008,9,5,3.0,Attchd,2,0,3,1,120.0,Somerst,Gd,Y,Gd,Normal,FV,2009
528458160,370878,1766,1766.0,9187,85.0,2009,2009,9,5,3.0,Attchd,2,1,2,1,162.0,Somerst,Ex,Y,Ex,Partial,FV,2009
528458180,238500,1448,1372.0,7500,75.0,2006,2007,8,5,2.0,Attchd,2,0,2,1,238.0,Somerst,Gd,Y,Gd,Normal,FV,2009
528477050,310000,2007,1017.0,11003,85.0,2008,2008,10,5,3.0,Attchd,2,1,3,1,160.0,Somerst,Ex,Y,Ex,Normal,FV,2009
528477070,270000,1795,900.0,10603,84.0,2006,2006,8,5,3.0,Attchd,2,1,3,1,121.0,Somerst,Gd,Y,Ex,Normal,FV,2009
528480040,252000,1953,1082.0,10574,85.0,2005,2006,8,5,3.0,Attchd,2,1,3,1,0.0,Somerst,Gd,Y,Gd,Normal,FV,2009
528480130,241000,1550,1092.0,8125,65.0,2006,2007,7,5,2.0,Attchd,2,0,2,0,100.0,Somerst,Gd,Y,Gd,Normal,FV,2009
528480170,264500,1836,1836.0,8125,65.0,2008,2009,8,5,2.0,Attchd,2,0,3,1,288.0,Somerst,Gd,Y,Gd,Partial,FV,2009
528482040,291000,1662,1652.0,10625,85.0,2006,2007,7,5,3.0,Attchd,2,0,3,1,0.0,Somerst,Ex,Y,Gd,Normal,FV,2009
528482130,263000,2094,912.0,9375,75.0,2003,2004,7,5,2.0,BuiltIn,2,1,4,1,0.0,Somerst,Gd,Y,Gd,Normal,FV,2009
528488100,185000,1221,1221.0,7500,62.0,2004,2005,7,5,2.0,Attchd,2,0,2,0,0.0,Somerst,Gd,Y,Gd,Normal,FV,2009
528490040,234500,1553,1553.0,8736,68.0,2003,2004,7,5,2.0,Attchd,2,0,3,0,0.0,Somerst,Gd,Y,Gd,Normal,FV,2009
528490070,209000,1653,812.0,8127,65.0,2003,2003,7,5,2.0,Attchd,2,1,3,0,0.0,Somerst,Gd,Y,Gd,Normal,FV,2009
531363010,159000,1218,1218.0,9605,80.0,2007,2007,7,6,2.0,Detchd,1,1,3,0,0.0,SawyerW,Gd,Y,Gd,Normal,RL,2009
531363030,152000,1141,1141.0,7500,63.0,2006,2006,7,5,2.0,Detchd,1,1,3,0,0.0,SawyerW,Gd,Y,Gd,Normal,RL,2009
531363050,143500,1158,1158.0,7500,63.0,2004,2004,6,5,0.0,,1,1,3,0,0.0,SawyerW,Gd,Y,Gd,Normal,RL,2009
531369010,193000,1812,835.0,10628,96.0,2004,2004,7,5,2.0,BuiltIn,2,1,3,0,0.0,SawyerW,Gd,Y,Gd,Normal,RL,2009
531369020,203000,1512,1512.0,10141,76.0,2004,2004,8,5,3.0,Attchd,2,0,3,0,264.0,SawyerW,Gd,Y,Gd,Normal,RL,2009
531371050,184900,1200,1176.0,10083,67.0,2003,2003,7,5,2.0,Attchd,2,0,2,0,,SawyerW,Gd,Y,Gd,Normal,RL,2009
531375040,159000,1114,1114.0,13072,63.0,2004,2005,7,5,2.0,Detchd,1,1,3,0,0.0,SawyerW,Gd,Y,Gd,Normal,RL,2009
531375090,142000,1114,1114.0,13072,63.0,2004,2004,5,5,0.0,,1,1,3,0,0.0,SawyerW,Gd,Y,Gd,Normal,RL,2009
531375130,153000,1114,1114.0,12450,60.0,2003,2004,5,5,2.0,Detchd,2,0,3,0,0.0,SawyerW,Gd,Y,Gd,Normal,RL,2009
531376090,224243,1450,1450.0,7328,61.0,2008,2009,7,5,3.0,Attchd,2,0,2,0,140.0,SawyerW,Gd,Y,Gd,Partial,RL,2009
531379050,220000,2122,913.0,11492,43.0,1996,1997,7,5,2.0,Attchd,2,1,4,1,132.0,SawyerW,Gd,Y,Gd,Normal,RL,2009
531382070,257000,1844,1844.0,10994,88.0,2005,2006,8,5,2.0,Attchd,2,0,2,1,366.0,SawyerW,Gd,Y,Gd,Abnorml,RL,2009
531385020,189000,1434,1454.0,8529,65.0,2001,2001,7,5,2.0,Attchd,2,0,3,1,0.0,SawyerW,Gd,Y,Gd,Normal,RL,2009
531450120,171500,1730,816.0,7703,70.0,1992,1992,6,6,2.0,Attchd,2,1,3,0,0.0,SawyerW,Gd,Y,Gd,Normal,RL,2009
531452010,120000,1217,626.0,10762,75.0,1980,1980,6,6,1.0,Attchd,1,1,3,1,0.0,SawyerW,TA,Y,Gd,Normal,RL,2009
531452070,145000,1332,1332.0,7175,50.0,1990,1991,6,5,2.0,Attchd,2,0,2,0,0.0,SawyerW,Gd,Y,Gd,Normal,RL,2009
531452260,184000,1540,754.0,9109,70.0,1994,1994,7,5,2.0,Attchd,2,1,3,0,0.0,SawyerW,Gd,Y,Gd,Normal,RL,2009
531453100,162000,1400,676.0,10274,,1986,1986,6,7,2.0,Attchd,2,1,3,0,141.0,SawyerW,TA,Y,Gd,Normal,RL,2009
531475220,160000,1882,0.0,8250,75.0,1981,1981,6,7,2.0,Attchd,2,0,4,2,0.0,SawyerW,TA,Y,,Normal,RL,2009
531477020,82000,841,721.0,8400,60.0,1950,1950,4,4,1.0,CarPort,1,0,2,0,0.0,SawyerW,TA,Y,TA,Normal,RH,2009
531479020,76000,784,784.0,9000,60.0,1928,1950,6,3,2.0,Detchd,1,0,2,0,0.0,SawyerW,TA,N,Fa,Normal,RH,2009
532353020,110000,980,980.0,9750,63.0,1962,1962,5,5,2.0,Detchd,1,0,3,0,0.0,Sawyer,TA,Y,TA,Normal,RL,2009
532353130,135000,980,980.0,7064,71.0,1977,1977,5,6,2.0,Detchd,1,0,3,0,153.0,Sawyer,TA,Y,TA,Normal,RL,2009
532354160,141000,864,864.0,8499,,1961,1961,5,6,2.0,Detchd,1,0,3,0,0.0,Sawyer,TA,Y,TA,Normal,RL,2009
532354230,122000,864,864.0,9079,,1961,1961,5,5,1.0,Attchd,1,0,2,0,0.0,Sawyer,TA,Y,TA,Normal,RL,2009
532376070,124100,1020,1024.0,9316,,1965,1965,5,5,1.0,Attchd,2,0,3,0,0.0,Sawyer,TA,Y,TA,Family,RL,2009
532376110,129000,912,912.0,7791,,1963,1995,5,8,1.0,Attchd,1,0,3,0,0.0,Sawyer,Gd,Y,TA,Normal,RL,2009
532377130,131400,1144,864.0,10000,80.0,1961,1983,5,6,1.0,Attchd,1,0,3,1,0.0,Sawyer,TA,Y,TA,Normal,RL,2009
532378120,62383,864,864.0,8281,60.0,1965,1965,5,5,1.0,Detchd,1,0,3,1,0.0,Sawyer,TA,Y,TA,Normal,RL,2009
532378180,123000,912,912.0,7150,65.0,1962,1962,5,6,1.0,Attchd,1,0,3,0,60.0,Sawyer,TA,Y,TA,Normal,RL,2009
532478020,275000,2014,2014.0,15676,,1980,1980,8,8,3.0,Attchd,2,0,2,2,115.0,Veenker,Gd,Y,Gd,Normal,RL,2009
533135020,235000,1755,975.0,11949,,1991,2008,7,8,2.0,Attchd,2,1,3,1,196.0,NoRidge,Gd,Y,Gd,Normal,RL,2009
533206020,280750,3005,1376.0,2880,32.0,2004,2005,7,5,3.0,BuiltIn,2,1,3,1,0.0,Somerst,Gd,Y,Gd,Normal,FV,2009
533210010,164500,1224,612.0,3951,40.0,2009,2009,6,5,2.0,Detchd,2,1,2,0,76.0,Somerst,Gd,Y,Gd,Partial,FV,2009
533210020,173733,1224,612.0,3000,30.0,2009,2009,6,5,2.0,Detchd,2,1,2,0,76.0,Somerst,Gd,Y,Gd,Partial,FV,2009
533213010,222000,1726,1726.0,3830,,2008,2008,6,5,2.0,Attchd,2,1,2,1,280.0,Somerst,Gd,Y,Gd,Partial,FV,2009
533213020,195000,1256,1145.0,4217,,2008,2008,6,5,2.0,Attchd,1,1,1,1,252.0,Somerst,Gd,Y,Gd,Normal,FV,2009
533213040,172500,1471,729.0,3230,34.0,1999,1999,6,5,2.0,Detchd,2,1,3,0,894.0,Somerst,TA,Y,Gd,Normal,FV,2009
533221040,180000,1512,756.0,2998,34.0,2000,2000,6,5,2.0,Detchd,2,1,2,0,513.0,Somerst,Gd,Y,Gd,Normal,FV,2009
533223030,156000,1452,691.0,3768,35.0,1999,1999,7,5,2.0,Detchd,2,1,3,0,218.0,Somerst,Gd,Y,Gd,Normal,FV,2009
533236050,172500,1739,970.0,2645,24.0,1999,2000,8,5,2.0,Attchd,2,1,3,0,456.0,Somerst,Gd,Y,Gd,Abnorml,FV,2009
533252040,318750,1694,1694.0,14694,,1977,2008,8,9,2.0,Attchd,2,0,2,1,450.0,Veenker,Ex,Y,Gd,Normal,RL,2009
533253070,211500,1226,1226.0,3782,61.0,1981,1981,8,5,2.0,Attchd,1,0,1,2,0.0,Greens,Gd,Y,Gd,Normal,RL,2009
533254050,241600,1740,1740.0,15417,110.0,1981,1981,7,5,2.0,Attchd,1,1,2,0,0.0,Veenker,Gd,Y,Gd,Normal,RL,2009
533254110,180500,2499,392.0,9600,80.0,1976,1976,8,5,2.0,Attchd,2,1,4,1,200.0,Veenker,TA,Y,TA,Abnorml,RL,2009
533352150,150000,1620,1281.0,9991,,1976,1993,4,4,2.0,Attchd,2,0,3,1,0.0,Sawyer,TA,Y,TA,Normal,RL,2009
534125080,154000,1556,727.0,11700,78.0,1968,1968,6,6,2.0,Attchd,1,1,4,0,0.0,NWAmes,TA,Y,TA,Normal,RL,2009
534127130,185000,1442,1442.0,11717,,1970,1970,6,6,2.0,Attchd,2,0,2,1,571.0,NWAmes,TA,Y,TA,Normal,RL,2009
534127170,185750,1489,1489.0,9156,,1968,1968,6,7,2.0,Attchd,2,0,3,1,0.0,NWAmes,Gd,Y,TA,Normal,RL,2009
534128010,200000,2090,1107.0,10382,,1973,1973,7,6,2.0,Attchd,2,1,3,2,240.0,NWAmes,TA,Y,Gd,Normal,RL,2009
534128020,206000,2067,752.0,12732,,1974,1974,7,6,2.0,Attchd,2,1,3,2,0.0,NWAmes,Gd,Y,TA,Normal,RL,2009
534128100,162000,1395,723.0,12936,,1972,1972,6,6,2.0,Attchd,1,1,3,1,0.0,NWAmes,TA,Y,TA,Normal,RL,2009
534128190,256900,2640,932.0,10400,80.0,1967,1997,6,7,2.0,Attchd,2,1,5,1,256.0,NWAmes,Gd,Y,TA,Normal,RL,2009
534129080,197900,1724,1680.0,17871,,1967,1976,6,5,2.0,Attchd,1,1,3,1,359.0,NWAmes,TA,Y,Gd,Normal,RL,2009
534129370,163000,1336,1288.0,9600,80.0,1969,1969,5,5,2.0,Attchd,2,0,3,1,128.0,NWAmes,TA,Y,Gd,Normal,RL,2009
534129380,113000,1216,1216.0,9000,75.0,1969,1969,6,5,1.0,Attchd,1,0,3,0,200.0,NWAmes,TA,Y,TA,Abnorml,RL,2009
534151120,230000,2288,908.0,13774,,1977,1992,7,7,2.0,Attchd,1,2,4,2,283.0,NWAmes,Gd,Y,Gd,Normal,RL,2009
534152120,167900,1334,1350.0,9650,80.0,1977,1977,6,5,2.0,Attchd,2,0,2,1,360.0,NWAmes,TA,Y,Gd,Normal,RL,2009
534175080,213250,1680,1650.0,10140,78.0,1998,1999,7,5,2.0,Attchd,2,0,3,1,0.0,NWAmes,Gd,Y,Ex,Normal,RL,2009
534177230,227000,1665,810.0,8400,70.0,2001,2001,8,6,2.0,Attchd,2,1,3,0,0.0,NWAmes,Gd,Y,Gd,Normal,RL,2009
534200030,130000,864,864.0,7130,62.0,1967,1967,5,6,1.0,Attchd,1,0,2,0,0.0,NAmes,TA,Y,TA,Normal,RL,2009
534202170,143000,1568,1568.0,9600,80.0,1967,1967,5,5,2.0,Attchd,1,1,3,0,0.0,NAmes,TA,Y,TA,Normal,RL,2009
534226120,117500,925,925.0,9100,70.0,1965,1965,5,6,1.0,Detchd,1,0,2,0,0.0,NAmes,TA,Y,TA,Normal,RL,2009
534250400,168500,2061,1165.0,9600,80.0,1974,1974,7,5,2.0,Attchd,2,1,4,1,252.0,NWAmes,TA,Y,TA,Abnorml,RL,2009
534251030,172500,1320,1232.0,16500,,1971,1971,6,5,2.0,Attchd,2,0,3,1,509.0,NWAmes,TA,Y,Gd,Normal,RL,2009
534252240,161500,1342,1372.0,9790,,1967,1967,6,5,2.0,Attchd,2,0,3,1,0.0,NWAmes,TA,Y,TA,Normal,RL,2009
534275060,141500,894,894.0,7436,60.0,1960,1960,4,7,2.0,Detchd,1,0,2,1,0.0,NAmes,TA,Y,TA,Normal,RL,2009
534275100,118000,864,864.0,8125,65.0,1959,1959,5,7,1.0,Detchd,1,0,3,0,0.0,NAmes,TA,Y,TA,Normal,RL,2009
534276040,127500,864,864.0,9100,70.0,1959,1959,6,6,1.0,Detchd,1,0,2,0,0.0,NAmes,TA,Y,TA,Normal,RL,2009
534277090,140000,1362,1040.0,9450,,1957,1957,4,5,3.0,Attchd,1,0,3,1,160.0,NAmes,TA,Y,TA,Normal,RL,2009
534278070,177625,1728,1048.0,13495,,1956,1956,5,6,2.0,Detchd,2,0,3,1,70.0,NAmes,TA,Y,TA,Normal,RL,2009
534278230,110000,1776,1584.0,11475,85.0,1958,1958,5,5,3.0,Detchd,2,0,4,0,95.0,NAmes,TA,Y,TA,Abnorml,RL,2009
534400050,167000,1516,1516.0,10004,100.0,1964,1964,6,6,2.0,Attchd,1,1,3,0,180.0,NAmes,TA,Y,TA,Normal,RL,2009
534400290,153000,1313,1313.0,9350,85.0,1961,1995,5,6,2.0,Attchd,1,1,3,1,217.0,NAmes,Gd,Y,TA,Normal,RL,2009
534402060,145100,1292,1292.0,10500,115.0,1964,1964,5,5,2.0,Detchd,1,1,3,2,144.0,NAmes,TA,Y,TA,Abnorml,RL,2009
534402140,154000,1154,1154.0,11000,,1966,1966,5,6,2.0,Attchd,1,1,3,1,200.0,NAmes,TA,Y,TA,Normal,RL,2009
534402170,177500,2140,744.0,8970,,1965,1965,5,6,2.0,Attchd,2,1,4,1,0.0,NAmes,TA,Y,TA,Normal,RL,2009
534403370,158000,1445,1127.0,12095,,1964,1964,6,6,2.0,Attchd,1,1,3,1,115.0,NAmes,TA,Y,TA,Normal,RL,2009
534426110,124500,1041,1041.0,9600,80.0,1959,1959,5,6,1.0,Attchd,1,0,3,0,132.0,NAmes,TA,Y,TA,Normal,RL,2009
534429150,174500,1576,1208.0,11475,85.0,1961,1961,6,6,2.0,BuiltIn,1,0,4,1,90.0,NAmes,Gd,Y,TA,Normal,RL,2009
534431130,122000,960,960.0,9768,68.0,1955,1955,5,5,1.0,Attchd,1,0,2,0,0.0,NAmes,TA,Y,TA,Normal,RL,2009
534450150,82500,708,420.0,5330,50.0,1940,1950,4,7,0.0,,1,0,2,0,0.0,BrkSide,Fa,Y,TA,Normal,RL,2009
534451110,110000,1203,709.0,7015,,1950,1950,5,4,1.0,Detchd,1,0,3,1,161.0,BrkSide,Gd,Y,TA,Normal,RL,2009
534475185,149500,1505,1505.0,12160,128.0,1953,1953,6,4,2.0,Attchd,1,0,2,1,90.0,NAmes,TA,Y,TA,Normal,RL,2009
534475250,175000,1691,1680.0,9900,90.0,1967,1967,6,5,2.0,Attchd,1,0,2,0,0.0,NAmes,TA,Y,TA,Normal,RL,2009
534476150,167000,1644,1416.0,9600,80.0,1953,1953,6,5,2.0,Attchd,1,0,3,2,238.0,NAmes,TA,Y,TA,Normal,RL,2009
534476320,128900,1050,1050.0,9600,80.0,1956,1956,5,6,1.0,Attchd,1,0,2,0,0.0,NAmes,TA,Y,TA,Normal,RL,2009
534477110,140000,1668,856.0,9600,80.0,1950,2005,6,8,1.0,Attchd,1,1,3,0,0.0,NAmes,TA,Y,TA,Normal,RL,2009
534478230,147000,1113,1113.0,9600,80.0,1950,2007,5,7,1.0,Attchd,1,0,3,1,0.0,NAmes,Gd,Y,TA,Normal,RL,2009
535101120,124000,1584,1584.0,8944,65.0,1967,1967,5,5,3.0,Detchd,2,0,4,0,0.0,NAmes,TA,Y,TA,Normal,RL,2009
535104120,187500,1453,1453.0,10573,92.0,1961,1961,6,6,2.0,Attchd,2,0,3,1,3.0,NAmes,TA,Y,TA,Normal,RL,2009
535105100,159000,1394,1394.0,9500,,1963,1963,6,5,2.0,Attchd,1,1,3,2,247.0,NAmes,TA,Y,Gd,Normal,RL,2009
535125070,256000,1567,1562.0,14695,80.0,1966,2008,6,8,2.0,Attchd,2,0,2,2,210.0,NAmes,Gd,Y,TA,Normal,RL,2009
535125090,205000,1986,768.0,13600,85.0,1965,1990,7,6,2.0,Attchd,2,1,3,3,176.0,NAmes,TA,Y,TA,Normal,RL,2009
535126010,193500,2142,896.0,13000,100.0,1968,1968,6,6,1.0,Attchd,2,1,4,1,576.0,NAmes,Gd,Y,Gd,Normal,RL,2009
535126100,110000,1392,1392.0,13560,120.0,1968,1968,6,3,2.0,Attchd,1,0,2,2,216.0,NAmes,TA,Y,Fa,Normal,RL,2009
535150070,104900,1738,715.0,12513,,1920,2007,4,4,1.0,Attchd,2,0,4,1,0.0,NAmes,TA,Y,TA,Normal,RL,2009
535151040,150000,1144,1169.0,8760,73.0,1956,1956,5,7,1.0,Attchd,1,0,3,0,164.0,NAmes,TA,Y,TA,Normal,RL,2009
535152230,156500,1478,1478.0,8400,70.0,1957,1957,6,3,2.0,Attchd,1,1,3,2,0.0,NAmes,TA,Y,TA,Normal,RL,2009
535154060,176000,1329,1329.0,12285,,1960,1960,7,6,2.0,Attchd,1,1,3,2,128.0,NAmes,TA,Y,TA,Normal,RL,2009
535154130,149500,988,988.0,9240,66.0,1959,1998,6,8,1.0,Attchd,2,0,3,0,0.0,NAmes,Gd,Y,TA,Normal,RL,2009
535175030,139000,1632,1240.0,9600,80.0,1958,1988,6,6,1.0,Attchd,2,0,3,1,183.0,NAmes,TA,Y,TA,Normal,RL,2009
535175050,155000,1215,1215.0,12400,66.0,1958,1998,6,7,1.0,Attchd,1,0,3,0,176.0,NAmes,TA,Y,TA,Normal,RL,2009
535178040,120000,1202,1202.0,8750,70.0,1956,1956,5,5,1.0,Attchd,1,0,3,0,0.0,NAmes,TA,Y,TA,Abnorml,RL,2009
535178120,153000,1382,1382.0,8750,70.0,1955,1955,5,5,1.0,Attchd,1,0,3,0,0.0,NAmes,Gd,Y,TA,Normal,RL,2009
535179160,144000,1200,1200.0,10400,80.0,1956,1956,4,5,1.0,Attchd,1,0,3,2,0.0,NAmes,TA,Y,TA,Family,RL,2009
535300120,176000,1382,1362.0,19296,120.0,1962,1962,6,5,2.0,Attchd,1,0,3,1,399.0,NAmes,TA,Y,TA,Normal,RL,2009
535301170,153000,1297,1297.0,8532,74.0,1954,1990,5,6,2.0,Attchd,1,0,3,1,650.0,NAmes,TA,Y,TA,Normal,RL,2009
535302120,135000,1866,1866.0,9482,76.0,1958,1958,5,4,2.0,Detchd,2,0,4,0,657.0,NAmes,TA,Y,TA,Normal,RL,2009
535303110,131000,1062,1062.0,8128,53.0,1954,1954,6,7,1.0,Attchd,1,0,3,0,80.0,NAmes,TA,Y,TA,Normal,RL,2009
535303150,123000,1319,608.0,10634,79.0,1953,1953,5,6,1.0,Attchd,1,0,3,0,0.0,NAmes,TA,Y,TA,Normal,RL,2009
535304100,126000,1112,631.0,13070,67.0,1951,1951,5,5,2.0,Basment,1,0,2,0,0.0,NAmes,TA,Y,TA,Normal,RL,2009
535325290,115000,1005,1005.0,10434,60.0,1955,1955,4,5,2.0,Detchd,1,0,2,1,0.0,NAmes,Fa,Y,TA,Normal,RL,2009
535351050,164900,1363,1008.0,14559,75.0,1951,2000,5,7,1.0,CarPort,1,0,2,2,70.0,NAmes,TA,Y,TA,Normal,RL,2009
535352090,113000,793,793.0,8480,80.0,1945,1950,5,6,1.0,Detchd,1,0,2,0,0.0,NAmes,Fa,Y,TA,Normal,RL,2009
535353040,145500,1031,1031.0,7626,60.0,1952,2005,5,8,1.0,Attchd,1,0,2,0,0.0,NAmes,Gd,Y,TA,Normal,RL,2009
535353060,102900,1210,0.0,9533,75.0,1953,1953,5,5,1.0,Attchd,1,1,2,0,140.0,NAmes,TA,Y,,Normal,RL,2009
535353140,95000,1699,978.0,10615,107.0,1900,1970,3,5,2.0,CarPort,2,0,3,0,0.0,OldTown,TA,Y,Fa,Abnorml,RL,2009
535353240,152500,1527,699.0,11419,78.0,1948,1999,7,7,2.0,Attchd,1,1,3,1,0.0,NAmes,TA,Y,TA,Normal,RL,2009
535354070,129900,1200,1200.0,9600,60.0,1950,1950,5,6,1.0,Attchd,1,0,3,0,0.0,NAmes,TA,Y,TA,Normal,RL,2009
535354100,132000,972,972.0,8000,50.0,1948,2002,6,6,1.0,Detchd,1,0,2,1,0.0,NAmes,TA,Y,TA,Normal,RL,2009
535375010,99900,792,792.0,5470,53.0,1958,1958,3,5,1.0,Attchd,1,0,2,0,0.0,OldTown,TA,Y,TA,Normal,RL,2009
535375050,135000,1656,660.0,10410,60.0,1916,1987,5,7,1.0,Detchd,2,1,3,0,0.0,OldTown,TA,Y,Fa,Normal,RL,2009
535376060,149000,1352,676.0,10800,60.0,1939,2006,5,7,2.0,Detchd,2,0,4,0,0.0,OldTown,Gd,Y,TA,Normal,RL,2009
535377150,114000,1039,405.0,8146,80.0,1900,2003,4,8,1.0,Detchd,1,0,2,0,0.0,OldTown,TA,Y,Fa,Normal,RL,2009
535378020,109500,792,768.0,9022,52.0,1924,2006,5,8,1.0,Detchd,1,0,2,0,0.0,OldTown,Gd,Y,TA,Normal,RL,2009
535378120,125000,1078,1054.0,10230,60.0,1925,1950,5,7,1.0,Detchd,1,0,3,0,0.0,OldTown,Ex,Y,TA,Normal,RL,2009
535381040,142900,2377,1313.0,10410,60.0,1915,1950,4,5,2.0,Detchd,2,0,3,1,0.0,OldTown,Gd,Y,TA,Normal,RL,2009
535382100,156500,1690,560.0,7200,60.0,1910,2008,7,9,2.0,Detchd,2,0,4,0,0.0,OldTown,Gd,Y,TA,Normal,RL,2009
535383060,59000,599,416.0,5400,90.0,1940,1950,2,5,0.0,,1,0,2,0,0.0,OldTown,Gd,N,Fa,Normal,RL,2009
535383070,105000,1374,840.0,5400,90.0,1920,1950,4,6,1.0,Detchd,1,0,2,0,0.0,OldTown,TA,Y,TA,Normal,RL,2009
535383110,106000,846,720.0,10800,60.0,1920,1950,5,7,2.0,Detchd,1,0,2,0,0.0,OldTown,Gd,N,TA,Normal,RL,2009
535383120,78500,725,630.0,10800,60.0,1890,1998,3,5,1.0,Detchd,1,1,1,0,0.0,OldTown,TA,Y,TA,Normal,RL,2009
535402010,190000,2544,1248.0,9671,81.0,1969,1969,6,5,3.0,Attchd,2,2,6,0,480.0,NAmes,TA,Y,TA,Normal,RL,2009
535402090,154000,1380,1380.0,10143,83.0,1963,1963,6,7,1.0,Attchd,1,1,3,0,295.0,NAmes,TA,Y,TA,Normal,RL,2009
535402270,163000,1040,1040.0,11500,77.0,1967,1967,6,4,2.0,Attchd,1,0,3,1,0.0,NAmes,TA,Y,TA,Normal,RL,2009
535402330,200000,2634,1248.0,11643,91.0,1969,1969,5,5,4.0,Detchd,2,2,6,0,368.0,NAmes,TA,Y,TA,Normal,RL,2009
535403190,143500,951,951.0,8010,62.0,1958,2007,6,9,2.0,Detchd,1,0,2,0,0.0,NAmes,Gd,Y,TA,Normal,RL,2009
535403210,135000,1105,1105.0,10454,90.0,1957,1957,6,6,1.0,Detchd,1,0,3,0,143.0,NAmes,TA,Y,TA,Normal,RL,2009
535403280,153000,1306,992.0,8712,64.0,1957,2000,5,7,1.0,Detchd,1,0,2,0,0.0,NAmes,TA,Y,TA,Normal,RL,2009
535425070,157500,1478,1478.0,17600,,1960,1960,6,5,2.0,Attchd,2,0,3,2,30.0,NAmes,TA,Y,TA,Normal,RL,2009
535426150,113500,1142,160.0,9000,80.0,1958,1958,6,6,1.0,Basment,1,0,2,1,82.0,NAmes,TA,Y,Gd,Normal,RL,2009
535450070,133000,1268,832.0,12144,60.0,1949,1950,5,7,1.0,Attchd,1,0,3,1,0.0,NAmes,TA,Y,TA,Normal,RL,2009
535450160,92900,1040,0.0,8544,60.0,1950,1950,3,4,2.0,Detchd,2,0,2,0,0.0,NAmes,TA,N,,Normal,RL,2009
535450200,128500,1133,795.0,8064,60.0,1950,1950,6,5,2.0,Detchd,1,0,3,0,0.0,NAmes,TA,N,TA,Abnorml,RL,2009
535451170,90000,1040,0.0,7200,60.0,1949,1950,4,5,2.0,Detchd,2,0,2,0,0.0,NAmes,TA,N,,Normal,RL,2009
535451250,138000,1904,1208.0,7200,60.0,1950,1982,5,4,1.0,Attchd,1,1,3,0,0.0,NAmes,TA,Y,TA,Normal,RL,2009
535452090,128000,1041,1041.0,7350,71.0,1958,1958,5,6,1.0,Attchd,1,0,3,0,0.0,NAmes,TA,Y,TA,Normal,RL,2009
535452100,139000,1339,1029.0,7560,70.0,1958,1965,5,6,1.0,Attchd,1,0,3,0,0.0,NAmes,TA,Y,TA,Abnorml,RL,2009
535452140,118900,732,732.0,7200,60.0,1952,1952,5,7,1.0,Detchd,1,0,2,0,0.0,NAmes,TA,Y,TA,Normal,RL,2009
535453100,138000,1183,528.0,8000,80.0,1959,1959,5,5,1.0,Attchd,1,0,3,0,0.0,NAmes,TA,Y,Gd,Normal,RL,2009
535453200,132500,1148,1148.0,7931,70.0,1959,1959,5,5,1.0,Attchd,1,0,3,0,0.0,NAmes,TA,Y,TA,Normal,RL,2009
535454100,133500,1461,832.0,10800,60.0,1949,1996,4,7,1.0,Detchd,2,0,4,0,0.0,NAmes,TA,Y,TA,Normal,RL,2009
535454160,135000,1495,864.0,8064,60.0,1948,1994,6,7,2.0,Detchd,1,0,3,0,0.0,NAmes,TA,Y,TA,Abnorml,RL,2009
535475010,144750,1806,780.0,7570,76.0,1964,1964,6,5,2.0,Attchd,1,1,4,0,420.0,NAmes,TA,Y,TA,Normal,RL,2009
535476110,145000,941,941.0,8604,75.0,1978,1978,5,7,2.0,Attchd,1,0,2,0,124.0,NAmes,Gd,Y,Gd,Normal,RL,2009
535476240,127000,1045,1045.0,7936,80.0,1963,1963,6,6,1.0,Attchd,1,0,3,1,0.0,NAmes,TA,Y,TA,Normal,RL,2009
535477150,109500,894,894.0,6600,60.0,1962,1962,5,5,1.0,Detchd,1,0,2,0,0.0,NAmes,TA,N,TA,Normal,RL,2009
902101010,115000,1224,818.0,3950,,1926,2004,6,8,1.0,Detchd,1,0,3,0,0.0,OldTown,TA,Y,TA,Normal,RM,2009
902102080,110000,1230,440.0,10440,60.0,1910,1981,5,6,2.0,Detchd,1,1,2,0,0.0,OldTown,TA,Y,TA,Normal,RM,2009
902103100,128900,1378,901.0,4080,68.0,1935,1998,6,8,1.0,Detchd,1,0,3,0,0.0,OldTown,Gd,Y,TA,Normal,RM,2009
902103120,103500,1944,972.0,10307,57.0,1910,1950,6,5,2.0,Detchd,2,0,4,0,0.0,OldTown,TA,N,TA,Normal,RM,2009
902103170,66500,1131,676.0,5720,52.0,1941,1950,5,6,1.0,Detchd,1,1,3,0,0.0,OldTown,TA,Y,TA,Abnorml,RM,2009
902105050,130000,1306,240.0,15660,90.0,1910,2003,5,8,2.0,Detchd,1,1,3,0,0.0,OldTown,Gd,Y,TA,Normal,RM,2009
902105060,129000,1464,504.0,9900,90.0,1910,2002,5,8,0.0,,2,0,3,0,0.0,OldTown,TA,Y,TA,Normal,RM,2009
902106010,150000,1558,690.0,6406,57.0,1939,1950,5,6,2.0,Detchd,1,1,3,1,0.0,OldTown,TA,Y,TA,Normal,RM,2009
902106060,107500,2372,994.0,6600,60.0,1892,1965,5,4,1.0,Attchd,2,0,4,0,0.0,OldTown,TA,N,TA,Normal,RM,2009
902109130,94550,1701,600.0,7627,63.0,1920,1950,4,6,0.0,,2,0,4,0,0.0,OldTown,Fa,N,Fa,Normal,RM,2009
902109140,124500,1960,960.0,7596,60.0,1952,1952,5,5,2.0,Detchd,2,0,4,0,360.0,OldTown,TA,Y,TA,Normal,RM,2009
902110080,135000,1389,651.0,3378,60.0,1946,1992,7,8,1.0,Detchd,1,1,3,2,0.0,OldTown,TA,Y,TA,Normal,RM,2009
902134120,103000,1447,801.0,10134,56.0,1910,1950,5,5,0.0,,1,0,3,0,0.0,OldTown,TA,N,Fa,Normal,RM,2009
902135020,93000,936,936.0,6000,60.0,1953,1953,4,4,2.0,Detchd,1,0,2,0,0.0,OldTown,TA,N,Fa,Normal,RM,2009
902201110,129500,1328,768.0,6000,50.0,1950,1970,5,7,1.0,Detchd,1,1,3,0,0.0,OldTown,TA,Y,TA,Normal,RM,2009
902202150,93000,1387,811.0,6000,50.0,1954,1954,5,4,1.0,BuiltIn,2,0,3,0,0.0,OldTown,Gd,Y,TA,Normal,RM,2009
902204080,80000,861,861.0,7404,62.0,1920,1950,4,6,2.0,Detchd,1,0,2,0,0.0,OldTown,TA,Y,Fa,Normal,RM,2009
902205010,45000,612,0.0,5925,50.0,1940,1950,2,4,1.0,Detchd,1,0,1,0,0.0,OldTown,TA,N,,Normal,RM,2009
902205030,37900,968,600.0,5925,50.0,1910,1950,3,6,0.0,,1,0,2,0,0.0,OldTown,TA,N,TA,Abnorml,RM,2009
902206260,91300,886,190.0,5784,50.0,1938,1996,5,8,1.0,Attchd,1,0,2,0,0.0,OldTown,TA,Y,Fa,Normal,RM,2009
902207170,99500,792,624.0,8520,60.0,1923,1950,5,8,1.0,Detchd,1,0,2,0,0.0,OldTown,TA,Y,Fa,Normal,RM,2009
902300090,113000,1452,736.0,4456,33.0,1920,2008,4,5,0.0,,2,0,2,0,0.0,OldTown,TA,Y,TA,Partial,RM,2009
902301060,87500,1510,677.0,9600,60.0,1910,1950,4,4,2.0,Detchd,2,0,3,0,0.0,OldTown,Gd,Y,Fa,Normal,RM,2009
902301080,110000,1284,720.0,3500,50.0,1947,1950,5,7,1.0,Detchd,1,1,2,0,0.0,OldTown,TA,Y,TA,Normal,RM,2009
902325070,106000,2138,849.0,8100,90.0,1898,1965,5,5,2.0,Detchd,2,0,2,0,0.0,OldTown,TA,N,TA,Normal,RM,2009
902326030,265979,2640,1240.0,11700,65.0,1880,2003,7,7,4.0,Detchd,1,1,4,1,0.0,OldTown,Gd,N,TA,Normal,RM,2009
902327070,160000,2007,917.0,8400,70.0,1900,1950,6,7,1.0,Detchd,2,0,3,0,0.0,OldTown,Ex,Y,Fa,Normal,RM,2009
902329080,119000,1288,624.0,3600,60.0,1917,2007,6,7,1.0,Attchd,1,0,3,1,0.0,OldTown,Ex,Y,TA,Normal,RM,2009
902330040,168000,1742,916.0,17671,121.0,1882,1986,8,9,2.0,Attchd,1,1,4,1,0.0,OldTown,Gd,Y,TA,Normal,RM,2009
902331010,58500,816,624.0,3300,,1910,1950,4,3,0.0,,1,0,2,1,0.0,OldTown,TA,Y,TA,Normal,C (all),2009
902401130,143000,1482,650.0,9000,50.0,1920,1988,7,9,2.0,Detchd,1,0,3,0,0.0,OldTown,TA,Y,TA,Normal,RM,2009
902402150,85000,1022,1022.0,7200,60.0,1910,2006,5,4,1.0,Detchd,1,0,2,0,0.0,OldTown,TA,N,TA,Normal,RM,2009
902405100,124900,1869,1088.0,8820,98.0,1890,1996,5,6,2.0,Detchd,1,0,2,0,0.0,OldTown,TA,Y,TA,Normal,RM,2009
902405120,119000,1480,972.0,5400,60.0,1920,1950,6,6,1.0,Detchd,1,0,3,0,0.0,OldTown,TA,Y,TA,Family,RM,2009
902406070,146500,1521,741.0,9720,60.0,1910,2002,6,7,3.0,Detchd,1,0,4,0,0.0,OldTown,Gd,Y,TA,Normal,RM,2009
902477120,34900,720,720.0,7879,60.0,1920,1950,4,5,0.0,,1,0,2,0,0.0,IDOTRR,TA,N,TA,Abnorml,C (all),2009
902477130,44000,797,245.0,9392,72.0,1900,1950,3,3,0.0,,1,0,2,0,0.0,IDOTRR,TA,N,Fa,Abnorml,C (all),2009
903200080,223500,1576,1324.0,21384,144.0,1923,2004,5,6,2.0,Attchd,1,1,3,1,0.0,BrkSide,Gd,Y,TA,Normal,RL,2009
903201020,149000,1432,1022.0,6615,,1923,1950,6,6,1.0,BuiltIn,1,0,3,1,0.0,BrkSide,Gd,N,TA,Normal,RL,2009
903201080,205000,1548,952.0,7264,55.0,1925,2007,7,7,2.0,Detchd,2,1,3,0,0.0,BrkSide,Ex,N,TA,Normal,RL,2009
903202170,137000,1654,297.0,4960,50.0,1930,1982,5,7,1.0,Detchd,2,0,3,1,0.0,BrkSide,TA,Y,TA,Normal,RL,2009
903205040,121000,952,952.0,8854,,1916,1950,6,6,1.0,Detchd,1,0,2,1,0.0,BrkSide,Fa,N,TA,Normal,RL,2009
903226130,128000,1324,672.0,6000,50.0,1936,1950,4,6,1.0,Detchd,1,0,3,0,0.0,BrkSide,TA,Y,TA,Normal,RM,2009
903226170,134900,1176,698.0,6000,50.0,1937,2000,6,9,2.0,Detchd,1,0,2,0,0.0,BrkSide,TA,Y,TA,Normal,RM,2009
903227070,117000,1348,884.0,6000,50.0,1925,1997,5,8,1.0,Detchd,1,0,3,1,0.0,BrkSide,TA,Y,TA,Normal,RM,2009
903227090,132500,1412,780.0,6000,50.0,1939,1950,6,6,1.0,Detchd,1,0,4,1,0.0,BrkSide,TA,Y,TA,Normal,RM,2009
903228070,93000,1142,468.0,6000,60.0,1924,1950,5,5,1.0,Attchd,1,0,3,0,444.0,BrkSide,TA,Y,TA,Normal,RM,2009
903228120,119000,904,884.0,6000,50.0,1926,2004,6,7,1.0,Detchd,1,0,2,0,0.0,BrkSide,TA,Y,TA,Normal,RM,2009
903230100,100000,1301,1145.0,6911,60.0,1924,1950,5,5,2.0,Detchd,1,0,2,0,0.0,BrkSide,Fa,Y,TA,Normal,RM,2009
903231010,141500,1539,927.0,6120,51.0,1936,1950,5,6,2.0,Detchd,1,1,3,0,0.0,BrkSide,TA,Y,TA,Normal,RM,2009
903231030,133000,1573,884.0,6120,51.0,1935,1995,4,7,1.0,Detchd,1,0,3,0,0.0,BrkSide,Gd,Y,TA,Normal,RM,2009
903231060,60000,800,264.0,6120,51.0,1936,1950,2,3,0.0,,1,0,1,1,0.0,BrkSide,Fa,N,TA,Normal,RM,2009
903231130,105000,875,715.0,6120,51.0,1931,1993,5,7,1.0,Detchd,1,0,2,0,0.0,BrkSide,TA,Y,TA,Normal,RM,2009
903232060,115000,995,960.0,6120,51.0,1925,1999,5,6,1.0,Detchd,1,0,2,0,0.0,BrkSide,TA,Y,TA,Abnorml,RM,2009
903234220,150000,1582,952.0,6120,51.0,1938,1950,5,6,1.0,Detchd,2,0,3,1,0.0,BrkSide,TA,Y,TA,Normal,RM,2009
903236040,126500,1072,1072.0,8635,50.0,1925,1950,5,5,5.0,Detchd,1,0,2,0,0.0,BrkSide,TA,Y,TA,Normal,RM,2009
903400220,214500,2134,844.0,11888,,1916,1994,6,6,2.0,Detchd,2,0,5,0,0.0,BrkSide,Gd,N,TA,Normal,RL,2009
903425245,167500,2019,728.0,11414,60.0,1910,1993,7,8,2.0,Detchd,1,0,3,0,0.0,BrkSide,Gd,N,Gd,Normal,RL,2009
903427120,155000,1768,1048.0,8094,57.0,1915,1950,6,6,2.0,Detchd,2,0,3,0,0.0,OldTown,TA,Y,TA,Normal,RM,2009
903429080,155000,1826,910.0,2500,50.0,1915,2005,7,8,1.0,Attchd,1,1,4,1,0.0,OldTown,Ex,Y,TA,Normal,RM,2009
903429110,179900,1944,672.0,9928,68.0,1915,1994,7,8,1.0,Detchd,2,0,3,0,0.0,OldTown,TA,Y,TA,Normal,RM,2009
903430060,104000,2229,755.0,5520,92.0,1912,1950,6,6,0.0,,1,0,5,0,0.0,OldTown,TA,Y,TA,Abnorml,RM,2009
903430070,62500,2128,1040.0,3000,50.0,1922,1950,5,1,0.0,,2,0,4,0,0.0,OldTown,TA,N,TA,Abnorml,RM,2009
903451090,149000,1930,720.0,6876,57.0,1927,1950,6,5,1.0,Attchd,2,0,4,0,0.0,IDOTRR,TA,Y,TA,Normal,RM,2009
903458170,103000,1208,780.0,6240,52.0,1925,1950,4,5,2.0,Detchd,1,0,2,0,0.0,IDOTRR,TA,Y,TA,Normal,RM,2009
903475100,123000,1427,483.0,5775,,1915,2002,6,7,1.0,Attchd,1,0,3,0,0.0,OldTown,Gd,Y,TA,Normal,RM,2009
903476090,97500,1864,1020.0,5852,41.0,1902,2000,7,5,0.0,,2,1,6,0,188.0,OldTown,TA,N,TA,Normal,RM,2009
903481120,135000,1666,1204.0,5160,60.0,1927,1950,6,6,1.0,Detchd,1,0,3,0,0.0,IDOTRR,TA,Y,TA,Normal,RM,2009
903481130,70000,892,858.0,5160,86.0,1923,1950,4,6,0.0,,1,0,1,0,0.0,IDOTRR,Gd,Y,Gd,Abnorml,RM,2009
903484110,116000,1403,698.0,10320,60.0,1915,1965,6,7,1.0,Detchd,1,1,3,0,0.0,IDOTRR,TA,Y,TA,Normal,RM,2009
904100190,88750,704,560.0,4280,50.0,1946,2001,4,9,1.0,CarPort,1,0,2,0,0.0,Sawyer,Fa,Y,Fa,Normal,RL,2009
904301060,179000,1200,1200.0,10800,60.0,1987,1988,5,5,0.0,,3,0,3,0,0.0,Edwards,TA,Y,Gd,Alloca,RL,2009
904301070,179000,1200,1200.0,10800,60.0,1987,1988,5,5,0.0,,3,0,3,0,0.0,Edwards,TA,Y,Gd,Alloca,RL,2009
904301100,159900,1152,1152.0,10547,,1978,1978,5,5,1.0,Detchd,2,0,2,0,0.0,Edwards,TA,Y,Gd,Normal,RL,2009
904301375,61000,904,683.0,10020,,1922,1950,1,1,0.0,,0,1,1,0,0.0,Edwards,Fa,N,Fa,Normal,RL,2009
904351200,103600,1369,672.0,6629,54.0,1925,1950,6,6,1.0,Detchd,2,0,3,0,0.0,Edwards,TA,N,TA,Normal,RH,2009
904351240,63000,1112,585.0,9780,60.0,1934,1950,5,3,1.0,Detchd,2,0,4,0,0.0,Edwards,TA,N,TA,Normal,RL,2009
905101260,175000,1464,520.0,12886,70.0,1963,1999,5,6,2.0,Attchd,2,0,3,1,0.0,Sawyer,TA,Y,Gd,Normal,RL,2009
905101490,139000,1121,1121.0,8816,80.0,1963,1963,5,6,2.0,Detchd,1,0,3,0,0.0,Sawyer,TA,Y,TA,Normal,RL,2009
905103040,172500,1683,918.0,11184,70.0,1978,1978,6,5,2.0,Attchd,2,1,3,1,92.0,Sawyer,TA,Y,TA,Normal,RL,2009
905103070,113500,1052,1052.0,11625,75.0,1967,1967,5,6,1.0,Attchd,1,1,3,1,172.0,Sawyer,TA,Y,TA,Abnorml,RL,2009
905105190,130000,899,864.0,7800,65.0,1967,2004,5,7,1.0,Attchd,1,0,3,0,89.0,Sawyer,Gd,Y,TA,Normal,RL,2009
905107310,149900,1034,456.0,8014,,1978,1978,6,5,2.0,Basment,1,0,3,1,23.0,Sawyer,TA,Y,Gd,Normal,RL,2009
905108190,134900,858,858.0,7252,,1982,1982,5,5,2.0,Detchd,1,0,2,0,0.0,Sawyer,TA,Y,Gd,Normal,RL,2009
905108220,137000,860,840.0,8740,74.0,1982,1982,5,6,2.0,Detchd,1,0,2,0,0.0,Sawyer,TA,Y,TA,Normal,RL,2009
905200220,139000,1092,1092.0,11616,,1962,1962,5,5,1.0,Attchd,1,0,3,1,116.0,Sawyer,TA,Y,TA,Normal,RL,2009
905200260,165000,1774,552.0,15400,88.0,1961,1961,5,5,1.0,Attchd,2,0,4,1,0.0,Sawyer,TA,Y,TA,Normal,RL,2009
905200350,148000,1138,1138.0,15312,88.0,1960,1960,6,5,2.0,Attchd,1,0,3,1,54.0,Sawyer,TA,Y,TA,Normal,RL,2009
905225090,165000,2071,825.0,15584,,1956,1956,5,5,1.0,Attchd,1,1,4,1,366.0,ClearCr,TA,Y,TA,Normal,RL,2009
905228050,63900,660,0.0,9000,,1947,1950,2,2,0.0,,1,0,2,0,0.0,Sawyer,Fa,N,,Normal,RL,2009
905229040,161500,1788,1104.0,11250,,1957,1989,4,5,1.0,Attchd,1,0,5,2,0.0,ClearCr,TA,Y,TA,Normal,RL,2009
905325020,143000,1473,1437.0,25095,65.0,1968,2003,5,8,1.0,Attchd,1,0,1,2,0.0,ClearCr,Ex,Y,TA,Partial,RL,2009
905377010,135000,1229,1134.0,17140,,1956,1956,4,6,1.0,Attchd,1,0,3,0,0.0,Edwards,TA,Y,TA,Normal,RL,2009
905377130,82500,861,861.0,12342,,1940,1950,4,5,2.0,Detchd,1,0,1,0,0.0,Edwards,TA,Y,TA,Normal,RL,2009
905401100,190000,1867,1617.0,10708,,1955,1993,5,5,1.0,Attchd,1,0,2,3,0.0,ClearCr,TA,Y,TA,Normal,RL,2009
905402060,139600,1733,0.0,13680,,1955,1955,3,5,2.0,Attchd,2,0,4,1,0.0,Edwards,TA,Y,,Normal,RL,2009
905402070,122000,1383,0.0,15635,,1954,1954,4,5,2.0,Attchd,1,0,2,0,0.0,Edwards,TA,Y,,Normal,RL,2009
905450020,127500,1689,1436.0,9855,73.0,1956,1956,6,5,2.0,Attchd,1,0,3,1,0.0,Edwards,TA,Y,TA,Normal,RL,2009
905451300,121500,1073,1073.0,9571,68.0,1956,1956,5,5,1.0,Attchd,1,0,2,0,0.0,Edwards,TA,Y,TA,Normal,RL,2009
905451340,60000,1276,1276.0,9571,68.0,1958,1958,5,3,1.0,Attchd,1,0,3,0,0.0,Edwards,TA,Y,TA,Abnorml,RL,2009
905452040,154400,1639,747.0,9350,50.0,1946,1950,6,7,1.0,Detchd,1,1,3,1,0.0,Edwards,Gd,Y,TA,Normal,RL,2009
905452050,113000,672,672.0,9340,50.0,1941,1950,4,6,1.0,Attchd,1,0,2,0,0.0,Edwards,TA,Y,TA,Normal,RL,2009
905475160,125000,1089,1089.0,7440,62.0,1954,1954,5,6,1.0,Detchd,1,0,3,1,0.0,Edwards,TA,Y,Gd,Normal,RL,2009
905475500,84000,845,0.0,11500,,1957,1957,4,3,1.0,Detchd,1,0,3,0,0.0,Edwards,TA,N,,Normal,RL,2009
905476230,139500,1049,1049.0,4235,42.0,1984,1984,5,5,1.0,Attchd,2,0,2,0,149.0,Edwards,Gd,Y,Gd,Normal,RL,2009
905478030,131000,1716,768.0,11409,60.0,1949,2008,5,4,1.0,Attchd,1,1,3,1,0.0,Edwards,TA,Y,TA,Normal,RL,2009
905480030,105000,1258,560.0,9060,60.0,1939,1950,6,5,1.0,Detchd,1,0,2,0,0.0,Edwards,TA,Y,TA,Normal,RL,2009
905480210,108000,1510,755.0,9084,60.0,1940,1950,4,5,1.0,Detchd,1,0,4,1,0.0,Edwards,TA,Y,TA,Normal,RL,2009
906201021,162000,1061,1054.0,10778,74.0,1990,1991,7,6,2.0,Attchd,1,1,1,0,0.0,SawyerW,Gd,Y,Gd,Normal,RL,2009
906201050,156500,1338,520.0,19255,66.0,1983,1983,6,5,2.0,Attchd,1,1,2,1,100.0,SawyerW,Gd,Y,Gd,Normal,RL,2009
906201130,316600,2132,1496.0,12327,79.0,1983,2009,8,8,2.0,BuiltIn,1,1,1,1,0.0,SawyerW,Gd,Y,Gd,Normal,RL,2009
906203120,271900,2196,2158.0,14684,90.0,1990,1991,7,7,3.0,Attchd,2,0,3,1,234.0,SawyerW,Gd,Y,Gd,Normal,RL,2009
906223060,213000,1775,740.0,9317,75.0,1993,1993,7,5,2.0,Attchd,2,1,3,1,137.0,SawyerW,Gd,Y,Gd,Normal,RL,2009
906223080,239900,1879,1079.0,10560,85.0,1993,1994,7,5,2.0,Attchd,2,1,3,1,0.0,SawyerW,Gd,Y,Gd,Normal,RL,2009
906223210,239500,2020,1128.0,9828,80.0,1995,1995,8,5,2.0,Attchd,2,1,3,1,0.0,SawyerW,Gd,Y,Gd,Normal,RL,2009
906226060,131000,2016,0.0,26400,120.0,1880,2007,5,7,2.0,Attchd,1,0,4,1,0.0,SawyerW,TA,Y,,Normal,RL,2009
906226070,118964,1535,0.0,7018,64.0,1979,1979,5,5,2.0,Attchd,2,0,4,0,0.0,SawyerW,TA,Y,,Alloca,RL,2009
906226080,153337,1224,1086.0,7018,64.0,1979,1979,5,5,2.0,Detchd,0,2,2,2,275.0,SawyerW,TA,Y,Gd,Alloca,RL,2009
906226090,147983,2228,0.0,7018,64.0,1979,1979,5,5,2.0,Detchd,2,0,6,0,0.0,SawyerW,TA,Y,,Alloca,RL,2009
906226100,118858,1535,0.0,7018,64.0,1979,1979,5,5,2.0,Attchd,2,0,4,0,0.0,SawyerW,TA,Y,,Alloca,RL,2009
906226110,118858,1535,0.0,7018,64.0,1979,1979,5,5,2.0,Attchd,2,0,4,0,0.0,SawyerW,TA,Y,,Alloca,RL,2009
906226120,142953,2240,0.0,7018,64.0,1979,1979,5,5,2.0,Detchd,2,0,6,0,0.0,SawyerW,TA,Y,,Alloca,RL,2009
906226130,148325,1229,1094.0,7040,64.0,1979,1979,5,5,2.0,Detchd,0,2,2,2,216.0,SawyerW,Gd,Y,Gd,Alloca,RL,2009
906226140,113722,1513,0.0,7007,64.0,1979,1979,5,5,2.0,Attchd,2,0,4,0,0.0,SawyerW,TA,Y,,Alloca,RL,2009
906230010,269500,2787,1168.0,11855,,2000,2000,7,5,4.0,BuiltIn,4,2,6,2,23.0,SawyerW,TA,Y,Ex,Normal,RL,2009
906230020,269500,2787,1168.0,7939,,2000,2000,7,5,4.0,BuiltIn,4,2,6,2,23.0,SawyerW,TA,Y,Ex,Normal,RL,2009
906230030,269500,2787,1168.0,7976,,2000,2000,7,5,4.0,BuiltIn,4,2,6,2,23.0,SawyerW,TA,Y,Ex,Normal,RL,2009
906340100,323262,1680,1555.0,10933,84.0,2009,2009,9,5,3.0,Attchd,1,1,1,1,242.0,CollgCr,Ex,Y,Ex,Partial,RL,2009
906340110,297000,1718,1705.0,10637,79.0,2007,2008,8,5,3.0,Attchd,2,0,3,1,336.0,CollgCr,Gd,Y,Ex,Normal,RL,2009
906340120,295493,1630,1622.0,10226,61.0,2008,2008,8,5,3.0,Attchd,2,0,3,1,270.0,CollgCr,Ex,Y,Ex,Normal,RL,2009
906340130,332000,1720,1720.0,10816,65.0,2008,2008,9,5,3.0,Attchd,2,0,3,1,364.0,CollgCr,Ex,Y,Ex,Normal,RL,2009
906378110,239900,1468,1468.0,9178,71.0,2008,2008,8,5,3.0,Attchd,2,0,3,1,0.0,CollgCr,Gd,Y,Gd,Normal,RL,2009
906380050,212000,1768,866.0,10769,68.0,2007,2007,8,5,2.0,Attchd,2,1,3,0,0.0,CollgCr,Gd,Y,Gd,Normal,RL,2009
906380060,272500,1838,1838.0,11422,77.0,2007,2008,8,5,2.0,Attchd,2,0,3,2,352.0,CollgCr,Gd,Y,Ex,Normal,RL,2009
906380100,239000,1800,1800.0,11923,122.0,2007,2007,9,5,2.0,Attchd,2,0,2,0,0.0,CollgCr,Ex,Y,Ex,Normal,RL,2009
906380130,220000,1604,1604.0,8814,68.0,2006,2006,7,5,2.0,Attchd,2,1,3,1,180.0,CollgCr,Gd,Y,Gd,Abnorml,RL,2009
906380210,200000,1290,1282.0,6762,64.0,2007,2007,7,5,2.0,Attchd,2,0,2,1,0.0,CollgCr,Gd,Y,Gd,Normal,RL,2009
906380220,221800,1254,1254.0,10324,95.0,2008,2008,8,5,3.0,Attchd,2,0,2,0,140.0,CollgCr,Gd,Y,Gd,Normal,RL,2009
906392070,194500,1232,1232.0,7314,64.0,2007,2007,7,5,2.0,Attchd,2,0,2,0,82.0,CollgCr,Gd,Y,Gd,Normal,RL,2009
906392110,237000,1498,1498.0,11645,78.0,2005,2006,8,5,3.0,Attchd,2,0,3,1,76.0,CollgCr,Gd,Y,Ex,Normal,RL,2009
906392130,173000,1422,704.0,11646,79.0,2005,2006,6,5,2.0,Attchd,2,1,3,1,0.0,CollgCr,Gd,Y,Gd,Normal,RL,2009
906402060,275000,1644,1518.0,12800,,1989,1989,7,5,2.0,Attchd,2,0,2,1,145.0,SawyerW,Gd,Y,Gd,Normal,RL,2009
906426210,233500,1759,1449.0,16698,,1992,1993,7,5,2.0,Attchd,2,1,3,1,0.0,ClearCr,Gd,Y,Gd,Normal,RL,2009
906475070,185000,2126,1013.0,28698,,1967,1967,5,5,2.0,Attchd,2,1,3,0,0.0,ClearCr,TA,Y,TA,Abnorml,RL,2009
907126010,152000,1040,1040.0,12464,82.0,1996,1996,5,5,2.0,Detchd,1,0,3,0,0.0,CollgCr,Gd,Y,Gd,Normal,RL,2009
907126050,143000,990,990.0,9757,65.0,1994,1994,5,7,1.0,Attchd,1,0,3,0,0.0,CollgCr,TA,Y,TA,Normal,RL,2009
907130100,231500,1764,928.0,15426,65.0,1997,1997,6,5,2.0,Attchd,2,1,3,0,0.0,CollgCr,Gd,Y,Gd,Normal,RL,2009
907131090,212000,1661,799.0,10667,43.0,1996,1996,7,6,2.0,Attchd,2,1,3,1,0.0,CollgCr,Gd,Y,Gd,Normal,RL,2009
907131190,207000,1463,1463.0,14753,65.0,1998,1998,7,5,2.0,Attchd,2,0,3,0,0.0,CollgCr,TA,Y,Gd,Normal,RL,2009
907135040,145000,1097,1097.0,10859,112.0,1994,1995,5,5,2.0,Attchd,1,1,3,0,0.0,CollgCr,TA,Y,Gd,Normal,RL,2009
907135170,138000,990,990.0,8072,60.0,1994,1995,5,5,2.0,Detchd,1,0,3,0,0.0,CollgCr,TA,Y,Gd,Normal,RL,2009
907175100,197900,1779,866.0,10400,80.0,1998,1998,7,5,2.0,Attchd,2,1,3,0,0.0,CollgCr,Gd,Y,Gd,Normal,RL,2009
907180130,204000,1501,1490.0,10335,78.0,1999,1999,7,5,2.0,Attchd,2,0,3,0,183.0,CollgCr,Gd,Y,Gd,Normal,RL,2009
907181100,192000,1431,1431.0,9017,68.0,1999,1999,7,5,2.0,Attchd,2,0,3,0,0.0,CollgCr,Gd,Y,Gd,Normal,RL,2009
907185050,200000,1772,928.0,8750,70.0,1998,1998,6,5,2.0,Attchd,2,1,3,1,120.0,CollgCr,TA,Y,Gd,Normal,RL,2009
907192030,195000,1660,831.0,8935,68.0,2002,2002,7,5,2.0,Attchd,2,1,3,0,95.0,CollgCr,Gd,Y,Gd,Normal,RL,2009
907192090,227000,1573,1573.0,9808,67.0,2002,2002,7,5,2.0,Attchd,2,0,3,0,110.0,CollgCr,Gd,Y,Gd,Normal,RL,2009
907194010,230000,1840,944.0,12420,79.0,2001,2001,7,5,2.0,Attchd,2,1,3,0,0.0,CollgCr,Gd,Y,Gd,Normal,RL,2009
907194110,187100,1430,1413.0,16285,67.0,2001,2002,7,5,2.0,Attchd,2,0,3,0,0.0,CollgCr,Gd,Y,Gd,Normal,RL,2009
907194160,203000,1444,1431.0,10739,65.0,2002,2001,7,5,2.0,Attchd,2,0,3,0,68.0,CollgCr,Gd,Y,Gd,Normal,RL,2009
907196060,201000,1492,1492.0,11166,75.0,2001,2001,7,5,2.0,Attchd,2,0,3,1,180.0,CollgCr,Gd,Y,Gd,Family,RL,2009
907200230,124000,1040,1040.0,8430,60.0,1978,1978,5,5,0.0,,2,0,3,0,136.0,CollgCr,TA,Y,Gd,Normal,RL,2009
907201220,140000,907,907.0,16269,,1978,1978,5,5,1.0,Attchd,1,0,3,0,76.0,CollgCr,TA,Y,Gd,Normal,RL,2009
907201280,134900,914,914.0,6950,76.0,1979,1979,5,7,2.0,Attchd,1,0,2,0,40.0,CollgCr,TA,Y,TA,Normal,RL,2009
907202050,150500,1040,1040.0,8800,61.0,1977,2008,5,7,2.0,Detchd,2,0,3,0,0.0,CollgCr,Gd,Y,Gd,Normal,RL,2009
907202080,136500,864,864.0,7000,,1978,2005,5,8,1.0,Attchd,1,0,3,0,90.0,CollgCr,TA,Y,TA,Normal,RL,2009
907202130,143500,1268,1268.0,9286,,1977,1989,5,7,1.0,Detchd,1,1,3,0,0.0,CollgCr,Gd,Y,Gd,Normal,RL,2009
907227030,133500,864,864.0,15523,36.0,1972,1972,5,6,1.0,Attchd,1,0,3,1,0.0,CollgCr,TA,Y,TA,Normal,RL,2009
907227080,123000,894,894.0,7200,60.0,1972,1972,5,5,2.0,Detchd,1,0,2,0,0.0,CollgCr,TA,Y,TA,Normal,RL,2009
907227110,133900,768,768.0,7200,60.0,1972,2003,5,8,1.0,Detchd,1,0,2,0,0.0,CollgCr,TA,Y,Gd,Normal,RL,2009
907227290,133000,768,768.0,8445,70.0,1972,2007,5,7,2.0,Detchd,1,0,2,0,0.0,CollgCr,TA,Y,Gd,Normal,RL,2009
907250070,250000,1611,1569.0,11664,90.0,2002,2002,7,5,3.0,Attchd,2,0,3,0,0.0,CollgCr,Gd,Y,Gd,Normal,RL,2009
907252060,254750,2184,1068.0,12334,,2003,2003,8,5,2.0,BuiltIn,2,1,4,1,198.0,CollgCr,Gd,Y,Gd,Normal,RL,2009
907252210,236500,1788,1753.0,11838,,2001,2001,8,5,2.0,Attchd,2,0,3,1,0.0,CollgCr,Ex,Y,Gd,Normal,RL,2009
907252220,261500,1872,1299.0,11885,,2001,2001,8,5,2.0,BuiltIn,2,1,3,1,108.0,CollgCr,Ex,Y,Gd,Normal,RL,2009
907253130,313000,2153,1440.0,11050,,2000,2000,9,5,3.0,Attchd,2,1,3,2,204.0,CollgCr,Ex,Y,Ex,Normal,RL,2009
907260030,198500,1725,840.0,8749,70.0,2002,2002,7,5,2.0,Attchd,2,1,3,0,,CollgCr,Gd,Y,Gd,Normal,RL,2009
907265010,211000,1870,944.0,11250,,2001,2001,7,5,2.0,Attchd,2,1,3,0,0.0,CollgCr,Gd,Y,Gd,Normal,RL,2009
907275010,220000,1513,1462.0,15750,90.0,1999,2000,8,5,2.0,Attchd,2,0,2,1,260.0,CollgCr,Gd,Y,Gd,Normal,RL,2009
907275090,203000,1504,1504.0,11883,73.0,1996,1996,7,5,2.0,Attchd,2,0,3,1,196.0,CollgCr,Gd,Y,Gd,Normal,RL,2009
907275140,279500,1828,1822.0,12782,,2002,2003,8,5,2.0,Attchd,2,0,3,1,164.0,CollgCr,Gd,Y,Ex,Normal,RL,2009
907280170,210000,1417,1417.0,8750,70.0,1997,1998,7,5,2.0,Attchd,2,0,3,1,209.0,CollgCr,Gd,Y,Gd,Normal,RL,2009
907285020,219500,2034,1057.0,9375,,1997,1998,7,5,2.0,Attchd,2,1,3,0,573.0,CollgCr,Gd,Y,Gd,Normal,RL,2009
907285050,191000,1716,880.0,8750,70.0,1996,1996,7,5,2.0,Attchd,2,1,2,1,0.0,CollgCr,Gd,Y,Gd,Normal,RL,2009
907290070,178000,1212,1212.0,9100,70.0,2001,2001,7,5,2.0,Attchd,2,0,3,0,0.0,CollgCr,Gd,Y,Gd,Normal,RL,2009
907290090,213000,1630,1630.0,9750,75.0,2000,2001,7,5,2.0,Attchd,2,0,3,1,171.0,CollgCr,Gd,Y,Gd,Normal,RL,2009
907290180,144000,848,848.0,4435,,2003,2004,6,5,2.0,Attchd,1,0,1,0,170.0,CollgCr,Gd,Y,Gd,Normal,RM,2009
907290210,140000,848,848.0,4435,,2003,2003,6,5,2.0,Attchd,1,0,1,0,170.0,CollgCr,Gd,Y,Gd,Normal,RM,2009
907410130,293200,1602,1578.0,10200,85.0,2007,2007,8,5,3.0,Attchd,2,0,3,1,180.0,CollgCr,Gd,Y,Gd,Normal,RL,2009
907412020,190000,1728,864.0,9313,65.0,2004,2004,7,5,2.0,Attchd,2,1,3,0,0.0,CollgCr,Gd,Y,Gd,Normal,RL,2009
907414020,190000,1500,1500.0,8487,63.0,2004,2004,7,5,2.0,Attchd,2,0,3,0,210.0,CollgCr,Gd,Y,Gd,Normal,RL,2009
907414080,173500,1476,738.0,8633,64.0,2005,2005,6,5,2.0,Attchd,2,1,3,0,0.0,CollgCr,Gd,Y,Gd,Normal,RL,2009
907420040,170000,1396,608.0,11069,85.0,2007,2007,6,5,2.0,BuiltIn,2,1,3,1,0.0,CollgCr,Gd,Y,Gd,Normal,RL,2009
908102050,108000,1126,0.0,8777,67.0,1949,2003,4,5,2.0,Detchd,2,0,2,0,0.0,Edwards,Gd,Y,,Normal,RL,2009
908102270,167000,1486,1486.0,9937,75.0,1964,1999,5,7,2.0,Detchd,1,0,3,0,0.0,Edwards,TA,Y,TA,Normal,RL,2009
908102290,100000,816,816.0,8877,67.0,1938,1958,4,6,1.0,Detchd,1,0,2,1,0.0,Edwards,TA,Y,TA,Normal,RL,2009
908128060,198500,1922,0.0,7301,64.0,2003,2003,7,5,2.0,BuiltIn,3,0,4,1,500.0,Edwards,Gd,Y,,Normal,RL,2009
908151050,159500,1426,690.0,7950,75.0,1977,1977,6,6,2.0,Attchd,1,1,3,0,140.0,Edwards,TA,Y,TA,Normal,RL,2009
908152035,127000,1149,1014.0,10682,80.0,1960,1971,4,6,1.0,2Types,1,0,3,0,0.0,Edwards,TA,Y,TA,Normal,RL,2009
908152100,125000,1125,1041.0,7200,72.0,1976,1976,6,6,1.0,Detchd,1,0,3,1,255.0,Edwards,TA,Y,TA,Abnorml,RL,2009
908154040,320000,1698,1698.0,13286,86.0,2007,2008,9,5,3.0,Attchd,2,0,3,1,340.0,Edwards,Ex,Y,Ex,Normal,RL,2009
908186080,145500,1072,547.0,3675,35.0,2005,2006,6,5,2.0,Basment,1,0,2,0,80.0,Edwards,TA,Y,Gd,Normal,RM,2009
908201040,118000,698,698.0,9405,50.0,1947,2008,5,9,0.0,,1,0,2,0,0.0,Edwards,TA,Y,TA,Normal,RL,2009
908203090,85000,876,876.0,6410,64.0,1959,1959,4,5,1.0,Detchd,1,0,3,0,0.0,Edwards,TA,Y,TA,Normal,RL,2009
908225290,120000,1368,1078.0,11767,70.0,1950,1950,5,5,1.0,Attchd,1,0,3,0,0.0,Edwards,TA,Y,Fa,Normal,RL,2009
908225370,98000,1529,0.0,8405,50.0,1945,1950,4,3,1.0,Detchd,2,0,4,0,0.0,Edwards,TA,N,,Normal,RL,2009
908229020,99900,864,864.0,4060,56.0,1922,1950,5,8,0.0,,1,0,2,0,0.0,Edwards,TA,Y,Fa,Normal,RL,2009
908250030,82000,944,0.0,10206,74.0,1952,1952,3,3,2.0,Detchd,1,0,2,0,0.0,Edwards,Fa,N,,Normal,RL,2009
908275040,119900,1678,1678.0,10926,65.0,1959,1959,5,5,0.0,,2,0,6,0,74.0,Edwards,TA,Y,TA,Normal,RL,2009
908275110,103500,1560,1150.0,11767,70.0,1956,1956,5,5,1.0,Attchd,1,0,2,1,259.0,Edwards,TA,Y,TA,Normal,RL,2009
908276150,112000,960,672.0,8926,,1956,1956,4,3,1.0,Basment,1,0,3,0,0.0,Edwards,TA,Y,TA,Abnorml,RL,2009
909101010,110000,1196,684.0,12354,67.0,1920,2000,6,8,2.0,Detchd,1,0,3,0,0.0,Edwards,Gd,Y,TA,Normal,RL,2009
909101100,122000,1298,720.0,8212,45.0,1941,1950,5,6,1.0,Detchd,1,0,3,2,0.0,Edwards,TA,Y,TA,Normal,RL,2009
909101140,117000,1604,984.0,10998,60.0,1941,1960,5,5,2.0,Detchd,2,0,3,0,0.0,Edwards,TA,Y,TA,Normal,RL,2009
909129090,160000,1268,832.0,6300,70.0,1938,1950,5,4,1.0,Basment,1,1,3,2,88.0,SWISU,TA,Y,TA,Abnorml,RH,2009
909129100,159434,1520,793.0,4500,55.0,1932,2000,5,5,1.0,Detchd,1,0,3,0,0.0,SWISU,TA,Y,TA,Abnorml,RH,2009
909175080,60000,438,290.0,8400,60.0,1920,1950,2,5,1.0,Detchd,1,0,1,0,0.0,SWISU,Fa,N,TA,Normal,RL,2009
909178160,139500,1489,778.0,9900,60.0,1940,1950,6,7,1.0,Detchd,2,0,3,1,0.0,SWISU,TA,Y,TA,Normal,RL,2009
909179020,197000,3082,824.0,15863,102.0,1920,1970,7,3,2.0,Basment,2,1,5,2,0.0,SWISU,TA,Y,TA,Normal,RL,2009
909250080,105000,1242,583.0,5707,43.0,1935,1950,6,6,1.0,Detchd,1,1,3,1,0.0,SWISU,TA,Y,TA,Normal,RL,2009
909250220,135000,1981,1122.0,7804,65.0,1928,1950,4,3,2.0,Detchd,2,0,4,2,0.0,SWISU,Gd,Y,TA,Normal,RL,2009
909251050,147500,1232,816.0,8574,64.0,1916,2000,6,8,2.0,Detchd,1,0,3,1,0.0,Crawfor,Gd,Y,TA,Normal,RL,2009
909251170,137450,1608,976.0,6171,51.0,1925,1990,6,6,1.0,Detchd,2,1,3,1,0.0,SWISU,Gd,Y,TA,Normal,RL,2009
909252020,155000,1135,560.0,7200,60.0,1936,2007,7,9,2.0,Detchd,1,0,3,0,0.0,SWISU,Gd,Y,Gd,Normal,RL,2009
909253010,177000,1913,896.0,7558,57.0,1928,1950,6,6,2.0,Detchd,1,1,3,1,0.0,Crawfor,TA,Y,TA,Normal,RL,2009
909253180,145000,1477,861.0,6292,52.0,1928,1950,7,7,1.0,Detchd,2,0,3,1,0.0,SWISU,TA,Y,TA,Normal,RL,2009
909254010,137000,1228,600.0,7155,53.0,1918,1990,7,8,1.0,Detchd,1,0,3,1,0.0,Crawfor,TA,Y,TA,Normal,RL,2009
909257050,234000,2080,1276.0,10918,53.0,1926,2004,7,9,1.0,Detchd,1,1,3,2,0.0,Crawfor,Gd,Y,Gd,Normal,RL,2009
909275080,205000,1567,840.0,13680,60.0,1940,1950,5,6,2.0,Detchd,1,1,2,2,0.0,Crawfor,TA,Y,TA,Normal,RL,2009
909276110,177500,1494,771.0,7500,,1942,1950,6,7,1.0,Attchd,1,0,3,2,0.0,Crawfor,Gd,Y,TA,Normal,RL,2009
909276200,160000,1308,728.0,9600,130.0,1940,1950,5,7,1.0,Detchd,1,1,2,2,0.0,Crawfor,TA,Y,TA,Normal,RL,2009
909277090,155000,1273,1273.0,14680,80.0,1960,1960,5,4,1.0,Attchd,1,0,2,0,0.0,Crawfor,TA,Y,TA,Normal,RL,2009
909277100,163500,964,876.0,13360,80.0,1921,2006,5,7,2.0,Detchd,1,0,2,0,0.0,Crawfor,TA,Y,Gd,Normal,RL,2009
909278020,154900,1343,731.0,7681,54.0,1921,1950,5,6,1.0,Detchd,1,1,3,1,0.0,Crawfor,TA,Y,TA,Normal,RL,2009
909279010,205000,2480,920.0,8145,,1940,1950,7,6,2.0,Detchd,2,1,5,2,0.0,Crawfor,TA,Y,TA,Normal,RL,2009
909282130,144800,1112,1112.0,9100,70.0,1954,1954,5,6,1.0,Attchd,1,0,2,1,0.0,Crawfor,TA,Y,TA,Family,RL,2009
909425060,174500,1564,704.0,12000,75.0,1941,1950,7,7,1.0,Attchd,1,1,3,1,0.0,Crawfor,Fa,Y,TA,Normal,RL,2009
909425130,193000,1561,1561.0,13339,90.0,1960,1960,6,6,2.0,Attchd,2,0,3,1,132.0,Crawfor,TA,Y,TA,Normal,RL,2009
909426090,158000,1523,1067.0,15600,78.0,1949,2005,5,7,1.0,Attchd,2,0,3,1,0.0,Crawfor,Fa,N,TA,Normal,RL,2009
909427200,158500,1152,1092.0,14000,80.0,1950,2004,6,8,1.0,Attchd,1,0,3,1,0.0,Crawfor,Gd,Y,TA,Family,RL,2009
909428240,224000,1906,1310.0,17500,100.0,1954,1954,6,5,2.0,Basment,1,1,3,2,420.0,Crawfor,TA,Y,TA,Normal,RL,2009
909451040,115000,1032,516.0,1733,24.0,1980,1980,6,6,2.0,Detchd,1,0,2,1,0.0,Blueste,TA,Y,TA,Normal,RM,2009
909451100,137000,1229,561.0,1488,24.0,1980,1992,6,6,2.0,Attchd,1,1,2,1,0.0,Blueste,Gd,Y,Gd,Normal,RM,2009
909451140,121000,1229,561.0,1612,24.0,1980,1980,6,6,2.0,Attchd,1,1,2,1,0.0,Blueste,TA,Y,Gd,Normal,RM,2009
909451180,124000,1229,561.0,1300,24.0,1980,1980,6,6,2.0,Attchd,1,1,2,1,0.0,Blueste,TA,Y,Gd,Normal,RM,2009
909452050,208000,1982,572.0,13607,,1986,1986,6,6,2.0,BuiltIn,2,1,3,1,242.0,Crawfor,TA,Y,TA,Normal,RL,2009
909475040,315000,2365,1803.0,17597,,1971,2009,7,9,2.0,Attchd,2,0,3,2,0.0,Crawfor,Ex,Y,Gd,Normal,RL,2009
909475300,222000,1680,880.0,21695,,1988,2007,6,9,2.0,Attchd,2,0,3,1,260.0,Crawfor,Gd,Y,Gd,Normal,RL,2009
910202070,147000,1344,672.0,10690,59.0,1920,1997,5,7,1.0,Detchd,1,0,3,0,0.0,IDOTRR,TA,Y,TA,Normal,RM,2009
910204050,123000,2168,760.0,8660,50.0,1900,1993,5,6,2.0,Detchd,2,0,5,0,0.0,IDOTRR,Gd,N,TA,Normal,RM,2009
910205020,78000,1192,596.0,6402,60.0,1920,1950,5,5,1.0,Detchd,1,0,3,0,0.0,IDOTRR,TA,N,TA,Normal,RM,2009
911103050,85000,1526,1013.0,8470,105.0,1915,1982,3,2,0.0,,1,0,2,0,0.0,IDOTRR,Fa,N,TA,Abnorml,C (all),2009
911104060,75000,572,572.0,10200,60.0,1925,1950,4,6,1.0,Detchd,1,0,2,0,0.0,IDOTRR,TA,N,TA,Normal,C (all),2009
911370500,230000,1648,1596.0,3843,44.0,2007,2008,8,5,2.0,Attchd,2,0,2,1,174.0,Crawfor,Ex,Y,Ex,Partial,RM,2009
912251110,57625,810,0.0,21780,109.0,1910,1950,2,4,1.0,Detchd,1,0,1,0,0.0,IDOTRR,TA,N,,Normal,I (all),2009
914465020,251000,2052,1107.0,10125,75.0,2000,2001,8,5,3.0,BuiltIn,2,1,3,1,0.0,Mitchel,Gd,Y,Gd,Normal,RL,2009
914465040,239686,2149,1434.0,12822,48.0,2003,2003,7,5,2.0,Attchd,1,1,1,1,0.0,Mitchel,Gd,Y,Ex,Abnorml,RL,2009
914465055,240000,1710,1710.0,12118,43.0,2004,2005,7,5,2.0,Attchd,2,0,3,1,108.0,Mitchel,Gd,Y,Ex,Normal,RL,2009
914474070,215000,1961,804.0,12209,71.0,2001,2002,6,5,2.0,BuiltIn,2,1,3,1,0.0,Mitchel,Gd,Y,Ex,Normal,RL,2009
914475010,156450,926,902.0,9750,75.0,1977,1977,6,6,1.0,Attchd,1,0,2,1,0.0,Mitchel,TA,Y,TA,Normal,RL,2009
914475030,173000,1287,957.0,9360,72.0,1977,1977,6,7,2.0,Attchd,1,1,2,2,0.0,Mitchel,TA,Y,Gd,Normal,RL,2009
914476020,126000,1734,0.0,10125,75.0,1977,1977,5,5,2.0,Attchd,2,0,4,0,0.0,Mitchel,Gd,Y,,Normal,RL,2009
914476380,173000,1217,1188.0,9947,,1990,1991,7,5,2.0,Attchd,2,0,3,0,0.0,Mitchel,Gd,Y,Gd,Normal,RL,2009
914476430,152000,1595,1582.0,11070,82.0,1991,1991,5,5,2.0,Detchd,2,0,2,0,0.0,Mitchel,TA,Y,Gd,Abnorml,RL,2009
916176030,137500,1344,819.0,14375,,1958,1958,6,6,2.0,Basment,1,0,3,1,541.0,Timber,Gd,Y,TA,Abnorml,RL,2009
916176125,375000,2036,2136.0,215245,150.0,1965,1965,7,5,2.0,Attchd,2,0,3,2,0.0,Timber,TA,Y,Gd,Normal,RL,2009
916380070,315500,1620,1620.0,12898,89.0,2007,2008,9,5,3.0,Attchd,2,0,2,1,70.0,Timber,Ex,Y,Ex,Normal,RL,2009
916382010,224500,1692,846.0,13159,83.0,2009,2009,7,5,2.0,Attchd,2,1,3,0,0.0,Timber,Gd,Y,Ex,Partial,RL,2009
916382100,410000,2036,2190.0,13438,113.0,2008,2008,9,5,3.0,Attchd,2,0,3,1,246.0,Timber,Ex,Y,Ex,Normal,RL,2009
916382110,316500,1641,1641.0,14463,79.0,2008,2008,9,5,3.0,Attchd,2,0,3,0,406.0,Timber,Ex,Y,Ex,Normal,RL,2009
916386140,201000,1466,1466.0,8925,73.0,2007,2007,8,5,3.0,Attchd,2,0,3,0,0.0,Timber,Gd,Y,Gd,Normal,RL,2009
916403010,175000,1412,1392.0,11457,130.0,1988,1988,6,5,2.0,Attchd,2,0,3,1,0.0,Timber,Gd,Y,Gd,Normal,RL,2009
916403200,204000,2237,712.0,9839,,1980,2006,6,8,2.0,BuiltIn,2,1,3,1,0.0,Timber,Gd,Y,Gd,Normal,RL,2009
916403250,213500,1479,1645.0,14419,125.0,1987,1989,7,5,2.0,Attchd,2,1,3,1,310.0,Timber,Gd,Y,Gd,Normal,RL,2009
916455070,220000,1296,1267.0,6853,,2001,2002,8,5,2.0,Attchd,2,0,2,0,136.0,Timber,Gd,Y,Ex,Normal,RL,2009
916460110,170000,2014,912.0,9157,75.0,2003,2003,7,5,2.0,Attchd,2,1,3,0,0.0,Timber,Gd,Y,Gd,Abnorml,RL,2009
916475040,315000,1838,1838.0,14601,85.0,2006,2006,9,5,3.0,Attchd,2,0,2,1,584.0,Timber,Ex,Y,Ex,Normal,RL,2009
921128050,425000,1978,1978.0,12633,85.0,2007,2007,9,5,3.0,Attchd,2,0,2,1,290.0,Timber,Ex,Y,Ex,Normal,RL,2009
923201100,139500,1008,1008.0,12518,75.0,1968,1968,5,7,1.0,Attchd,1,0,3,0,182.0,Mitchel,Gd,Y,TA,Normal,RL,2009
923202060,115000,1771,0.0,21750,100.0,1960,2006,5,4,2.0,Attchd,1,0,3,1,75.0,Mitchel,TA,Y,,Normal,RL,2009
923203110,162000,1204,1204.0,4500,32.0,1998,1998,6,5,2.0,Attchd,2,0,2,0,320.0,Mitchel,TA,Y,Ex,Normal,RM,2009
923203190,165000,1224,1224.0,4500,,1999,1999,6,5,2.0,Attchd,2,0,2,0,425.0,Mitchel,TA,Y,Ex,Normal,RM,2009
923225360,91000,988,462.0,1596,21.0,1973,1973,4,5,1.0,BuiltIn,1,0,2,0,0.0,MeadowV,TA,Y,Gd,Normal,RM,2009
923225490,130000,874,864.0,9858,62.0,1968,1968,5,6,1.0,Attchd,1,0,3,0,0.0,Mitchel,TA,Y,TA,Normal,RL,2009
923226270,86000,630,630.0,1526,21.0,1970,2002,4,8,1.0,Attchd,1,0,1,0,0.0,MeadowV,Gd,Y,Gd,Normal,RM,2009
923227080,160000,1404,1188.0,13383,83.0,1969,2000,5,5,2.0,Attchd,2,0,3,1,176.0,Mitchel,TA,Y,TA,Normal,RL,2009
923228110,80000,630,630.0,1477,21.0,1970,1970,4,4,1.0,Attchd,1,0,1,0,0.0,MeadowV,TA,Y,Gd,Normal,RM,2009
923228150,97000,1344,546.0,1533,21.0,1970,2008,4,6,0.0,,1,1,3,1,0.0,MeadowV,TA,Y,TA,Normal,RM,2009
923228230,88000,1092,546.0,2217,21.0,1970,1970,4,4,1.0,Attchd,1,1,3,0,0.0,MeadowV,TA,Y,TA,Normal,RM,2009
923230200,131900,796,796.0,7689,50.0,1972,1972,5,8,1.0,Detchd,1,0,2,0,0.0,Mitchel,TA,Y,Gd,Normal,RL,2009
923252075,131250,1091,384.0,7706,62.0,1993,1996,6,5,1.0,Attchd,1,0,2,0,0.0,Mitchel,TA,Y,Gd,Normal,RL,2009
923275040,165500,1110,1097.0,9101,,1978,1978,5,6,2.0,Attchd,1,0,1,1,104.0,Mitchel,Gd,Y,Gd,Normal,RL,2009
923275140,112000,833,833.0,8780,,1985,1985,5,5,0.0,,1,0,3,0,0.0,Mitchel,TA,Y,TA,Normal,RL,2009
923276260,149000,883,828.0,7669,70.0,1992,1993,5,6,2.0,Detchd,1,0,2,1,0.0,Mitchel,TA,Y,Gd,Normal,RL,2009
923400025,143000,1362,796.0,14115,85.0,1993,1995,5,5,2.0,Attchd,1,1,1,0,0.0,Mitchel,TA,Y,Gd,Normal,RL,2009
923400110,130000,1287,624.0,10429,62.0,1992,1992,5,5,2.0,Detchd,1,1,3,0,0.0,Mitchel,TA,Y,Gd,Normal,RL,2009
924100040,196000,1567,1567.0,9819,,1977,1977,6,5,2.0,Attchd,2,0,2,2,0.0,Mitchel,Gd,Y,TA,Normal,RL,2009
924100060,173000,1632,784.0,10457,70.0,1969,1969,5,7,2.0,Attchd,1,1,4,1,178.0,Mitchel,TA,Y,TA,Normal,RL,2009
526351030,176500,1414,1184.0,11029,87.0,1958,2002,6,8,2.0,Attchd,1,0,3,1,0.0,NAmes,TA,Y,Gd,Normal,RL,2008
526353050,237500,2117,1205.0,12925,,1970,1970,6,7,2.0,Attchd,2,1,4,2,0.0,NAmes,TA,Y,TA,Normal,RL,2008
526354070,206900,2112,952.0,11075,85.0,1969,1969,6,5,2.0,Attchd,2,1,4,2,0.0,NAmes,TA,Y,Fa,Normal,RL,2008
527105050,187500,1604,926.0,8702,72.0,1997,1998,6,5,2.0,Attchd,2,1,3,1,0.0,Gilbert,TA,Y,TA,Normal,RL,2008
527106050,165000,1470,680.0,8139,65.0,1995,1996,6,5,2.0,BuiltIn,2,1,3,1,119.0,Gilbert,TA,Y,Gd,Normal,RL,2008
527106140,195500,1604,926.0,9535,59.0,1998,1998,6,5,2.0,Attchd,2,1,3,0,0.0,Gilbert,TA,Y,Gd,Normal,RL,2008
527106150,192000,1638,943.0,9042,59.0,1998,1998,6,5,2.0,Attchd,2,1,3,2,0.0,Gilbert,TA,Y,Gd,Normal,RL,2008
527107010,173000,1636,916.0,15038,,1996,1996,6,5,2.0,Attchd,2,1,3,1,0.0,Gilbert,TA,Y,Gd,Normal,RL,2008
527107090,177900,1384,1348.0,14137,53.0,1996,1997,5,5,2.0,Attchd,2,0,3,0,0.0,Gilbert,Gd,Y,Gd,Normal,RL,2008
527107210,175000,1446,729.0,21872,57.0,1996,1997,7,5,2.0,Attchd,2,1,3,1,0.0,Gilbert,TA,Y,Gd,Normal,RL,2008
527127140,286000,1593,1593.0,4923,41.0,2001,2002,8,5,2.0,Attchd,1,1,0,1,0.0,StoneBr,Ex,Y,Ex,Normal,RL,2008
527131110,247900,1682,1664.0,6264,45.0,1997,1997,8,5,2.0,Attchd,1,1,1,1,0.0,StoneBr,Gd,Y,Ex,Normal,RL,2008
527140090,180000,1337,1337.0,5395,41.0,1993,1993,8,5,2.0,Attchd,2,0,2,1,0.0,StoneBr,Gd,Y,Gd,Normal,RL,2008
527145090,180000,1280,1280.0,5070,39.0,1992,1992,8,5,2.0,Attchd,2,0,2,0,0.0,StoneBr,Gd,Y,Gd,Normal,RL,2008
527161010,181000,1604,926.0,10839,100.0,1997,1998,6,5,2.0,Attchd,2,1,3,1,0.0,Gilbert,TA,Y,Gd,Normal,RL,2008
527162180,183000,1633,932.0,11184,73.0,1998,1998,6,5,2.0,Attchd,2,1,3,1,0.0,Gilbert,TA,Y,Gd,Family,RL,2008
527163100,188000,1658,773.0,8000,,1995,1996,6,5,2.0,Attchd,2,1,3,1,0.0,Gilbert,TA,Y,Gd,Normal,RL,2008
527164120,194500,1895,712.0,10832,,1994,1996,7,5,2.0,Attchd,2,1,3,1,0.0,Gilbert,Gd,Y,Gd,Normal,RL,2008
527165010,185000,1709,836.0,14067,,1991,1991,6,5,2.0,Attchd,2,1,3,0,194.0,Gilbert,Gd,Y,Gd,Normal,RL,2008
527183030,189000,1228,1228.0,4671,40.0,1988,1989,8,5,2.0,Attchd,2,0,2,1,0.0,StoneBr,Gd,Y,Gd,Normal,RL,2008
527183060,188500,1337,1337.0,5950,65.0,1989,1989,8,5,2.0,Attchd,2,0,2,1,0.0,StoneBr,Gd,Y,Gd,Normal,RL,2008
527208010,355000,2500,1168.0,13543,101.0,2005,2005,8,5,3.0,BuiltIn,3,1,5,1,130.0,StoneBr,Ex,Y,Ex,Normal,RL,2008
527212050,325000,2504,1122.0,11198,77.0,2005,2007,9,5,3.0,BuiltIn,2,1,4,1,245.0,StoneBr,Ex,Y,Gd,Normal,RL,2008
527214030,387000,1884,1884.0,15401,53.0,2004,2004,9,5,3.0,Attchd,2,0,2,1,296.0,StoneBr,Ex,Y,Ex,Normal,RL,2008
527226020,115000,1474,1632.0,31220,,1952,1952,6,2,2.0,Attchd,1,0,3,2,0.0,Gilbert,TA,Y,TA,Normal,RL,2008
527252080,334000,1710,1710.0,8118,60.0,2007,2007,9,5,2.0,Attchd,2,0,2,1,178.0,StoneBr,Ex,Y,Ex,Normal,RL,2008
527276040,133000,1488,1488.0,47280,,1950,1950,6,5,2.0,Attchd,2,1,3,1,44.0,Gilbert,TA,Y,TA,Family,RL,2008
527301170,215000,2093,791.0,20544,46.0,1986,1991,7,6,2.0,Attchd,2,1,3,1,123.0,NWAmes,TA,Y,Gd,Normal,RL,2008
527301245,226500,1688,1675.0,12680,63.0,1988,1988,7,6,2.0,Attchd,2,0,2,1,102.0,NWAmes,Ex,Y,Gd,Normal,RL,2008
527302050,175500,1422,1422.0,12090,78.0,1981,1981,6,6,2.0,Attchd,2,0,3,1,210.0,NWAmes,Gd,Y,Gd,Normal,RL,2008
527302070,181900,1260,1260.0,10825,,1983,1983,7,7,2.0,Attchd,2,0,3,0,174.0,NWAmes,TA,Y,Gd,Normal,RL,2008
527302185,235000,2064,2048.0,18559,56.0,1978,1978,7,5,2.0,Attchd,2,0,3,2,383.0,NWAmes,Gd,Y,Gd,Normal,RL,2008
527302210,220000,1782,1782.0,14450,85.0,1979,1979,7,5,2.0,Attchd,2,0,3,1,194.0,NWAmes,Gd,Y,Gd,Normal,RL,2008
527325070,272000,2872,1330.0,12227,,1977,1995,6,7,2.0,Attchd,2,1,4,1,424.0,NWAmes,TA,Y,Gd,Normal,RL,2008
527325240,161000,1211,1211.0,13068,90.0,1976,1976,6,5,2.0,Attchd,2,0,3,1,621.0,NWAmes,Gd,Y,Gd,Normal,RL,2008
527326130,175000,1126,1126.0,15611,,1977,1977,5,6,2.0,Attchd,2,0,3,0,0.0,NWAmes,Ex,Y,Gd,Abnorml,RL,2008
527354160,185000,2044,738.0,10400,80.0,1980,1988,7,6,2.0,Attchd,2,1,3,1,280.0,NWAmes,TA,Y,Gd,Normal,RL,2008
527357110,146900,1308,720.0,9743,75.0,1969,1969,5,6,2.0,Detchd,1,1,3,0,0.0,NWAmes,TA,Y,TA,Normal,RL,2008
527357180,292500,2840,1420.0,12511,,1978,1978,7,7,4.0,Attchd,2,1,4,2,168.0,NWAmes,Gd,Y,Gd,Normal,RL,2008
527358120,180000,1523,1193.0,11361,104.0,1976,1976,6,5,2.0,Attchd,2,0,3,1,160.0,NWAmes,TA,Y,Gd,Abnorml,RL,2008
527359030,159900,1444,1444.0,10400,80.0,1976,1976,6,5,2.0,Attchd,2,0,2,1,120.0,NWAmes,TA,Y,TA,Normal,RL,2008
527359070,205000,1964,803.0,10480,80.0,1976,1976,7,6,2.0,Attchd,2,1,4,1,660.0,NWAmes,TA,Y,TA,Normal,RL,2008
527378020,157000,1178,1176.0,10000,80.0,1973,2000,5,6,2.0,Attchd,1,1,3,1,0.0,NWAmes,Gd,Y,Gd,Normal,RL,2008
527380240,306000,2340,1236.0,14311,,1996,1996,8,5,3.0,Attchd,2,1,4,1,402.0,NWAmes,Gd,Y,Gd,Normal,RL,2008
527401130,133000,1792,896.0,9000,60.0,1974,1974,5,5,2.0,Detchd,2,2,4,0,0.0,NAmes,TA,Y,Gd,Normal,RL,2008
527402060,151000,1054,1054.0,9750,65.0,1969,1969,6,8,2.0,Attchd,1,1,3,0,0.0,NAmes,TA,Y,Gd,Normal,RL,2008
527402130,111900,936,936.0,10295,68.0,1969,1969,4,6,1.0,Attchd,1,0,2,0,72.0,NAmes,TA,Y,Gd,Normal,RL,2008
527403360,123000,864,864.0,7560,63.0,1971,1971,5,5,2.0,Detchd,1,0,3,0,0.0,NAmes,TA,Y,Gd,Normal,RL,2008
527425035,111250,864,864.0,12735,,1972,1972,4,5,2.0,Detchd,1,0,3,0,0.0,NAmes,TA,Y,TA,Normal,RL,2008
527427110,181000,1337,1405.0,4060,34.0,1998,1999,6,5,2.0,Attchd,2,0,2,0,0.0,NAmes,Gd,Y,Gd,Abnorml,RH,2008
527450110,103400,987,483.0,1680,21.0,1973,1973,6,5,1.0,Detchd,1,1,2,0,359.0,BrDale,TA,Y,TA,Normal,RM,2008
527450250,100000,987,483.0,1680,21.0,1973,1973,6,5,1.0,Detchd,1,1,2,0,158.0,BrDale,TA,Y,TA,Normal,RM,2008
527450520,100500,987,483.0,1890,21.0,1972,1972,6,6,1.0,Detchd,1,1,2,0,422.0,BrDale,TA,Y,TA,Normal,RM,2008
527451060,106000,987,483.0,1869,21.0,1970,1970,6,6,1.0,Detchd,1,1,2,0,127.0,BrDale,TA,Y,TA,Normal,RM,2008
527451290,85400,987,483.0,1680,21.0,1971,1971,6,5,1.0,Detchd,1,1,2,0,232.0,BrDale,TA,Y,TA,Abnorml,RM,2008
527451400,89500,987,483.0,1680,21.0,1971,1971,6,3,1.0,Detchd,1,1,2,0,604.0,BrDale,TA,Y,TA,Normal,RM,2008
527451550,111750,1302,630.0,1680,21.0,1972,1972,5,5,1.0,Detchd,2,1,3,0,356.0,BrDale,TA,Y,TA,Normal,RM,2008
527452150,140000,1069,1069.0,4043,53.0,1977,1977,6,6,2.0,Attchd,2,0,2,0,0.0,NPkVill,TA,Y,Gd,Abnorml,RL,2008
527453160,143000,1456,855.0,2308,24.0,1975,1975,6,6,2.0,Attchd,2,1,4,0,0.0,NPkVill,TA,Y,Gd,Normal,RL,2008
527454120,148500,1055,1055.0,2529,24.0,1977,1977,7,6,2.0,Attchd,2,0,2,0,0.0,NPkVill,TA,Y,Gd,Normal,RL,2008
527455270,110000,892,864.0,9477,,1966,1966,5,5,1.0,Attchd,1,0,3,0,65.0,NAmes,TA,Y,TA,Normal,RL,2008
528102030,394617,1932,1932.0,12444,96.0,2008,2008,8,5,3.0,Attchd,2,0,2,1,426.0,NridgHt,Ex,Y,Ex,Partial,RL,2008
528102110,426000,2332,1682.0,12474,96.0,2007,2008,10,5,3.0,BuiltIn,2,1,3,1,272.0,NridgHt,Ex,Y,Ex,Partial,RL,2008
528104050,385000,2084,2078.0,14803,114.0,2007,2008,10,5,3.0,Attchd,2,0,2,1,816.0,NridgHt,Ex,Y,Ex,Partial,RL,2008
528104080,446261,2713,1452.0,14948,67.0,2008,2008,9,5,3.0,Attchd,2,1,3,1,268.0,NridgHt,Ex,Y,Ex,Partial,RL,2008
528108150,317500,1582,1582.0,12704,98.0,2007,2007,8,5,3.0,Attchd,2,0,3,0,302.0,NridgHt,Gd,Y,Ex,Partial,RL,2008
528110080,372402,1710,1710.0,13891,107.0,2007,2008,8,5,3.0,Attchd,2,0,2,1,436.0,NridgHt,Gd,Y,Ex,Partial,RL,2008
528110110,417500,2464,2418.0,13693,105.0,2007,2007,8,5,3.0,Attchd,2,1,4,1,554.0,NridgHt,Ex,Y,Ex,Normal,RL,2008
528114040,383000,1950,1950.0,14418,104.0,2007,2007,9,5,3.0,Attchd,2,0,2,1,480.0,NridgHt,Ex,Y,Ex,Normal,RL,2008
528118030,390000,2748,1850.0,13418,108.0,2006,2006,9,5,3.0,BuiltIn,2,1,4,1,270.0,NridgHt,Ex,Y,Ex,Abnorml,RL,2008
528118090,460000,2790,1620.0,12539,96.0,2005,2006,10,5,4.0,BuiltIn,2,1,4,1,468.0,NridgHt,Ex,Y,Ex,Normal,RL,2008
528120130,379000,2331,1414.0,12151,102.0,2005,2005,9,5,3.0,BuiltIn,2,1,3,1,368.0,NridgHt,Ex,Y,Ex,Normal,RL,2008
528142020,250000,2088,948.0,8899,74.0,2007,2007,8,5,3.0,BuiltIn,2,1,4,1,108.0,NridgHt,Gd,Y,Gd,Normal,RL,2008
528142140,316000,2332,1148.0,10574,85.0,2004,2004,8,5,3.0,BuiltIn,2,1,4,1,126.0,NridgHt,Ex,Y,Ex,Normal,RL,2008
528164060,615000,2470,2535.0,12720,106.0,2003,2003,10,5,3.0,Attchd,1,1,1,2,680.0,NridgHt,Ex,Y,Ex,Normal,RL,2008
528166120,412500,2668,1572.0,13688,110.0,2003,2004,9,5,3.0,BuiltIn,2,1,3,2,664.0,NridgHt,Ex,Y,Ex,Normal,RL,2008
528170070,284000,2046,998.0,10625,85.0,2003,2004,7,5,3.0,BuiltIn,2,1,3,1,292.0,NridgHt,Gd,Y,Gd,Normal,RL,2008
528172080,284000,1575,1603.0,10845,92.0,2003,2004,8,5,3.0,Attchd,2,0,2,1,504.0,NridgHt,Gd,Y,Gd,Normal,RL,2008
528178070,421250,2649,1479.0,16900,130.0,2001,2002,8,5,3.0,Attchd,2,1,4,1,1110.0,NridgHt,Gd,Y,Ex,Normal,RL,2008
528178090,370000,2690,1765.0,16451,112.0,2003,2003,8,5,3.0,BuiltIn,2,1,4,1,221.0,NridgHt,Gd,Y,Ex,Normal,RL,2008
528180110,336860,1866,1858.0,10110,58.0,2008,2008,9,5,3.0,Attchd,2,0,2,1,492.0,NridgHt,Ex,Y,Gd,Partial,RL,2008
528180140,367294,1702,1702.0,8769,65.0,2008,2008,9,5,3.0,Attchd,1,1,1,1,766.0,NridgHt,Ex,Y,Ex,Partial,RL,2008
528181010,192000,1367,1367.0,12304,135.0,2005,2005,7,5,2.0,Attchd,2,0,2,1,144.0,NridgHt,Gd,Y,Gd,Normal,RL,2008
528186030,274000,1518,1518.0,12677,62.0,2003,2004,8,5,2.0,Attchd,1,1,1,1,472.0,NridgHt,Ex,Y,Ex,Normal,RL,2008
528186080,266000,1684,1684.0,8849,63.0,2005,2005,9,5,2.0,Attchd,2,0,2,1,616.0,NridgHt,Ex,Y,Ex,Normal,RL,2008
528186130,370967,1800,1800.0,8232,89.0,2007,2008,9,5,3.0,Attchd,2,0,2,1,714.0,NridgHt,Ex,Y,Ex,Partial,RL,2008
528186160,234250,1342,1342.0,6240,48.0,2006,2007,8,5,2.0,Attchd,2,0,2,1,176.0,NridgHt,Gd,Y,Gd,Normal,RL,2008
528186170,219500,1342,1342.0,6240,48.0,2006,2007,8,5,2.0,Attchd,2,0,2,1,196.0,NridgHt,Gd,Y,Gd,Normal,RL,2008
528188090,155000,1626,764.0,2448,36.0,2003,2004,7,5,2.0,BuiltIn,2,1,2,0,106.0,NridgHt,Gd,Y,Gd,Normal,RL,2008
528188150,154000,1626,764.0,2448,36.0,2003,2004,7,5,2.0,BuiltIn,2,1,2,0,106.0,NridgHt,Gd,Y,Gd,Normal,RL,2008
528190010,207000,1358,1358.0,8198,59.0,2004,2004,7,5,2.0,Attchd,2,0,2,1,146.0,NridgHt,Gd,Y,Gd,Normal,RM,2008
528228345,195000,1455,1415.0,3940,,2003,2003,7,5,3.0,Attchd,2,0,2,1,143.0,Blmngtn,Gd,Y,Gd,Normal,RL,2008
528228405,219990,1576,1393.0,3940,,2004,2004,7,5,3.0,Attchd,2,0,2,1,24.0,Blmngtn,Gd,Y,Gd,Normal,RM,2008
528228445,191000,1504,1346.0,3182,43.0,2005,2006,7,5,2.0,Attchd,2,0,2,1,14.0,Blmngtn,Gd,Y,Gd,Normal,RL,2008
528228465,159895,1266,1266.0,3182,43.0,2007,2007,7,5,2.0,Attchd,2,0,2,1,16.0,Blmngtn,Gd,Y,Gd,Normal,RL,2008
528228540,187687,1246,1146.0,3710,53.0,2007,2008,7,5,2.0,Attchd,2,0,2,1,20.0,Blmngtn,Gd,Y,Gd,Partial,RL,2008
528235020,179000,1515,789.0,9024,80.0,2004,2004,6,5,2.0,Attchd,2,1,3,1,0.0,Gilbert,Gd,Y,Gd,Normal,RL,2008
528235120,193000,1593,839.0,7415,62.0,2004,2004,6,5,2.0,Attchd,2,1,3,1,0.0,Gilbert,TA,Y,TA,Normal,RL,2008
528235180,190000,1166,856.0,9587,59.0,2005,2005,7,5,2.0,Attchd,2,0,2,0,182.0,Gilbert,Gd,Y,Gd,Normal,RL,2008
528240040,176000,1456,728.0,8029,51.0,2005,2005,6,5,2.0,Attchd,2,1,3,0,0.0,Gilbert,Gd,Y,Gd,Normal,RL,2008
528240050,188000,1720,840.0,8010,,2002,2003,7,5,2.0,BuiltIn,2,1,3,1,0.0,Gilbert,Gd,Y,Gd,Normal,RL,2008
528250030,213000,1986,847.0,8396,,2003,2003,7,5,2.0,BuiltIn,2,1,4,1,196.0,Gilbert,Gd,Y,Gd,Normal,RL,2008
528253020,217300,1358,1350.0,7301,55.0,2007,2008,7,6,2.0,Attchd,2,0,2,1,176.0,NridgHt,Gd,Y,Gd,Partial,RL,2008
528280130,186500,1792,936.0,10261,93.0,2000,2000,6,5,2.0,Attchd,2,1,3,1,318.0,Gilbert,TA,Y,Gd,Normal,RL,2008
528280180,226750,1892,982.0,8220,71.0,2000,2001,7,5,2.0,Attchd,2,1,3,1,647.0,Gilbert,TA,Y,Gd,Normal,RL,2008
528290010,184000,1490,788.0,15384,60.0,2004,2005,7,5,2.0,Attchd,2,1,3,1,0.0,Gilbert,Gd,Y,Gd,Normal,RL,2008
528290090,176000,1414,707.0,7750,,2002,2002,7,5,2.0,Attchd,2,1,3,1,,Gilbert,Gd,Y,Gd,Normal,RL,2008
528292060,225000,2322,1037.0,12460,41.0,1999,2000,7,5,2.0,BuiltIn,2,1,4,1,0.0,Gilbert,TA,Y,Gd,Normal,RL,2008
528294060,185900,1651,831.0,8390,77.0,1999,1999,7,5,2.0,BuiltIn,2,1,3,1,0.0,Gilbert,TA,Y,Gd,Normal,RL,2008
528315060,284500,2199,1173.0,9660,84.0,1997,1997,8,5,2.0,Attchd,2,1,3,1,1290.0,NoRidge,Gd,Y,Gd,Normal,RL,2008
528315110,315000,2630,1470.0,9200,80.0,1998,1998,8,5,3.0,Attchd,2,1,4,1,473.0,NoRidge,Gd,Y,Gd,Normal,RL,2008
528326030,250000,2198,1145.0,14260,84.0,2000,2000,8,5,3.0,Attchd,2,1,4,1,350.0,NoRidge,Gd,Y,Gd,Normal,RL,2008
528326110,291000,2172,1519.0,11000,,2000,2000,9,5,3.0,BuiltIn,2,1,4,1,295.0,NoRidge,Ex,Y,Ex,Normal,RL,2008
528346050,350000,2006,1982.0,11675,136.0,1998,1998,8,5,3.0,Attchd,2,0,2,1,495.0,NoRidge,Gd,Y,Gd,Normal,RL,2008
528354100,279500,2125,1064.0,10990,97.0,1996,1997,7,5,2.0,Attchd,2,1,4,2,0.0,NoRidge,Gd,Y,Ex,Normal,RL,2008
528363020,290000,2501,1242.0,11929,,1995,1995,8,7,3.0,Attchd,2,1,4,1,466.0,NoRidge,Gd,Y,Gd,Normal,RL,2008
528363110,350000,2113,2109.0,10437,91.0,1995,1995,8,6,3.0,Attchd,2,1,2,1,660.0,NoRidge,Gd,Y,Gd,Normal,RL,2008
528365060,341000,2418,1311.0,10542,96.0,1993,1994,7,5,3.0,Attchd,2,1,3,1,651.0,NoRidge,Gd,Y,Gd,Normal,RL,2008
528365080,287500,2197,1080.0,10010,91.0,1993,1994,7,5,3.0,Attchd,2,1,4,1,320.0,NoRidge,Gd,Y,Gd,Normal,RL,2008
528387050,271000,2127,1223.0,10944,81.0,1994,1994,7,5,2.0,Attchd,2,1,3,2,448.0,NoRidge,Gd,Y,Gd,Normal,RL,2008
528390020,301500,1987,1986.0,14303,91.0,1994,1994,8,5,2.0,Attchd,2,0,2,1,554.0,NoRidge,Gd,Y,Gd,Normal,RL,2008
528427010,235128,1580,1580.0,11932,92.0,2007,2008,8,5,3.0,Attchd,2,0,3,0,186.0,Somerst,Gd,Y,Gd,Partial,RL,2008
528427070,214000,1933,894.0,14598,86.0,2007,2007,6,5,3.0,BuiltIn,2,1,4,1,74.0,Somerst,Gd,Y,Gd,Normal,RL,2008
528429050,232000,1574,1574.0,11957,75.0,2006,2006,8,5,3.0,Attchd,2,0,3,1,53.0,Somerst,Gd,Y,Gd,Normal,RL,2008
528429070,240000,1578,1578.0,13253,74.0,2006,2006,7,5,3.0,Attchd,2,0,3,1,128.0,Somerst,Gd,Y,Ex,Normal,RL,2008
528429080,264132,1506,1498.0,14587,75.0,2008,2008,9,5,2.0,Attchd,2,0,2,1,284.0,Somerst,Ex,Y,Gd,Partial,RL,2008
528431060,245000,1563,1563.0,10206,78.0,2007,2007,8,5,3.0,Attchd,2,0,3,1,468.0,Somerst,Gd,Y,Gd,Normal,RL,2008
528431080,227680,1428,1417.0,12274,91.0,2008,2008,7,5,2.0,Attchd,2,0,3,0,256.0,Somerst,Ex,Y,Gd,Partial,RL,2008
528431120,257000,1861,1341.0,9801,73.0,2007,2007,8,5,3.0,BuiltIn,3,0,3,1,156.0,Somerst,Gd,Y,Gd,Normal,RL,2008
528435020,297900,1874,955.0,9428,80.0,2007,2008,8,5,3.0,Attchd,2,1,3,1,310.0,Somerst,Gd,Y,Gd,Partial,RL,2008
528439010,247000,1460,1460.0,10037,87.0,2006,2007,8,5,2.0,Attchd,2,0,3,1,,Somerst,Gd,Y,Ex,Normal,RL,2008
528458030,212700,1372,1363.0,8640,72.0,2007,2008,8,5,2.0,Attchd,2,0,3,0,0.0,Somerst,Gd,Y,Gd,Partial,FV,2008
528458050,250580,1372,1372.0,8640,72.0,2007,2008,7,5,2.0,Attchd,2,0,3,0,0.0,Somerst,Gd,Y,Ex,Partial,FV,2008
528462040,182000,1428,1428.0,11639,95.0,2007,2008,7,5,2.0,Attchd,2,0,3,0,,Somerst,Gd,Y,Gd,Partial,FV,2008
528477040,226700,1768,866.0,9803,75.0,2005,2005,7,5,2.0,Attchd,2,1,3,0,0.0,Somerst,Gd,Y,Gd,Normal,FV,2008
528478030,250000,1992,1053.0,9375,75.0,2003,2004,8,5,2.0,Attchd,2,1,3,1,768.0,Somerst,Gd,Y,Ex,Normal,FV,2008
528478040,250000,1958,1026.0,10625,85.0,2005,2005,7,5,3.0,Attchd,2,1,3,1,0.0,Somerst,Gd,Y,Gd,Normal,FV,2008
528480060,339750,2078,1034.0,10800,85.0,2007,2008,8,5,3.0,Attchd,2,1,3,1,100.0,Somerst,Ex,Y,Ex,Partial,FV,2008
528480160,205950,1665,813.0,8125,65.0,2007,2007,7,6,2.0,Attchd,2,1,3,0,,Somerst,Gd,Y,Gd,Normal,FV,2008
528482020,256000,1660,1660.0,10625,85.0,2007,2007,8,5,3.0,Attchd,2,0,3,1,292.0,Somerst,Gd,Y,Gd,Normal,FV,2008
528488140,230348,1218,1218.0,7500,62.0,2007,2008,7,5,2.0,Attchd,2,0,2,0,210.0,Somerst,Gd,Y,Gd,Partial,FV,2008
528490080,207500,1728,864.0,8791,64.0,2003,2003,6,5,2.0,Attchd,2,1,3,0,0.0,Somerst,Gd,Y,Gd,Normal,FV,2008
531363060,141000,1080,1080.0,7500,63.0,2004,2005,7,5,0.0,,1,0,3,0,120.0,SawyerW,Gd,Y,Gd,Normal,RL,2008
531371070,188000,1696,835.0,10110,68.0,2003,2003,6,5,2.0,Attchd,2,1,3,0,0.0,SawyerW,Gd,Y,Gd,Normal,RL,2008
531373060,192500,1663,835.0,12774,67.0,2003,2004,7,5,2.0,Attchd,2,1,3,0,95.0,SawyerW,Gd,Y,Gd,Normal,RL,2008
531375050,146000,1175,1175.0,13072,63.0,2005,2006,6,5,0.0,,1,0,3,0,126.0,SawyerW,Gd,Y,Gd,Normal,RL,2008
531375110,159000,1114,1114.0,13695,66.0,2004,2004,5,5,2.0,Detchd,1,1,3,0,0.0,SawyerW,Gd,Y,TA,Normal,RL,2008
531375120,155000,1114,1114.0,13695,66.0,2003,2004,6,5,2.0,Detchd,1,0,3,0,0.0,SawyerW,Gd,Y,Gd,Normal,RL,2008
531376010,173000,1640,798.0,8366,65.0,2004,2004,6,5,2.0,Attchd,2,1,3,0,0.0,SawyerW,Gd,Y,Gd,Normal,RL,2008
531376070,170000,1162,1162.0,9260,81.0,2007,2007,7,5,2.0,Attchd,2,0,3,0,0.0,SawyerW,Gd,Y,Gd,Normal,RL,2008
531382090,182000,1609,754.0,8453,65.0,1995,1995,6,5,2.0,Attchd,2,1,3,0,38.0,SawyerW,Gd,Y,Gd,Normal,RL,2008
531382110,163000,1680,886.0,8480,50.0,1993,1994,6,5,2.0,Attchd,2,1,3,0,120.0,SawyerW,Gd,Y,Gd,Normal,RL,2008
531382120,193500,1679,1408.0,8125,65.0,1994,1998,6,5,2.0,Attchd,2,0,3,1,258.0,SawyerW,Gd,Y,Gd,Normal,RL,2008
531384030,189000,1657,832.0,14565,43.0,1994,1995,7,5,2.0,Attchd,2,1,3,0,145.0,SawyerW,Gd,Y,Gd,Normal,RL,2008
531385060,190500,1677,827.0,8450,65.0,2001,2001,6,5,2.0,Attchd,2,1,3,0,0.0,SawyerW,Gd,Y,Gd,Normal,RL,2008
531450030,175000,1737,836.0,8285,75.0,1992,1992,7,5,2.0,Attchd,2,1,3,0,0.0,SawyerW,Gd,Y,Gd,Normal,RL,2008
531450090,179200,1294,1278.0,7153,,1991,1991,6,5,2.0,Attchd,2,0,3,0,88.0,SawyerW,Gd,Y,Gd,Normal,RL,2008
531450170,187000,1710,832.0,9291,76.0,1993,1993,6,5,2.0,Attchd,2,1,3,0,120.0,SawyerW,Gd,Y,Gd,Normal,RL,2008
531451020,193000,1617,1604.0,8012,50.0,1993,1994,6,5,2.0,Attchd,2,0,2,1,0.0,SawyerW,Gd,Y,Gd,Normal,RL,2008
531452140,153900,1199,1199.0,7892,55.0,1993,1993,6,5,2.0,Attchd,2,0,2,0,0.0,SawyerW,Gd,Y,Gd,Normal,RL,2008
532351050,128000,984,984.0,9100,70.0,1963,1963,5,5,1.0,Attchd,1,0,3,1,0.0,Sawyer,TA,Y,TA,Normal,RL,2008
532353050,144000,912,912.0,12968,,1962,1962,5,6,1.0,Detchd,1,0,2,0,0.0,Sawyer,TA,Y,TA,Normal,RL,2008
532354150,135000,864,864.0,8100,75.0,1961,2007,5,8,1.0,Detchd,1,0,3,1,0.0,Sawyer,Gd,Y,TA,Normal,RL,2008
532376170,115000,890,890.0,8450,65.0,1968,1968,5,5,1.0,Detchd,1,0,3,0,0.0,Sawyer,TA,N,TA,Normal,RL,2008
532377020,119916,864,864.0,6360,60.0,1963,1963,5,5,1.0,Attchd,1,0,3,0,0.0,Sawyer,TA,Y,Gd,Abnorml,RL,2008
532378200,142000,912,912.0,6768,65.0,1961,1996,6,8,1.0,Detchd,1,0,3,0,0.0,Sawyer,Gd,Y,TA,Normal,RL,2008
532477030,192000,1430,1430.0,19508,95.0,1974,1974,6,5,2.0,Attchd,2,0,3,2,144.0,Veenker,TA,Y,TA,Normal,RL,2008
532479020,140000,1641,1001.0,10759,70.0,1972,1972,5,4,2.0,Detchd,2,0,4,1,0.0,Sawyer,TA,Y,Gd,Normal,RL,2008
533125080,290000,2683,930.0,9205,,1990,1991,6,5,2.0,Attchd,2,1,4,2,304.0,NoRidge,Gd,Y,Gd,Normal,RL,2008
533125140,372500,2786,1848.0,11025,105.0,1993,1994,9,5,2.0,Attchd,2,1,4,1,568.0,NoRidge,Gd,Y,Gd,Normal,RL,2008
533206050,196000,1391,1391.0,4282,59.0,2004,2004,7,5,2.0,Attchd,2,0,2,0,0.0,Somerst,Gd,Y,Gd,Normal,FV,2008
533208080,171900,1250,625.0,4017,35.0,2006,2007,7,5,2.0,Detchd,2,1,2,0,0.0,Somerst,Gd,Y,Gd,Normal,FV,2008
533208140,178000,1245,1235.0,3435,37.0,2004,2005,7,5,2.0,Attchd,2,0,1,0,0.0,Somerst,Gd,Y,Gd,Normal,FV,2008
533212050,165000,1200,600.0,3180,30.0,2005,2005,6,5,2.0,Detchd,2,1,2,0,0.0,Somerst,Gd,Y,Gd,Normal,FV,2008
533212140,146000,1392,689.0,3180,30.0,2007,2007,7,5,2.0,Detchd,2,0,2,0,0.0,Somerst,Gd,Y,Gd,Abnorml,FV,2008
533212150,146000,1392,689.0,3604,34.0,2007,2007,7,5,2.0,Detchd,2,0,2,0,0.0,Somerst,Gd,Y,Gd,Abnorml,FV,2008
533213070,179400,1501,744.0,2280,24.0,1999,1999,7,5,2.0,Detchd,2,1,3,0,360.0,Somerst,TA,Y,Gd,Normal,FV,2008
533213120,172900,1549,744.0,2280,24.0,1999,1999,6,5,2.0,Detchd,2,1,3,0,216.0,Somerst,TA,Y,Gd,Normal,FV,2008
533215020,300000,1638,1614.0,4765,,2000,2000,9,5,2.0,Attchd,2,0,2,1,260.0,Somerst,Ex,Y,Gd,Normal,FV,2008
533215030,285000,1310,1310.0,4538,,2001,2001,9,5,2.0,Attchd,1,1,1,1,179.0,Somerst,Gd,Y,Ex,Normal,FV,2008
533215040,290000,1419,1419.0,4385,42.0,2001,2001,9,5,2.0,Attchd,1,1,2,1,0.0,Somerst,Ex,Y,Ex,Normal,FV,2008
533215070,305000,1557,1557.0,4109,35.0,1999,2000,9,5,2.0,Attchd,2,0,2,1,260.0,Somerst,Ex,Y,Gd,Normal,FV,2008
533215080,328900,1709,1698.0,5119,50.0,1999,2000,9,5,2.0,Attchd,2,0,2,1,60.0,Somerst,Gd,Y,Ex,Abnorml,FV,2008
533217050,160000,1252,600.0,2160,24.0,1999,2000,7,5,2.0,Detchd,2,1,2,0,212.0,Somerst,Gd,Y,Gd,Normal,FV,2008
533217060,170000,1404,672.0,2160,24.0,1999,2000,7,5,2.0,Detchd,2,1,3,0,216.0,Somerst,Gd,Y,Gd,Normal,FV,2008
533234020,223000,1789,858.0,10646,79.0,2001,2001,7,5,2.0,Attchd,2,1,3,1,513.0,Somerst,TA,Y,TA,Normal,FV,2008
533236060,170000,1586,960.0,2645,24.0,1999,1999,8,5,2.0,Detchd,2,1,3,0,466.0,Somerst,Gd,Y,Gd,Normal,FV,2008
533236070,200000,1607,960.0,2645,24.0,1999,2000,8,5,2.0,Detchd,2,1,3,0,456.0,Somerst,Gd,Y,Gd,Normal,FV,2008
533236090,345000,2393,970.0,3951,36.0,1998,1999,10,5,2.0,Attchd,2,1,2,1,0.0,Somerst,Ex,Y,Gd,Normal,FV,2008
533250050,245500,1288,1260.0,14963,38.0,1996,1996,8,5,2.0,Attchd,1,1,1,2,0.0,Veenker,Ex,Y,Gd,Normal,RL,2008
533250110,217500,1239,1230.0,11064,22.0,1995,1995,8,5,2.0,Attchd,1,1,1,1,0.0,Veenker,Gd,Y,Gd,Normal,RL,2008
533250160,324000,1719,1719.0,10846,32.0,1993,1993,8,5,2.0,Attchd,1,1,1,2,0.0,Veenker,Gd,Y,Gd,Normal,RL,2008
533251120,162500,1232,1232.0,11120,,1984,1984,6,6,2.0,Attchd,2,0,3,0,0.0,Veenker,TA,Y,Gd,Normal,RL,2008
533350090,150000,2944,994.0,24572,,1977,1977,9,3,3.0,Attchd,2,2,3,1,1050.0,Veenker,Gd,Y,Gd,Family,RL,2008
533350120,290000,1671,1426.0,16280,103.0,1976,2007,8,9,2.0,Attchd,3,0,3,1,0.0,Veenker,Ex,Y,Gd,Normal,RL,2008
534104100,205000,1812,952.0,7500,,2002,2002,7,5,2.0,Attchd,2,1,3,1,,Somerst,TA,Y,Gd,Normal,FV,2008
534126090,174000,1682,1304.0,10400,80.0,1970,1970,7,6,2.0,Attchd,2,0,3,1,288.0,NWAmes,TA,Y,TA,Normal,RL,2008
534127210,183000,1427,1427.0,11104,,1969,1969,6,6,2.0,Attchd,2,0,4,0,0.0,NWAmes,TA,Y,TA,Normal,RL,2008
534127230,150000,1740,1740.0,11050,85.0,1968,1968,6,5,2.0,Attchd,1,1,4,1,0.0,NWAmes,TA,Y,TA,Family,RL,2008
534128050,145000,1258,1258.0,11040,80.0,1971,2004,6,7,2.0,Attchd,2,0,3,0,144.0,NWAmes,Gd,Y,TA,Abnorml,RL,2008
534129060,215000,1620,1620.0,15387,,1967,1967,7,7,2.0,Attchd,2,0,4,1,0.0,NWAmes,Gd,Y,TA,Normal,RL,2008
534175140,140500,1625,1625.0,9750,75.0,1965,1965,5,6,2.0,Detchd,2,0,4,0,0.0,NWAmes,TA,Y,TA,Normal,RL,2008
534177180,240000,2614,1522.0,10800,90.0,1974,1997,6,7,2.0,Attchd,2,1,4,1,0.0,NWAmes,TA,Y,TA,Normal,RL,2008
534201240,141000,1464,732.0,8814,73.0,1968,1968,5,6,2.0,Attchd,1,1,4,0,0.0,NAmes,TA,Y,TA,Normal,RL,2008
534202130,147000,912,912.0,8872,72.0,1965,2008,5,8,2.0,Detchd,1,0,2,0,300.0,NAmes,Gd,Y,TA,Normal,RL,2008
534204030,135000,925,912.0,8125,65.0,1965,2005,5,7,2.0,Detchd,1,0,3,0,0.0,NAmes,TA,Y,TA,Normal,RL,2008
534225110,145000,1728,1728.0,11072,72.0,1965,1965,5,5,2.0,Detchd,2,0,6,0,0.0,NAmes,TA,Y,TA,Normal,RL,2008
534225120,142600,1728,1728.0,13101,74.0,1965,1965,5,5,2.0,Detchd,2,0,6,0,108.0,NAmes,TA,Y,TA,Normal,RL,2008
534250010,135000,1656,1656.0,9246,87.0,1973,1973,5,5,2.0,Detchd,2,0,4,0,564.0,NWAmes,TA,Y,TA,Normal,RL,2008
534250335,170000,1670,825.0,13355,,1971,1971,7,6,2.0,Attchd,1,1,4,0,0.0,NWAmes,TA,Y,Gd,Normal,RL,2008
534250370,299800,2715,1142.0,8963,,1976,1996,8,9,2.0,BuiltIn,3,1,4,2,289.0,NWAmes,Gd,Y,TA,Normal,RL,2008
534250410,185000,1876,901.0,9120,76.0,1974,1974,6,6,2.0,Attchd,2,1,4,1,270.0,NWAmes,Gd,Y,TA,Normal,RL,2008
534251280,173000,1632,800.0,9130,,1966,2000,6,8,2.0,Attchd,1,1,4,0,252.0,NWAmes,Gd,Y,TA,Normal,RL,2008
534252090,178400,999,944.0,12122,,1961,2007,7,9,2.0,Attchd,1,0,3,0,210.0,NAmes,Ex,Y,TA,Normal,RL,2008
534252270,176000,1978,832.0,9900,,1968,1968,7,5,2.0,Attchd,2,1,4,1,342.0,NWAmes,TA,Y,TA,Normal,RL,2008
534276190,98000,1014,0.0,7785,74.0,1956,1956,5,5,1.0,Attchd,1,0,2,0,0.0,NAmes,TA,Y,,Normal,RL,2008
534277060,109008,907,907.0,8593,77.0,1957,1957,4,6,1.0,Detchd,1,0,3,0,0.0,NAmes,TA,Y,TA,Normal,RL,2008
534277070,135750,952,952.0,8475,,1956,1956,4,7,1.0,Detchd,1,0,2,0,0.0,NAmes,TA,Y,TA,Normal,RL,2008
534400030,155000,1128,1120.0,8700,80.0,1963,1963,5,6,2.0,Attchd,2,0,3,0,148.0,NAmes,TA,Y,TA,Normal,RL,2008
534400060,180500,1425,1425.0,10175,100.0,1964,1964,6,5,2.0,Attchd,2,0,3,1,272.0,NAmes,TA,Y,TA,Normal,RL,2008
534401130,174900,1165,1127.0,9020,82.0,1966,1966,6,7,2.0,Attchd,1,1,3,0,183.0,NAmes,TA,Y,TA,Normal,RL,2008
534401190,140000,1136,1136.0,9200,80.0,1965,1965,6,6,1.0,Attchd,1,0,3,1,0.0,NAmes,TA,Y,TA,Normal,RL,2008
534403050,145000,1092,1092.0,8250,75.0,1964,1964,6,7,2.0,Attchd,1,0,3,0,260.0,NAmes,TA,Y,Gd,Normal,RL,2008
534403080,179900,1265,1219.0,9350,85.0,1965,1999,5,8,2.0,Attchd,2,0,3,1,0.0,NAmes,Gd,Y,TA,Normal,RL,2008
534403100,168500,1350,1248.0,9020,82.0,1964,1964,6,5,2.0,Attchd,1,1,3,0,259.0,NAmes,TA,Y,TA,Normal,RL,2008
534403260,140000,1114,1114.0,9900,90.0,1961,1961,5,5,2.0,Attchd,1,0,3,0,0.0,NAmes,TA,Y,TA,Abnorml,RL,2008
534426040,145500,1053,1053.0,10007,72.0,1959,2006,5,7,1.0,Attchd,1,1,3,0,54.0,NAmes,Gd,Y,TA,Normal,RL,2008
534427040,142000,1252,1252.0,10721,80.0,1959,1959,6,6,2.0,Detchd,1,0,3,0,243.0,NAmes,Gd,Y,TA,Normal,RL,2008
534428020,141000,1100,1100.0,12493,,1960,1960,4,5,1.0,Attchd,1,0,3,1,0.0,NAmes,TA,Y,TA,Normal,RL,2008
534428100,153000,1118,1118.0,11332,,1960,2000,5,7,1.0,Attchd,1,0,3,0,0.0,NAmes,Gd,Y,TA,Normal,RL,2008
534451080,72500,720,0.0,6627,,1949,1950,3,6,1.0,Detchd,1,0,2,0,0.0,BrkSide,TA,N,,Normal,RL,2008
534451170,52000,729,270.0,4130,56.0,1935,2003,3,6,0.0,,1,0,2,0,0.0,BrkSide,TA,Y,TA,Normal,RL,2008
534452060,118000,1077,991.0,7420,50.0,1939,1950,5,6,1.0,Attchd,1,0,2,2,0.0,BrkSide,TA,Y,TA,Normal,RL,2008
534453140,87000,906,348.0,4882,50.0,1937,1950,4,7,1.0,Basment,1,0,2,0,0.0,BrkSide,TA,Y,TA,Normal,RL,2008
534455030,141500,1496,1296.0,9600,80.0,1960,1960,5,6,2.0,Attchd,2,0,3,0,203.0,NAmes,Gd,Y,TA,Normal,RL,2008
534477080,119000,1252,1032.0,9600,80.0,1950,1950,6,5,1.0,Attchd,1,0,3,0,0.0,NAmes,TA,Y,TA,Abnorml,RL,2008
534477090,141500,1337,572.0,9600,80.0,1950,2006,5,8,1.0,Attchd,1,0,3,1,0.0,NAmes,Gd,Y,TA,Normal,RL,2008
534477270,165500,1661,992.0,9600,80.0,1955,1996,6,6,1.0,BuiltIn,1,0,3,1,0.0,NAmes,Gd,Y,TA,Normal,RL,2008
534479150,112900,1036,1036.0,7584,63.0,1953,1953,5,5,1.0,Attchd,1,0,3,0,88.0,NAmes,TA,Y,TA,Normal,RL,2008
535103050,201800,1820,864.0,13700,,1965,1988,7,6,2.0,Attchd,1,2,4,2,288.0,NAmes,Gd,Y,TA,Normal,RL,2008
535104020,163000,1362,1362.0,10197,80.0,1961,1961,6,5,2.0,Attchd,1,1,3,1,491.0,NAmes,TA,Y,TA,Normal,RL,2008
535105030,139950,1144,1144.0,7875,75.0,1961,1961,5,6,2.0,Attchd,1,0,3,0,136.0,NAmes,TA,Y,TA,Normal,RL,2008
535105060,174000,1537,1319.0,8400,80.0,1962,2005,6,9,2.0,Attchd,1,1,3,1,237.0,NAmes,Gd,Y,TA,Abnorml,RL,2008
535105090,165000,1431,1099.0,9150,101.0,1962,1962,6,5,1.0,Basment,1,0,3,1,305.0,NAmes,TA,Y,Gd,Normal,RL,2008
535126140,227000,1988,1104.0,14670,90.0,1966,1999,6,7,2.0,Attchd,2,1,4,1,410.0,NAmes,Gd,Y,TA,Normal,RL,2008
535150210,135000,1098,1098.0,7390,,1955,1955,5,7,1.0,Attchd,1,0,3,0,151.0,NAmes,TA,Y,TA,Normal,RL,2008
535150280,124000,1144,1144.0,9204,71.0,1963,1963,5,5,1.0,Detchd,1,1,3,0,0.0,NAmes,TA,Y,TA,Normal,RL,2008
535151160,140000,1283,931.0,7763,70.0,1962,1980,5,7,2.0,Detchd,1,0,3,0,0.0,NAmes,TA,Y,TA,Normal,RL,2008
535152200,136500,1176,1176.0,8856,74.0,1957,1957,5,4,1.0,Attchd,1,0,3,2,143.0,NAmes,TA,Y,TA,Normal,RL,2008
535153140,185000,1440,1248.0,9840,82.0,1959,1998,5,7,1.0,Attchd,2,0,2,0,0.0,NAmes,Gd,Y,TA,Normal,RL,2008
535153150,163000,1261,1261.0,9120,76.0,1958,1958,6,6,2.0,Attchd,1,0,3,1,0.0,NAmes,TA,Y,TA,Normal,RL,2008
535176100,166800,1570,1395.0,13200,90.0,1958,1958,6,6,2.0,Attchd,1,0,3,1,187.0,NAmes,TA,Y,TA,Normal,RL,2008
535178060,139000,1196,1196.0,9000,72.0,1956,1956,6,5,1.0,Attchd,1,0,2,1,74.0,NAmes,TA,Y,Gd,Normal,RL,2008
535179060,166000,1392,1392.0,11900,80.0,1957,1957,6,5,2.0,Attchd,1,1,3,2,387.0,NAmes,TA,Y,TA,Normal,RL,2008
535180100,136000,1080,1080.0,9464,75.0,1958,1958,6,7,1.0,Attchd,1,0,3,0,135.0,NAmes,TA,Y,TA,Normal,RL,2008
535180120,133000,1104,1104.0,10425,75.0,1956,1958,5,5,1.0,Attchd,1,0,3,0,0.0,NAmes,TA,Y,TA,Normal,RL,2008
535301080,116000,882,720.0,11556,60.0,1952,1952,5,6,1.0,Attchd,1,0,2,0,52.0,NAmes,Gd,Y,TA,Normal,RL,2008
535302130,137500,1152,1152.0,9373,102.0,1953,1953,5,6,2.0,Detchd,1,1,3,0,84.0,NAmes,TA,Y,TA,Normal,RL,2008
535302140,130000,950,984.0,12774,,1953,1953,5,5,2.0,Detchd,1,0,2,0,0.0,NAmes,TA,N,TA,Normal,RL,2008
535303030,180000,1790,998.0,14250,95.0,1957,1957,6,5,2.0,Attchd,2,0,3,2,360.0,NAmes,TA,Y,TA,Normal,RL,2008
535305030,139000,952,952.0,7350,60.0,1951,1951,5,7,2.0,Detchd,1,0,2,0,0.0,NAmes,TA,Y,TA,Abnorml,RL,2008
535305160,110000,773,773.0,7677,57.0,1953,1953,5,5,1.0,Attchd,1,0,2,0,0.0,NAmes,TA,Y,TA,Abnorml,RL,2008
535327230,100000,1764,0.0,8838,71.0,1957,1982,5,3,1.0,Attchd,2,1,4,1,0.0,NAmes,TA,Y,,Normal,RL,2008
535352080,118500,1216,832.0,8480,80.0,1947,1950,5,5,1.0,Detchd,1,0,2,0,0.0,NAmes,TA,Y,TA,Abnorml,RL,2008
535354200,146000,1824,1824.0,12436,76.0,1957,1957,5,5,2.0,Detchd,2,0,5,0,0.0,NAmes,TA,Y,TA,Normal,RL,2008
535375140,89900,869,0.0,10122,60.0,1948,1950,4,6,1.0,Detchd,1,0,1,0,0.0,OldTown,TA,N,,Normal,RL,2008
535375160,114000,1159,747.0,7506,45.0,1925,1950,5,8,1.0,Detchd,1,0,3,0,0.0,OldTown,TA,Y,TA,Normal,RL,2008
535380050,140000,1558,913.0,10930,60.0,1945,1950,5,6,1.0,Attchd,1,1,3,1,0.0,NAmes,TA,Y,TA,Normal,RL,2008
535380110,86900,672,672.0,5400,60.0,1940,2005,4,7,1.0,Detchd,1,0,2,0,0.0,OldTown,TA,Y,TA,Normal,RL,2008
535380140,139000,1436,892.0,10836,60.0,1922,1950,5,5,4.0,Detchd,1,0,3,1,0.0,OldTown,TA,Y,TA,Normal,RL,2008
535383100,106250,1294,0.0,10800,60.0,1900,2000,4,7,0.0,,2,0,3,0,0.0,OldTown,TA,N,,Normal,RL,2008
535402120,171000,1716,858.0,9247,70.0,1962,1962,6,6,2.0,Attchd,1,1,4,1,318.0,NAmes,TA,Y,TA,Normal,RL,2008
535403010,139000,1044,912.0,10180,78.0,1968,1968,5,6,2.0,Attchd,1,1,3,1,0.0,NAmes,TA,Y,TA,Normal,RL,2008
535425060,186000,1312,1312.0,11355,76.0,1958,2001,7,7,2.0,Attchd,1,1,3,1,125.0,NAmes,TA,Y,TA,Normal,RL,2008
535426260,157000,1253,1253.0,10920,,1960,1960,6,5,1.0,Attchd,1,1,2,1,212.0,NAmes,TA,Y,TA,Normal,RL,2008
535426350,148000,1081,1081.0,12929,,1960,1993,6,6,1.0,CarPort,1,0,3,0,276.0,NAmes,TA,Y,TA,Normal,RL,2008
535427070,242000,2069,585.0,27650,313.0,1960,2007,7,7,2.0,Attchd,2,0,4,1,0.0,NAmes,Gd,Y,Gd,Normal,RL,2008
535451010,116000,910,105.0,8892,74.0,1953,1996,5,7,2.0,Attchd,1,0,3,0,0.0,NAmes,Gd,Y,TA,Normal,RL,2008
535451050,94000,876,876.0,7200,60.0,1951,1951,5,7,2.0,Detchd,1,0,2,1,0.0,NAmes,TA,Y,Fa,Abnorml,RL,2008
535451230,98300,1048,0.0,7200,60.0,1950,1950,5,5,2.0,Detchd,1,0,3,0,0.0,NAmes,TA,Y,,Normal,RL,2008
535452120,127000,1507,1075.0,7910,70.0,1960,1960,5,5,1.0,Basment,2,0,4,0,0.0,NAmes,TA,Y,TA,Normal,RL,2008
535453020,159000,1256,1256.0,8000,80.0,1959,1959,5,6,1.0,Attchd,1,1,3,0,0.0,NAmes,Gd,Y,TA,Normal,RL,2008
535453040,125900,1027,1027.0,8000,80.0,1962,1962,5,5,1.0,Attchd,1,0,3,0,0.0,NAmes,TA,Y,TA,Normal,RL,2008
535453210,155000,1269,1269.0,7931,70.0,1960,1960,5,6,1.0,Detchd,1,1,3,1,0.0,NAmes,TA,Y,TA,Normal,RL,2008
535454150,138000,1320,768.0,8064,60.0,1948,1950,6,6,2.0,Detchd,2,0,3,0,0.0,NAmes,TA,Y,TA,Normal,RL,2008
535455060,112500,984,936.0,6390,64.0,1954,1954,6,7,1.0,Detchd,1,0,2,0,0.0,NAmes,TA,Y,TA,Normal,RL,2008
535455080,105500,832,832.0,7227,59.0,1954,1954,6,6,2.0,Detchd,1,0,2,0,0.0,NAmes,Gd,Y,TA,Normal,RL,2008
535455090,127500,1278,854.0,7200,60.0,1954,1954,6,5,1.0,Attchd,1,0,4,0,0.0,NAmes,TA,Y,TA,Normal,RL,2008
535456050,130000,1800,1800.0,8513,113.0,1961,1961,5,5,0.0,,2,0,6,0,0.0,NAmes,TA,N,TA,Abnorml,RL,2008
535456070,150000,1588,768.0,7200,60.0,1955,1967,5,6,2.0,Detchd,1,1,3,0,0.0,NAmes,TA,Y,TA,Normal,RL,2008
535456100,109500,825,825.0,7200,60.0,1954,1954,5,7,1.0,Attchd,1,0,2,0,0.0,NAmes,TA,Y,TA,Normal,RL,2008
535475020,140000,1796,780.0,7056,71.0,1963,1963,6,5,2.0,Attchd,1,1,4,1,415.0,NAmes,TA,Y,TA,Normal,RL,2008
535476370,167900,1611,780.0,9760,80.0,1964,1964,6,6,2.0,Attchd,1,1,4,0,360.0,NAmes,TA,Y,TA,Normal,RL,2008
535477090,136870,1117,1117.0,7590,69.0,1963,1963,5,5,1.0,Attchd,1,0,3,0,0.0,NAmes,TA,Y,TA,Normal,RL,2008
902100020,143000,1133,192.0,9836,56.0,2008,2008,6,5,1.0,Detchd,1,0,3,0,0.0,OldTown,TA,N,TA,Abnorml,RM,2008
902100030,73000,764,680.0,5232,30.0,1925,2004,5,5,2.0,Detchd,1,0,2,0,0.0,OldTown,TA,N,Fa,Normal,RM,2008
902102060,157500,1539,650.0,10440,60.0,1904,2002,5,8,2.0,Detchd,2,0,3,1,0.0,OldTown,Gd,Y,TA,Normal,RM,2008
902103150,122600,1323,780.0,9184,57.0,1948,2005,5,7,2.0,Detchd,1,0,3,0,0.0,OldTown,TA,Y,TA,Normal,RM,2008
902105010,111000,1360,680.0,4800,80.0,1910,2003,5,5,1.0,Attchd,1,0,2,0,0.0,OldTown,TA,N,TA,Normal,RM,2008
902105020,256000,2792,1510.0,10440,60.0,1920,1950,6,7,2.0,Detchd,2,0,5,2,0.0,OldTown,TA,Y,Gd,Normal,RM,2008
902105130,64000,672,672.0,4800,60.0,1940,1950,5,4,1.0,Detchd,1,0,2,0,0.0,OldTown,TA,Y,Fa,Normal,RM,2008
902107030,139500,1456,728.0,6000,60.0,1915,2005,6,7,1.0,Detchd,1,1,4,0,0.0,OldTown,Gd,Y,TA,Normal,RM,2008
902109080,118000,1594,828.0,11426,63.0,1910,1996,4,6,0.0,,2,0,3,0,0.0,OldTown,TA,Y,TA,Normal,RM,2008
902109110,200000,2082,1362.0,11426,63.0,2003,2003,7,5,2.0,Detchd,2,1,3,0,0.0,OldTown,Gd,Y,Gd,Normal,RM,2008
902109120,119164,1656,801.0,7628,63.0,1940,1985,4,6,2.0,Detchd,2,0,2,0,0.0,OldTown,TA,Y,TA,Normal,RM,2008
902109160,122250,1740,936.0,7308,81.0,1920,1950,5,5,1.0,Detchd,1,0,2,1,0.0,OldTown,Ex,N,TA,Normal,RM,2008
902128075,120000,1027,931.0,5400,60.0,1920,2006,7,6,0.0,,1,0,2,1,0.0,OldTown,Gd,Y,TA,Normal,RM,2008
902128150,155000,1436,884.0,10800,60.0,1940,1950,6,6,2.0,Detchd,2,0,3,2,0.0,OldTown,TA,Y,TA,Normal,RM,2008
902134100,78000,899,481.0,6756,60.0,1910,1950,5,6,1.0,Detchd,1,0,2,0,0.0,OldTown,TA,N,TA,Normal,RM,2008
902136110,95000,1080,684.0,5914,44.0,1890,1996,5,9,0.0,,1,0,3,0,0.0,OldTown,Gd,Y,Fa,Normal,RM,2008
902201120,115000,789,789.0,6000,50.0,1948,1950,5,5,1.0,Detchd,1,0,2,0,0.0,OldTown,TA,Y,TA,Partial,RM,2008
902201140,147000,1122,924.0,12000,100.0,1948,2005,5,7,2.0,Attchd,1,0,2,0,0.0,OldTown,Gd,Y,TA,Normal,RM,2008
902202090,140000,1499,904.0,9000,75.0,1946,1950,5,6,3.0,Detchd,1,0,3,1,0.0,OldTown,TA,Y,TA,Normal,RM,2008
902205070,46500,407,407.0,7311,62.0,1946,1950,2,5,1.0,Detchd,1,0,1,0,0.0,OldTown,TA,N,TA,Abnorml,RM,2008
902205090,112500,928,928.0,6000,50.0,1957,1957,5,6,1.0,Attchd,1,0,3,0,0.0,OldTown,TA,Y,TA,Normal,RM,2008
902205140,107900,901,901.0,6000,50.0,1954,2000,4,7,1.0,Detchd,1,0,2,0,0.0,OldTown,TA,Y,TA,Normal,RM,2008
902207120,65000,1588,448.0,12205,103.0,1949,1992,3,1,0.0,,2,0,5,0,0.0,OldTown,TA,Y,Fa,Abnorml,RM,2008
902207220,295000,3493,1470.0,18386,87.0,1880,2002,7,9,3.0,Attchd,3,0,3,1,0.0,OldTown,Gd,Y,TA,Normal,RM,2008
902300110,139500,1627,797.0,9142,69.0,1900,2006,5,5,2.0,Detchd,2,0,4,0,0.0,OldTown,TA,N,Fa,Normal,RM,2008
902300215,153900,1416,876.0,12665,100.0,1915,1950,5,8,3.0,Detchd,1,1,4,1,0.0,OldTown,TA,Y,TA,Normal,RM,2008
902300260,132000,1450,624.0,5350,53.0,1920,1965,7,8,1.0,Detchd,1,0,3,0,0.0,OldTown,TA,Y,TA,Normal,RM,2008
902301140,98000,1344,624.0,4571,34.0,1916,1950,5,5,3.0,Detchd,1,0,4,0,0.0,OldTown,TA,N,TA,Abnorml,RM,2008
902301150,114000,1017,346.0,9143,69.0,1900,2003,5,7,1.0,Detchd,1,0,2,0,0.0,OldTown,TA,Y,TA,Normal,RM,2008
902304060,130000,2350,973.0,9600,60.0,1920,1960,5,5,2.0,2Types,2,0,4,0,0.0,OldTown,TA,Y,TA,Normal,RM,2008
902305080,129500,2058,735.0,9600,60.0,1917,1950,6,5,2.0,Detchd,1,1,3,1,0.0,OldTown,TA,N,Gd,Normal,RM,2008
902306120,129400,1540,572.0,6000,60.0,1905,2005,5,9,0.0,,1,1,3,0,0.0,OldTown,Gd,Y,Fa,Normal,RM,2008
902306130,161000,1378,689.0,9600,60.0,1928,2005,7,9,2.0,Detchd,2,0,3,1,0.0,OldTown,Gd,Y,TA,Normal,RM,2008
902326060,163000,1912,482.0,10800,60.0,1905,2000,6,7,2.0,Detchd,2,0,3,1,0.0,OldTown,TA,N,Fa,Normal,RM,2008
902328040,128000,1484,742.0,6300,35.0,1914,2001,6,6,0.0,,2,0,3,1,0.0,OldTown,TA,Y,TA,Normal,RM,2008
902330010,122000,2358,684.0,5250,50.0,1872,1987,8,5,0.0,,2,0,4,0,0.0,OldTown,TA,N,TA,Normal,RM,2008
902401010,116900,1111,572.0,5700,,1926,1950,7,7,1.0,Detchd,1,0,2,1,0.0,OldTown,TA,Y,TA,Normal,RM,2008
902401120,325000,2775,1237.0,13500,75.0,1893,2000,10,9,2.0,Detchd,3,1,3,1,0.0,OldTown,Gd,Y,TA,Normal,RM,2008
902402260,55000,1086,723.0,11340,60.0,1920,1950,2,1,2.0,Detchd,1,0,2,0,0.0,OldTown,TA,N,Fa,Normal,RM,2008
902405070,184000,2495,1313.0,10800,60.0,1890,1999,7,7,2.0,Detchd,2,0,5,1,0.0,OldTown,TA,Y,TA,Normal,RM,2008
902406020,110000,984,984.0,9750,65.0,1959,1959,5,6,1.0,Detchd,1,0,2,0,164.0,OldTown,Fa,Y,TA,Normal,RM,2008
902406090,131500,1795,1050.0,12150,81.0,1954,1954,5,5,1.0,Attchd,2,0,4,0,335.0,OldTown,TA,N,TA,Normal,RM,2008
902427045,97000,882,0.0,12702,70.0,1956,1956,5,5,1.0,Detchd,1,0,2,0,0.0,OldTown,TA,Y,,Normal,RM,2008
902427150,115500,1093,869.0,8516,52.0,1958,2006,4,6,1.0,Detchd,1,0,2,0,0.0,OldTown,TA,Y,TA,Normal,RM,2008
903201030,138000,1143,1008.0,7111,55.0,1928,1983,5,7,1.0,Detchd,1,0,2,1,0.0,BrkSide,TA,Y,TA,Normal,RL,2008
903204010,108000,1668,672.0,7425,,1945,1950,7,7,1.0,Attchd,1,1,3,0,0.0,BrkSide,Gd,Y,TA,Abnorml,RM,2008
903204095,79500,935,742.0,9100,50.0,1930,1960,5,6,1.0,Detchd,1,0,2,0,0.0,BrkSide,TA,Y,TA,Normal,RM,2008
903206070,153000,1738,1024.0,7010,,1935,1950,5,5,1.0,Detchd,2,0,3,1,0.0,BrkSide,TA,Y,TA,Normal,RL,2008
903225050,109500,784,784.0,6130,50.0,1924,1950,5,6,0.0,,1,0,2,0,0.0,BrkSide,Gd,Y,TA,Normal,RM,2008
903225140,124000,1210,672.0,5000,50.0,1941,2006,5,7,1.0,Detchd,1,0,3,0,0.0,BrkSide,Gd,Y,TA,Normal,RM,2008
903225160,106900,1290,554.0,5870,59.0,1900,2000,6,9,1.0,Detchd,1,1,3,0,0.0,BrkSide,TA,Y,TA,Normal,RM,2008
903226060,164900,1672,981.0,6000,50.0,1940,1989,6,7,1.0,Detchd,1,1,3,1,0.0,BrkSide,Gd,Y,TA,Normal,RM,2008
903226150,119000,949,949.0,6000,50.0,1924,2003,5,7,2.0,Detchd,1,0,2,1,0.0,BrkSide,TA,Y,TA,Normal,RM,2008
903227080,120000,1158,862.0,6000,50.0,1929,1950,6,7,1.0,BuiltIn,1,0,3,1,0.0,BrkSide,TA,Y,TA,Normal,RM,2008
903228040,157000,1497,825.0,6000,50.0,1937,2000,6,7,1.0,Detchd,2,0,3,0,0.0,BrkSide,TA,Y,TA,Normal,RM,2008
903228060,105000,1342,739.0,6000,50.0,1939,1950,6,5,1.0,Detchd,2,0,2,1,0.0,BrkSide,TA,Y,TA,Normal,RM,2008
903228090,113000,1013,992.0,5000,50.0,1926,1950,6,7,1.0,Detchd,1,0,3,0,0.0,BrkSide,TA,Y,TA,Normal,RM,2008
903230110,115000,1216,565.0,5520,60.0,1920,1997,5,7,1.0,BuiltIn,1,0,3,1,0.0,BrkSide,TA,Y,TA,Normal,RM,2008
903230120,79000,896,,5940,99.0,1946,1950,4,7,1.0,Detchd,1,0,2,0,0.0,BrkSide,TA,Y,,Abnorml,RM,2008
903231080,123000,1136,704.0,6240,52.0,1929,1950,4,7,1.0,Detchd,1,0,2,0,0.0,BrkSide,TA,Y,TA,Normal,RM,2008
903232030,81300,808,0.0,6120,,1945,1995,5,6,1.0,Attchd,1,0,1,0,0.0,BrkSide,TA,N,,Normal,RM,2008
903232090,162900,1573,1078.0,6240,52.0,1930,1992,5,7,2.0,Detchd,2,0,3,1,0.0,BrkSide,TA,Y,TA,Normal,RM,2008
903233080,150000,2009,989.0,6240,52.0,1939,1950,7,5,2.0,Detchd,2,0,4,1,0.0,BrkSide,TA,Y,TA,Normal,RM,2008
903234090,123500,1902,1100.0,6120,51.0,1923,1950,5,5,2.0,Detchd,2,0,4,0,0.0,OldTown,TA,Y,TA,Normal,RM,2008
903234100,129900,1774,952.0,6120,51.0,1931,1950,7,5,2.0,Detchd,2,0,2,2,0.0,OldTown,TA,Y,TA,Abnorml,RM,2008
903235010,128000,1362,611.0,6155,60.0,1920,1999,6,8,2.0,Detchd,2,0,3,0,0.0,BrkSide,TA,Y,Fa,Normal,RM,2008
903235100,68500,520,520.0,6324,60.0,1927,1950,4,6,1.0,Detchd,1,0,1,0,0.0,BrkSide,Fa,N,TA,Normal,RM,2008
903236010,127000,1285,672.0,8635,50.0,1948,2001,5,5,1.0,Detchd,1,0,2,0,0.0,BrkSide,TA,Y,TA,Normal,RM,2008
903400180,207000,1848,833.0,13053,64.0,1923,2000,6,7,2.0,Detchd,1,1,4,1,0.0,BrkSide,Gd,Y,TA,Normal,RL,2008
903401020,184000,1820,1026.0,9120,60.0,1925,1950,7,6,1.0,Detchd,2,0,4,0,0.0,BrkSide,TA,Y,TA,Normal,RL,2008
903401030,162500,1716,810.0,9144,60.0,1915,2004,6,4,2.0,Detchd,2,0,4,0,0.0,BrkSide,Gd,Y,TA,Normal,RL,2008
903401050,145000,1505,883.0,9144,,1940,1982,5,5,1.0,Detchd,1,0,3,0,0.0,BrkSide,TA,Y,TA,Normal,RL,2008
903425420,130000,838,816.0,10267,55.0,1918,2000,6,7,1.0,Detchd,1,0,2,0,0.0,BrkSide,Fa,Y,TA,Normal,RL,2008
903426160,160000,1984,1242.0,8094,57.0,1910,1983,6,8,1.0,Detchd,2,0,5,0,0.0,OldTown,TA,Y,TA,Normal,RM,2008
903427090,161000,1666,588.0,5100,,1925,1996,8,7,1.0,Detchd,1,0,3,1,0.0,OldTown,Gd,Y,TA,Normal,RM,2008
903429010,127500,1609,796.0,4347,63.0,1910,1950,6,8,1.0,Detchd,1,0,3,0,0.0,OldTown,TA,Y,Gd,Normal,RM,2008
903452025,93850,768,768.0,6291,,1930,1950,6,6,2.0,Detchd,1,0,1,0,0.0,IDOTRR,TA,Y,TA,Normal,RM,2008
903453050,136000,1536,768.0,10266,60.0,1952,1952,6,6,1.0,Detchd,1,1,4,0,0.0,IDOTRR,TA,Y,TA,Abnorml,RM,2008
903454100,141000,1969,1272.0,6876,60.0,1938,1958,6,6,2.0,Detchd,2,0,4,1,0.0,IDOTRR,TA,Y,TA,Normal,RM,2008
903455030,120000,1308,880.0,10320,,1915,1978,5,6,2.0,Detchd,2,0,2,0,0.0,IDOTRR,TA,Y,TA,Normal,RM,2008
903455140,127500,1040,1040.0,7200,60.0,1925,1992,6,7,2.0,Detchd,1,0,2,0,0.0,IDOTRR,TA,Y,TA,Normal,RM,2008
903456130,127000,1236,768.0,7006,62.0,1925,1950,6,6,1.0,Detchd,2,0,3,1,0.0,IDOTRR,TA,Y,TA,Family,RM,2008
903458110,89500,1406,319.0,7920,,1920,1950,6,7,0.0,,1,0,3,0,0.0,IDOTRR,Fa,Y,TA,Normal,RM,2008
903475020,125000,825,825.0,8235,49.0,1955,1995,5,7,2.0,Detchd,1,0,2,0,0.0,OldTown,TA,Y,TA,Normal,RM,2008
903476110,79900,1198,901.0,5586,60.0,1920,1998,6,7,0.0,,1,0,4,0,0.0,OldTown,TA,Y,TA,Abnorml,RM,2008
903481010,85000,759,451.0,10320,60.0,1912,1991,5,8,2.0,Detchd,1,0,1,0,0.0,IDOTRR,TA,Y,Fa,Family,RM,2008
903481100,82375,1344,536.0,10320,60.0,1915,1950,3,3,0.0,,2,0,3,0,0.0,IDOTRR,TA,N,TA,Normal,RM,2008
903484020,135000,1469,756.0,10320,60.0,1906,1995,6,7,1.0,Detchd,1,0,3,0,0.0,IDOTRR,TA,Y,TA,Normal,RM,2008
904100020,124000,1054,1046.0,9488,82.0,1947,1993,5,6,1.0,Detchd,1,0,3,0,0.0,Sawyer,TA,N,TA,Abnorml,RL,2008
904100040,134000,1211,952.0,8250,55.0,1968,1968,5,5,1.0,Attchd,1,0,3,1,0.0,Sawyer,TA,Y,TA,Normal,RL,2008
904100160,135000,1271,720.0,21286,115.0,1948,1950,5,5,1.0,Attchd,2,0,4,1,0.0,Sawyer,TA,Y,TA,Normal,RL,2008
904101170,134432,1588,0.0,17120,80.0,1959,1959,4,4,2.0,Detchd,2,0,4,1,0.0,ClearCr,TA,Y,,Normal,RL,2008
904351280,127500,1355,644.0,10106,62.0,1940,1999,5,7,0.0,,2,0,4,0,0.0,Edwards,TA,Y,TA,Normal,RL,2008
905100020,148000,1075,981.0,11235,,1963,1963,5,6,2.0,Detchd,1,0,3,0,0.0,Sawyer,Gd,Y,Gd,Abnorml,RL,2008
905102170,129500,1040,1040.0,11200,70.0,1965,1965,5,5,1.0,Detchd,1,0,3,0,0.0,Sawyer,TA,Y,TA,Normal,RL,2008
905103030,157500,1096,1008.0,13014,80.0,1978,1978,6,5,2.0,Attchd,1,0,3,1,39.0,Sawyer,TA,Y,TA,Normal,RL,2008
905104080,109900,904,876.0,7162,,1966,1966,5,7,1.0,Attchd,1,0,3,0,41.0,Sawyer,TA,Y,TA,Abnorml,RL,2008
905104110,145000,992,992.0,10265,68.0,1967,2005,5,7,1.0,Attchd,1,0,3,0,0.0,Sawyer,Gd,Y,TA,Normal,RL,2008
905104180,130000,894,894.0,9764,57.0,1967,2003,5,7,2.0,Attchd,1,0,3,0,0.0,Sawyer,Gd,Y,TA,Normal,RL,2008
905107280,153000,1034,450.0,7703,,1978,1978,6,8,2.0,Basment,1,0,3,1,40.0,Sawyer,TA,Y,Gd,Normal,RL,2008
905107380,120000,1073,1073.0,9981,,1967,1967,5,5,1.0,Attchd,1,0,3,0,340.0,Sawyer,TA,Y,TA,Normal,RL,2008
905108170,152000,1126,1060.0,7400,,1984,1984,5,5,2.0,Attchd,1,0,2,0,0.0,Sawyer,TA,Y,Gd,Normal,RL,2008
905200090,108959,1258,1198.0,12900,60.0,1969,1969,4,4,2.0,CarPort,0,2,0,0,0.0,Sawyer,TA,Y,Gd,Alloca,RL,2008
905200100,95541,1140,1300.0,12900,60.0,1920,1950,5,4,2.0,CarPort,1,0,3,0,0.0,Sawyer,TA,Y,TA,Alloca,RL,2008
905200160,80000,1006,1006.0,9000,,1959,1959,5,3,0.0,,1,0,3,0,0.0,Sawyer,TA,Y,TA,Normal,RL,2008
905200510,149350,1228,1228.0,8544,,1966,2006,5,6,1.0,Attchd,1,1,3,0,0.0,Sawyer,Gd,Y,TA,Normal,RL,2008
905201020,144900,960,960.0,9239,94.0,1963,2003,5,8,1.0,Attchd,1,0,3,0,0.0,Sawyer,Gd,Y,TA,Normal,RL,2008
905201110,185000,1188,988.0,14175,88.0,1956,1956,6,8,2.0,Attchd,1,0,1,1,0.0,Sawyer,TA,Y,TA,Normal,RL,2008
905201120,165000,1383,1383.0,13284,,1954,1954,5,5,1.0,Attchd,1,0,3,1,0.0,Sawyer,TA,Y,Gd,Normal,RL,2008
905202230,235000,1252,1602.0,13500,,1960,1975,6,7,2.0,Attchd,1,0,1,1,0.0,ClearCr,TA,Y,Gd,Normal,RL,2008
905225040,140000,1601,533.0,13825,85.0,1958,1987,5,6,1.0,BuiltIn,1,0,3,0,0.0,Sawyer,TA,Y,TA,Normal,RL,2008
905226030,108000,672,672.0,10200,60.0,1940,1997,5,8,1.0,Detchd,1,0,2,0,0.0,Sawyer,TA,Y,TA,Normal,RL,2008
905226110,145000,1721,988.0,10532,,1960,1960,5,3,2.0,Basment,2,0,3,2,275.0,ClearCr,TA,Y,TA,Abnorml,RL,2008
905227050,152400,1350,576.0,8375,63.0,1941,1973,5,7,3.0,2Types,1,1,2,0,0.0,Sawyer,Gd,Y,TA,Normal,RL,2008
905300020,144000,904,864.0,10200,,1970,1970,5,8,3.0,2Types,1,0,3,0,0.0,Sawyer,Gd,Y,Gd,Normal,RL,2008
905351089,173000,1291,1291.0,2887,,1996,1997,6,5,2.0,Attchd,1,0,2,1,0.0,ClearCr,Gd,Y,Gd,Normal,RL,2008
905352030,192000,2022,1160.0,10005,83.0,1977,1977,7,5,2.0,Attchd,2,1,4,1,299.0,ClearCr,TA,Y,Gd,Normal,RL,2008
905352070,245000,1524,1524.0,20270,82.0,1979,1979,7,6,2.0,Attchd,2,0,3,2,0.0,ClearCr,TA,Y,Gd,Normal,RL,2008
905401045,241500,1363,1385.0,39104,73.0,1954,2005,7,7,2.0,Attchd,1,0,2,2,0.0,ClearCr,TA,Y,Gd,Normal,RL,2008
905401060,256000,1663,1364.0,53227,,1954,1994,4,6,2.0,Attchd,1,0,2,2,0.0,ClearCr,Gd,Y,Gd,Normal,RL,2008
905402090,177000,1357,1019.0,11512,124.0,1959,2006,6,7,1.0,Basment,1,0,2,1,84.0,Edwards,Ex,Y,TA,Normal,RL,2008
905403060,125600,1079,570.0,5190,50.0,1948,1950,7,5,1.0,Attchd,1,0,2,1,0.0,Edwards,TA,Y,TA,Normal,RL,2008
905403150,155000,1094,1094.0,10452,85.0,1953,1953,6,5,2.0,Attchd,1,0,3,2,216.0,Edwards,TA,Y,TA,Normal,RL,2008
905425125,240000,2358,907.0,45600,75.0,1908,1997,6,8,2.0,Detchd,3,0,5,1,0.0,ClearCr,TA,Y,TA,Normal,RL,2008
905426030,260000,1518,1580.0,19550,85.0,1940,2007,5,7,0.0,,1,0,2,2,0.0,Edwards,Fa,Y,TA,Normal,RL,2008
905427050,185000,1674,1163.0,21780,66.0,1918,1950,6,7,2.0,Detchd,2,0,4,1,0.0,Edwards,TA,Y,Gd,Normal,RL,2008
905427070,235000,2108,1127.0,13728,120.0,1935,1986,6,7,2.0,Basment,2,0,4,2,0.0,Edwards,Gd,Y,TA,Normal,RL,2008
905451330,159900,1509,1509.0,9571,68.0,1956,1956,5,6,1.0,Attchd,1,0,3,1,0.0,Edwards,Gd,Y,TA,Normal,RL,2008
905452070,99600,864,864.0,9350,50.0,1975,1975,5,5,0.0,,1,0,2,0,0.0,Edwards,TA,N,Gd,Normal,RL,2008
905452120,134500,1269,621.0,9360,50.0,1962,2001,6,8,1.0,Detchd,1,1,3,0,216.0,Edwards,TA,Y,TA,Normal,RL,2008
905476120,119000,1367,861.0,8405,50.0,1900,1950,5,8,1.0,Detchd,1,0,4,0,0.0,Edwards,TA,Y,TA,Normal,RL,2008
905477050,107500,1347,1117.0,7000,70.0,1910,1991,5,7,0.0,,1,0,3,0,0.0,Edwards,TA,Y,Gd,Normal,RL,2008
905479110,125000,1164,1164.0,10880,68.0,1950,1950,5,5,1.0,Detchd,1,0,3,0,0.0,Edwards,TA,N,TA,Normal,RL,2008
905480150,79000,1096,572.0,9600,60.0,1924,1950,6,5,0.0,,1,0,2,0,0.0,Edwards,TA,N,TA,Normal,RL,2008
905480240,95000,1111,616.0,9084,60.0,1941,1950,5,6,1.0,Detchd,1,0,3,0,0.0,Edwards,TA,N,TA,Normal,RL,2008
906204150,262280,2329,1475.0,11839,86.0,1990,1990,7,5,2.0,Attchd,2,1,4,1,99.0,SawyerW,Gd,Y,Gd,Normal,RL,2008
906204280,260000,2814,1077.0,9771,,1995,2002,6,5,2.0,BuiltIn,2,1,4,1,190.0,SawyerW,Gd,Y,Gd,Normal,RL,2008
906223110,226500,1626,1602.0,9938,80.0,1994,1994,7,5,2.0,Attchd,2,1,3,1,251.0,SawyerW,Gd,Y,Gd,Normal,RL,2008
906223140,225000,2200,812.0,14171,,1993,1994,7,5,2.0,Attchd,2,1,4,1,0.0,SawyerW,Gd,Y,Gd,Normal,RL,2008
906223220,229000,2037,672.0,10541,85.0,1996,1996,7,5,2.0,Attchd,2,1,3,1,0.0,SawyerW,Gd,Y,Gd,Normal,RL,2008
906378190,177439,1356,628.0,10616,65.0,2007,2007,7,5,2.0,BuiltIn,2,1,3,1,0.0,CollgCr,Gd,Y,Gd,Partial,RL,2008
906380030,248500,1615,1615.0,9345,65.0,2007,2007,8,5,3.0,Attchd,2,0,3,1,156.0,CollgCr,Gd,Y,Gd,Normal,RL,2008
906412010,475000,2276,2271.0,11778,91.0,2008,2008,9,5,3.0,Attchd,2,0,3,2,554.0,CollgCr,Ex,Y,Gd,Abnorml,RL,2008
906412050,395039,1766,1751.0,11778,91.0,2008,2008,9,5,3.0,Attchd,2,1,3,2,402.0,CollgCr,Ex,Y,Ex,Partial,RL,2008
906420130,228000,2097,1080.0,11228,59.0,1993,1993,7,5,3.0,Attchd,2,1,3,1,0.0,SawyerW,Gd,Y,Gd,Normal,RL,2008
906424010,225000,1511,1401.0,11454,,1995,1995,8,5,3.0,Attchd,2,0,3,1,302.0,SawyerW,Gd,Y,Gd,Normal,RL,2008
906475100,195000,1643,1182.0,11500,,1966,1966,6,6,2.0,Attchd,2,0,2,1,0.0,ClearCr,TA,Y,Gd,Normal,RL,2008
906476030,200000,1688,616.0,12798,79.0,1997,1997,6,5,2.0,Attchd,2,1,4,0,0.0,ClearCr,Gd,Y,Gd,Normal,RL,2008
907126030,155000,990,990.0,9750,65.0,1994,1994,5,7,2.0,Detchd,1,0,3,0,0.0,CollgCr,TA,Y,Gd,Normal,RL,2008
907135020,144000,1099,1099.0,9525,75.0,1995,2006,5,6,1.0,Attchd,1,1,3,0,0.0,CollgCr,Gd,Y,Gd,Normal,RL,2008
907135260,145000,990,990.0,9245,57.0,1994,1995,5,5,2.0,Detchd,1,0,3,0,0.0,CollgCr,TA,Y,Gd,Normal,RL,2008
907175080,226001,1418,1418.0,8696,,1997,1998,7,5,2.0,Attchd,2,0,3,1,150.0,CollgCr,Gd,Y,Gd,Normal,RL,2008
907176010,215700,1771,864.0,13142,,1997,1997,6,5,2.0,Attchd,2,1,3,0,128.0,CollgCr,Gd,Y,Gd,Normal,RL,2008
907181120,207500,1652,782.0,8998,68.0,2000,2000,7,5,2.0,Attchd,2,1,3,0,120.0,CollgCr,Gd,Y,Gd,Normal,RL,2008
907181140,193000,1790,873.0,9179,68.0,1999,1999,7,5,2.0,Attchd,2,1,3,0,158.0,CollgCr,Gd,Y,Gd,Abnorml,RL,2008
907187030,188000,1724,880.0,8924,57.0,1998,1999,7,5,2.0,Attchd,2,1,3,0,0.0,CollgCr,Gd,Y,Gd,Normal,RL,2008
907187080,191000,1479,1468.0,9382,93.0,1999,2000,7,5,2.0,Attchd,2,0,3,0,125.0,CollgCr,Gd,Y,Gd,Normal,RL,2008
907192130,221000,1494,1494.0,12803,88.0,2002,2002,7,5,2.0,Attchd,2,0,3,1,99.0,CollgCr,Gd,Y,Gd,Normal,RL,2008
907194020,231500,1792,963.0,12435,80.0,2001,2001,7,5,2.0,Attchd,2,1,3,1,172.0,CollgCr,Gd,Y,Gd,Normal,RL,2008
907196040,235000,1823,928.0,12192,75.0,2000,2001,7,5,2.0,Attchd,2,1,3,0,0.0,CollgCr,Gd,Y,Gd,Normal,RL,2008
907196050,223500,1786,920.0,11250,68.0,2001,2002,7,5,2.0,Attchd,2,1,3,1,162.0,CollgCr,Gd,Y,Gd,Normal,RL,2008
907200110,130250,938,938.0,9200,,1975,1980,5,6,1.0,Detchd,1,0,3,0,0.0,CollgCr,TA,Y,Gd,Normal,RL,2008
907201060,149900,985,985.0,8385,65.0,1977,1977,5,8,1.0,Attchd,2,0,3,0,220.0,CollgCr,TA,Y,Gd,Normal,RL,2008
907202010,158000,1174,864.0,12250,,1978,1978,5,6,2.0,Attchd,1,0,3,0,180.0,CollgCr,TA,Y,Gd,Normal,RL,2008
907202160,147000,1026,940.0,10970,,1978,1978,6,6,2.0,Detchd,1,0,3,0,0.0,CollgCr,TA,Y,Gd,Normal,RL,2008
907202190,143195,1076,1076.0,9216,,1975,1975,5,6,2.0,Detchd,1,1,3,1,176.0,CollgCr,TA,Y,TA,Abnorml,RL,2008
907202240,163000,1558,864.0,14330,40.0,1975,2001,5,6,2.0,Attchd,2,0,2,0,0.0,CollgCr,TA,Y,TA,Normal,RL,2008
907203090,110000,924,924.0,7990,88.0,1975,1975,5,6,1.0,Detchd,1,0,3,0,0.0,CollgCr,TA,Y,Gd,Normal,RL,2008
907227050,127000,864,864.0,7180,60.0,1972,1972,5,7,1.0,Detchd,1,0,3,0,0.0,CollgCr,TA,Y,TA,Normal,RL,2008
907227300,124900,780,780.0,7200,60.0,1972,1972,5,7,1.0,Detchd,1,0,2,0,0.0,CollgCr,TA,Y,TA,Normal,RL,2008
907250020,230000,1795,1777.0,9742,75.0,2002,2002,8,5,2.0,Attchd,2,0,3,1,281.0,CollgCr,Gd,Y,Gd,Normal,RL,2008
907251090,237000,2031,1128.0,9473,75.0,2002,2002,8,5,2.0,Attchd,2,1,3,1,,CollgCr,Gd,Y,Gd,Normal,RL,2008
907253060,235000,1865,992.0,10316,,2000,2000,7,5,3.0,Attchd,2,1,3,1,0.0,CollgCr,Gd,Y,Gd,Normal,RL,2008
907253110,230500,2161,1257.0,10400,,2001,2001,7,5,2.0,Attchd,2,1,3,1,227.0,CollgCr,Gd,Y,Gd,Normal,RL,2008
907254020,230000,1852,1004.0,9066,73.0,1999,2000,8,5,3.0,Attchd,2,1,3,2,320.0,CollgCr,Gd,Y,Gd,Normal,RL,2008
907254090,222500,2031,1153.0,11404,75.0,1998,1999,7,5,2.0,Attchd,2,1,3,1,202.0,CollgCr,Gd,Y,Gd,Normal,RL,2008
907255020,287000,2263,1055.0,9240,,2001,2002,8,5,2.0,BuiltIn,2,1,3,1,396.0,CollgCr,Gd,Y,Gd,Normal,RL,2008
907255030,274000,1947,1357.0,9720,,2001,2002,9,5,3.0,BuiltIn,2,1,3,1,134.0,CollgCr,Gd,Y,Gd,Normal,RL,2008
907255060,300000,1786,1778.0,14860,,2002,2003,8,5,3.0,Attchd,2,0,3,1,240.0,CollgCr,Gd,Y,Ex,Normal,RL,2008
907260010,255900,2290,1128.0,11250,,2002,2002,8,5,2.0,Attchd,2,1,4,1,0.0,CollgCr,Gd,Y,Gd,Normal,RL,2008
907262030,224900,1768,884.0,8158,65.0,2003,2003,7,5,2.0,Attchd,2,1,3,0,252.0,CollgCr,Gd,Y,Gd,Normal,RL,2008
907262060,240000,2327,1129.0,10905,41.0,2003,2003,7,5,2.0,BuiltIn,2,1,4,1,0.0,CollgCr,Gd,Y,Gd,Normal,RL,2008
907262070,183000,1640,798.0,7226,72.0,2003,2003,7,5,2.0,Attchd,2,1,3,0,0.0,CollgCr,Gd,Y,Gd,Normal,RL,2008
907265100,207000,1764,850.0,11690,96.0,1999,2000,8,5,2.0,Attchd,2,1,3,1,192.0,CollgCr,Gd,Y,Gd,Normal,RL,2008
907285080,210000,1908,915.0,8750,70.0,1994,1995,7,5,2.0,Attchd,2,1,4,1,0.0,CollgCr,Gd,Y,Gd,Normal,RL,2008
907290150,136500,848,848.0,4435,37.0,2003,2003,6,5,2.0,Attchd,1,0,1,0,170.0,CollgCr,Gd,Y,Gd,Normal,RM,2008
907290250,145000,848,848.0,4426,,2004,2004,6,5,2.0,Attchd,1,0,1,0,205.0,CollgCr,Gd,Y,Gd,Normal,RM,2008
907295020,208900,1493,1478.0,13125,75.0,1997,1998,6,5,2.0,Attchd,2,0,3,1,215.0,CollgCr,Gd,Y,Gd,Normal,RL,2008
907295100,185000,1838,1838.0,10126,83.0,1997,1998,6,5,3.0,Attchd,2,0,2,0,0.0,CollgCr,TA,Y,Gd,Abnorml,RM,2008
907405020,214000,1536,1536.0,9135,70.0,2002,2003,7,5,2.0,Attchd,2,0,3,0,113.0,CollgCr,Gd,Y,Gd,Normal,RL,2008
907405140,208500,1710,856.0,8450,65.0,2003,2003,7,5,2.0,Attchd,2,1,3,0,196.0,CollgCr,Gd,Y,Gd,Normal,RL,2008
907412040,186500,1445,1445.0,9750,75.0,2004,2004,7,5,2.0,Attchd,2,0,3,0,50.0,CollgCr,Gd,Y,Gd,Normal,RL,2008
907412070,210000,1436,1436.0,8450,65.0,2004,2004,7,5,2.0,Attchd,2,0,3,0,266.0,CollgCr,Gd,Y,Gd,Normal,RL,2008
907412080,185900,1582,770.0,8320,64.0,2004,2004,7,5,2.0,Attchd,2,1,3,0,0.0,CollgCr,Gd,Y,Gd,Normal,RL,2008
907412090,179900,1234,1234.0,11049,85.0,2007,2007,8,5,2.0,Attchd,2,0,3,0,0.0,CollgCr,Gd,Y,Ex,Normal,RL,2008
907418010,218836,1564,1564.0,11058,85.0,2007,2007,7,6,3.0,Attchd,2,0,3,0,212.0,CollgCr,Gd,Y,Gd,Normal,RL,2008
907418040,193000,1361,1351.0,9627,74.0,2007,2007,7,5,2.0,Attchd,2,0,3,0,0.0,CollgCr,Gd,Y,Gd,Normal,RL,2008
907420080,189000,1456,728.0,8199,63.0,2005,2005,7,5,2.0,Attchd,2,1,3,1,0.0,CollgCr,Gd,Y,Gd,Normal,RL,2008
907425010,149300,848,848.0,4426,,2004,2004,6,5,2.0,Attchd,1,0,1,1,147.0,CollgCr,Gd,Y,Gd,Normal,RM,2008
907425015,141000,848,848.0,4426,,2004,2004,6,5,2.0,Attchd,1,0,1,1,147.0,CollgCr,Gd,Y,Gd,Normal,RM,2008
907425030,149000,848,848.0,4438,,2004,2004,6,5,2.0,Attchd,1,0,1,1,205.0,CollgCr,Gd,Y,Gd,Normal,RM,2008
907425035,144500,848,848.0,4438,,2004,2004,6,5,2.0,Attchd,1,0,1,1,169.0,CollgCr,Gd,Y,Gd,Normal,RM,2008
908102030,85000,796,796.0,8777,67.0,1910,1950,5,7,0.0,,1,0,2,0,0.0,Edwards,TA,Y,Fa,Normal,RL,2008
908102040,145900,2200,1272.0,8777,67.0,1900,2003,5,7,0.0,,2,2,4,0,0.0,Edwards,TA,Y,TA,Normal,RL,2008
908102140,123000,1092,1092.0,9825,75.0,1966,1966,5,5,1.0,Attchd,1,0,3,0,0.0,Edwards,TA,Y,TA,Abnorml,RL,2008
908102260,147500,1256,1256.0,9937,75.0,1965,1965,5,6,1.0,Attchd,1,1,3,0,0.0,Edwards,TA,Y,TA,Normal,RL,2008
908103260,165000,1033,456.0,12102,64.0,1976,1976,5,5,2.0,BuiltIn,1,0,3,0,222.0,Edwards,TA,Y,Gd,Family,RL,2008
908103280,135000,1127,1127.0,6500,65.0,1976,1976,6,6,2.0,Detchd,1,1,3,1,84.0,Edwards,TA,Y,TA,Normal,RL,2008
908127120,108000,996,996.0,13907,63.0,1940,1969,5,6,0.0,,1,0,3,1,0.0,Edwards,TA,Y,TA,Normal,RL,2008
908128050,137500,1181,1138.0,10012,90.0,1972,1972,4,5,2.0,Detchd,2,0,3,0,0.0,Edwards,TA,Y,Gd,Normal,RL,2008
908128110,165400,1656,746.0,6931,60.0,2003,2004,7,5,2.0,BuiltIn,2,1,3,1,92.0,Edwards,Gd,Y,Gd,Normal,RL,2008
908151040,147000,1117,1029.0,9638,,1977,1977,6,6,2.0,Attchd,1,0,3,1,0.0,Edwards,TA,Y,TA,Normal,RL,2008
908152110,160500,1398,684.0,7200,72.0,1976,2001,6,7,2.0,Attchd,1,1,3,1,0.0,Edwards,TA,Y,TA,Normal,RL,2008
908152270,176000,1132,1132.0,7024,60.0,2005,2005,4,5,2.0,Attchd,1,1,2,0,0.0,Edwards,Gd,Y,Gd,Normal,RL,2008
908154080,284700,3820,0.0,47007,123.0,1959,1996,5,7,2.0,Attchd,3,1,5,2,0.0,Edwards,Ex,Y,,Normal,RL,2008
908154235,160000,5642,6110.0,63887,313.0,2008,2008,10,5,2.0,Attchd,2,1,3,3,796.0,Edwards,Ex,Y,Ex,Partial,RL,2008
908186040,148000,1072,547.0,3675,35.0,2005,2005,6,5,2.0,Basment,1,0,2,0,80.0,Edwards,TA,Y,Gd,Normal,RM,2008
908201100,82000,1152,0.0,6040,65.0,1955,1955,4,5,0.0,,2,0,2,0,0.0,Edwards,Fa,N,,AdjLand,RL,2008
908201110,82000,1152,0.0,6012,65.0,1955,1955,4,5,0.0,,2,0,2,0,0.0,Edwards,TA,N,,AdjLand,RL,2008
908201120,118000,1440,1440.0,12108,92.0,1955,1955,4,4,0.0,,2,0,4,0,270.0,Edwards,Fa,N,TA,Normal,RL,2008
908204160,82500,1152,0.0,6845,74.0,1955,1955,4,5,0.0,,2,0,2,0,58.0,Edwards,TA,N,,Normal,RL,2008
908225170,91900,784,784.0,6931,56.0,1955,1955,4,5,0.0,,1,0,2,0,0.0,Edwards,TA,N,TA,Normal,RL,2008
908226120,120000,1053,585.0,12180,60.0,1938,2007,5,7,0.0,,1,1,2,0,0.0,Edwards,Ex,Y,TA,Family,RL,2008
908250040,96000,1137,0.0,8050,57.0,1947,1993,5,8,0.0,,1,1,4,0,0.0,Edwards,TA,Y,,Normal,RL,2008
908250090,99000,930,911.0,9520,68.0,1953,1953,4,5,1.0,Attchd,1,0,2,0,115.0,Edwards,TA,Y,Gd,Normal,RL,2008
908275130,130500,1200,768.0,11767,70.0,1946,1995,5,6,1.0,Detchd,1,0,3,0,0.0,Edwards,TA,Y,TA,Normal,RL,2008
908275180,135000,1470,941.0,8172,60.0,1954,1972,4,6,1.0,Detchd,2,0,4,0,0.0,Edwards,TA,Y,TA,Normal,RL,2008
908275280,135500,1393,816.0,16466,59.0,1955,1955,5,7,1.0,Attchd,1,1,3,0,0.0,Edwards,TA,Y,TA,Normal,RL,2008
908276140,100000,1204,416.0,7692,62.0,1954,1954,4,6,1.0,Basment,1,0,3,0,0.0,Edwards,TA,Y,Ex,Abnorml,RL,2008
909100150,108000,1292,949.0,5142,67.0,1923,2008,4,7,1.0,Detchd,1,1,3,0,0.0,Edwards,Gd,Y,TA,Normal,RL,2008
909100170,98000,864,864.0,5604,67.0,1925,1950,5,6,0.0,,1,0,2,0,0.0,Edwards,TA,N,TA,Normal,RL,2008
909101060,67000,864,864.0,8248,45.0,1914,1950,3,3,0.0,,1,0,2,0,0.0,Edwards,TA,N,TA,Normal,RL,2008
909101180,135900,1716,780.0,5687,55.0,1912,2000,5,6,0.0,,2,0,6,0,0.0,SWISU,Fa,N,TA,Normal,RL,2008
909131170,140000,1482,672.0,12155,,1925,1950,6,8,1.0,Detchd,2,0,4,0,0.0,SWISU,Fa,N,TA,Normal,RH,2008
909175050,179500,2192,720.0,8400,60.0,1939,1997,5,8,1.0,Detchd,2,1,4,1,0.0,SWISU,Gd,Y,TA,Normal,RL,2008
909175100,136500,1694,1181.0,8400,60.0,1925,1950,6,5,2.0,Detchd,2,0,4,1,0.0,SWISU,TA,Y,TA,Normal,RL,2008
909177120,168000,1424,1228.0,7290,60.0,1921,1950,7,8,1.0,Attchd,2,0,2,1,174.0,SWISU,TA,Y,TA,Normal,RL,2008
909201110,130000,1964,940.0,8525,55.0,1911,1950,5,6,0.0,,1,1,4,0,0.0,SWISU,TA,N,TA,Abnorml,RH,2008
909250040,189000,2601,612.0,9842,51.0,1921,1998,5,6,2.0,BuiltIn,3,1,4,0,0.0,SWISU,TA,Y,TA,Normal,RL,2008
909250230,161900,1920,960.0,7804,64.0,1930,1950,6,7,2.0,Detchd,2,2,4,2,0.0,SWISU,TA,Y,TA,Abnorml,RL,2008
909251080,145000,1316,644.0,8969,66.0,1926,1950,6,6,1.0,Detchd,1,0,2,1,0.0,Crawfor,TA,Y,TA,Normal,RL,2008
909251090,191000,2555,588.0,11526,79.0,1922,1994,6,7,2.0,Detchd,2,0,3,1,0.0,Crawfor,TA,Y,Ex,Normal,RL,2008
909252110,177000,1680,840.0,15576,63.0,1915,1976,6,7,1.0,Attchd,2,0,4,0,0.0,Crawfor,TA,Y,Gd,Normal,RL,2008
909252220,147500,1264,676.0,15564,63.0,1914,1995,6,6,2.0,Detchd,1,0,3,0,0.0,Crawfor,TA,Y,Gd,Normal,RL,2008
909253190,91000,790,768.0,6292,52.0,1930,1950,6,5,1.0,Detchd,1,0,2,0,0.0,SWISU,TA,N,Gd,Normal,RL,2008
909254050,231000,1512,798.0,7609,54.0,1925,1997,8,9,1.0,Detchd,2,0,3,1,0.0,Crawfor,Gd,Y,Fa,Normal,RL,2008
909256060,115000,1639,1064.0,10480,51.0,1936,1950,6,5,1.0,Detchd,1,0,3,0,0.0,SWISU,TA,Y,TA,Normal,RL,2008
909275040,138000,1603,784.0,9650,,1923,1950,6,3,2.0,Attchd,1,0,4,1,0.0,Crawfor,TA,Y,TA,Normal,RL,2008
909275050,149000,1502,776.0,7200,60.0,1931,2000,7,6,1.0,Attchd,1,1,3,1,0.0,Crawfor,TA,Y,Gd,Normal,RL,2008
909276170,188700,1660,715.0,11988,74.0,1934,1995,6,7,1.0,Detchd,1,1,3,1,0.0,Crawfor,TA,Y,TA,Normal,RL,2008
909277040,198000,1938,942.0,11700,,1937,1995,5,6,1.0,Detchd,2,0,4,1,0.0,Crawfor,Gd,Y,TA,Normal,RL,2008
909277070,110000,1374,884.0,9260,,1938,1950,5,4,1.0,Detchd,1,0,3,0,0.0,Crawfor,TA,Y,TA,Normal,RL,2008
909281030,104000,1091,1091.0,7801,79.0,1951,1951,6,5,1.0,Attchd,1,0,2,1,88.0,Crawfor,TA,N,TA,Normal,RL,2008
909281110,257076,1873,608.0,9670,100.0,1935,1950,8,6,2.0,Detchd,1,1,4,2,40.0,Crawfor,TA,Y,TA,Alloca,RL,2008
909282030,381000,3447,728.0,14100,,1935,1997,8,9,3.0,BuiltIn,3,1,4,2,632.0,Crawfor,Gd,Y,TA,Normal,RL,2008
909425010,311500,1954,798.0,15660,,1939,2006,7,9,2.0,Attchd,1,1,3,2,312.0,Crawfor,Gd,Y,TA,Normal,RL,2008
909425085,263400,2161,832.0,12392,70.0,1950,2000,7,9,2.0,Attchd,2,1,3,2,0.0,Crawfor,Gd,Y,TA,Normal,RL,2008
909428170,236500,1898,1898.0,26073,56.0,1956,1956,5,5,2.0,Attchd,2,1,3,2,0.0,Crawfor,TA,Y,TA,Normal,RL,2008
909428190,224000,1640,1296.0,14778,,1954,2006,6,7,2.0,Detchd,1,0,3,1,72.0,Crawfor,Gd,Y,TA,Normal,RL,2008
909451020,116500,1032,516.0,1879,24.0,1980,1980,6,6,2.0,Detchd,1,0,2,1,0.0,Blueste,TA,Y,Gd,Normal,RM,2008
909451150,151000,1556,716.0,1950,24.0,1980,1980,6,6,2.0,Attchd,2,1,3,1,0.0,Blueste,TA,Y,Gd,Normal,RM,2008
910200080,126000,919,894.0,7000,50.0,1926,1998,6,8,1.0,Detchd,1,0,2,0,0.0,IDOTRR,TA,Y,TA,Normal,RM,2008
910201130,120000,1090,720.0,6000,60.0,1940,2006,6,8,1.0,Detchd,1,0,3,0,0.0,IDOTRR,TA,Y,Fa,Normal,RM,2008
910202050,55000,796,796.0,3636,40.0,1922,1950,4,4,0.0,,1,0,2,0,0.0,IDOTRR,TA,N,TA,Normal,RM,2008
910202100,120500,816,816.0,5890,,1930,2007,6,8,1.0,Detchd,1,0,2,0,0.0,IDOTRR,TA,Y,TA,Normal,RM,2008
910203020,120500,778,740.0,6900,71.0,1940,1955,5,6,1.0,Detchd,1,0,2,1,0.0,IDOTRR,TA,Y,TA,Normal,RM,2008
910203090,119000,1200,780.0,8155,58.0,1930,1950,5,7,0.0,,1,0,4,0,0.0,IDOTRR,TA,Y,Gd,Normal,RM,2008
910205010,126000,1656,624.0,6000,75.0,1967,1967,5,5,1.0,Attchd,1,1,3,1,0.0,IDOTRR,TA,Y,Gd,Normal,RM,2008
910206110,99500,912,520.0,7392,60.0,1930,1995,5,7,1.0,Detchd,1,0,2,0,0.0,IDOTRR,TA,Y,TA,Normal,RM,2008
910226040,165500,1955,1151.0,9000,75.0,1958,1958,5,5,1.0,Attchd,2,0,4,0,162.0,IDOTRR,TA,Y,TA,Normal,RM,2008
910251050,13100,733,0.0,14584,80.0,1952,1952,1,5,2.0,Attchd,1,0,2,0,0.0,IDOTRR,Fa,N,,Abnorml,A (agr),2008
911102090,89000,1361,173.0,5280,60.0,1895,1950,4,7,1.0,Detchd,1,0,2,0,0.0,IDOTRR,TA,N,Po,Normal,C (all),2008
911102170,40000,1317,649.0,8500,50.0,1920,1950,4,4,1.0,Detchd,1,0,3,0,0.0,IDOTRR,TA,N,TA,Normal,C (all),2008
911102180,80900,1049,356.0,5150,52.0,1910,2000,4,7,1.0,Detchd,1,0,2,0,0.0,IDOTRR,TA,N,Po,Normal,C (all),2008
911226010,81000,894,894.0,18000,120.0,1935,1950,3,4,3.0,Detchd,1,0,2,0,0.0,IDOTRR,TA,Y,TA,Normal,C (all),2008
911226030,65000,864,592.0,9000,60.0,1920,1950,4,6,1.0,Detchd,1,1,3,0,0.0,IDOTRR,Fa,Y,Fa,Normal,C (all),2008
911370410,392500,1652,1600.0,5587,64.0,2008,2008,8,5,2.0,Attchd,2,0,2,1,186.0,Crawfor,Gd,Y,Ex,Partial,RM,2008
911370490,294464,1648,1596.0,3843,44.0,2007,2008,8,5,2.0,Attchd,2,0,2,1,186.0,Crawfor,Ex,Y,Ex,Partial,RM,2008
911370520,250000,1646,1594.0,3811,44.0,2004,2005,7,5,2.0,Attchd,2,0,2,1,174.0,Crawfor,Ex,Y,Ex,Normal,RM,2008
911370540,275000,1646,1594.0,3842,44.0,2004,2005,8,5,2.0,Attchd,2,0,2,1,174.0,Crawfor,Gd,Y,Ex,Normal,RM,2008
914453045,300000,2032,1840.0,23730,,1996,1997,7,5,3.0,Attchd,3,0,3,0,668.0,Mitchel,Gd,Y,Ex,Normal,RL,2008
914465060,271000,1689,1568.0,13265,,2002,2002,8,5,3.0,Attchd,2,0,3,2,148.0,Mitchel,Gd,Y,Gd,Normal,RL,2008
914467050,213000,1820,910.0,11050,,1996,1997,7,5,3.0,Attchd,2,1,3,1,0.0,Mitchel,Gd,Y,Gd,Normal,RL,2008
914475020,171000,1118,1096.0,9880,76.0,1977,1977,6,6,1.0,Attchd,1,0,3,1,0.0,Mitchel,TA,Y,TA,Normal,RL,2008
914476010,171500,1279,1196.0,10125,75.0,1977,1977,6,6,2.0,Detchd,2,0,3,2,0.0,Mitchel,TA,Y,TA,Normal,RL,2008
914476080,100000,1872,0.0,10260,76.0,1976,1976,5,4,2.0,Attchd,2,2,4,0,0.0,Mitchel,TA,Y,,Abnorml,RL,2008
914476450,228500,1689,1680.0,9990,74.0,1991,1991,4,5,2.0,Attchd,2,0,3,1,0.0,Mitchel,TA,Y,Gd,Normal,RL,2008
916125425,228950,1786,1499.0,164660,,1965,1965,5,6,2.0,Attchd,2,0,3,2,0.0,Timber,TA,Y,TA,Normal,RL,2008
916226030,241500,1501,1277.0,4084,42.0,1986,1986,7,6,2.0,Attchd,2,0,2,1,340.0,Timber,Gd,Y,Gd,Normal,RL,2008
916325080,287000,2898,1565.0,15498,,1976,1976,8,6,2.0,Attchd,2,0,2,1,0.0,Timber,Gd,Y,Gd,Abnorml,RL,2008
916380060,294000,1537,1518.0,11563,74.0,2006,2007,8,5,3.0,Attchd,2,0,3,0,258.0,Timber,Gd,Y,Ex,Normal,RL,2008
916382120,293077,1646,1638.0,9520,71.0,2007,2008,8,5,3.0,Attchd,2,0,3,1,338.0,Timber,Gd,Y,Gd,Partial,RL,2008
916384100,264966,1780,920.0,12852,107.0,2007,2007,8,5,2.0,Attchd,2,1,3,1,0.0,Timber,Gd,Y,Gd,Partial,RL,2008
916386040,172500,1442,352.0,9802,73.0,2006,2007,5,5,2.0,BuiltIn,2,1,3,0,0.0,Timber,TA,Y,Gd,Normal,RL,2008
916386080,167500,1394,384.0,9735,73.0,2006,2007,5,5,2.0,BuiltIn,2,1,3,0,0.0,Timber,Gd,Y,Gd,Normal,RL,2008
916386180,218689,1612,796.0,12018,81.0,2008,2008,7,5,3.0,Attchd,2,1,3,0,60.0,Timber,Gd,Y,Gd,Partial,RL,2008
916402015,150000,1495,1495.0,12890,75.0,1989,1989,6,5,2.0,Attchd,2,0,3,1,128.0,Timber,TA,Y,Gd,Normal,RL,2008
916402115,184000,1651,1606.0,12416,47.0,1986,1986,6,5,2.0,Attchd,2,0,3,1,132.0,Timber,TA,Y,Gd,Normal,RL,2008
916402215,180000,1256,1256.0,18265,93.0,1986,1986,6,5,2.0,Attchd,2,0,3,1,228.0,Timber,Gd,Y,Gd,Normal,RL,2008
916403230,175000,1509,1461.0,10200,85.0,1988,1989,6,5,2.0,Attchd,2,0,3,1,219.0,Timber,Gd,Y,Gd,Abnorml,RL,2008
916455120,232500,1440,1432.0,11202,82.0,2003,2003,8,5,2.0,Attchd,2,0,3,1,206.0,Timber,Gd,Y,Ex,Normal,RL,2008
916460060,195000,1675,1666.0,7915,,1999,2000,6,5,2.0,Attchd,2,0,3,0,0.0,Timber,Gd,Y,Ex,Normal,RL,2008
916477020,305000,2262,1482.0,12244,85.0,2003,2003,8,5,3.0,Attchd,2,1,4,2,226.0,Timber,Gd,Y,Gd,Normal,RL,2008
921126030,298751,1728,1884.0,11449,79.0,2007,2007,8,5,2.0,Attchd,2,0,3,1,0.0,Timber,Gd,Y,Gd,Normal,RL,2008
921201060,370000,1964,1964.0,11447,85.0,2005,2006,8,5,3.0,Attchd,2,1,3,1,674.0,Timber,Gd,Y,Ex,Normal,RL,2008
923202005,209200,1344,1344.0,8940,97.0,1997,1998,7,5,4.0,Attchd,2,0,2,0,200.0,Mitchel,TA,Y,Gd,Alloca,RM,2008
923202015,206300,1344,1344.0,7060,78.0,1997,1998,7,5,4.0,Attchd,2,0,2,0,200.0,Mitchel,TA,Y,Gd,Alloca,RM,2008
923202137,146000,1092,1092.0,9278,77.0,2007,2008,5,5,0.0,,1,0,2,0,0.0,Mitchel,TA,Y,Gd,Abnorml,RL,2008
923203140,160500,1189,1189.0,4500,32.0,1997,1997,6,5,2.0,Attchd,2,0,2,0,197.0,Mitchel,TA,Y,Ex,Normal,RM,2008
923204040,173000,1200,1200.0,14137,150.0,1964,1964,4,5,3.0,2Types,1,0,3,0,98.0,Mitchel,TA,Y,Gd,Normal,RL,2008
923225080,124000,1040,1040.0,4224,,1975,1975,5,6,2.0,Attchd,1,0,3,0,0.0,MeadowV,TA,Y,Gd,Normal,RM,2008
923225150,115000,1304,264.0,2665,,1976,1976,5,6,1.0,BuiltIn,1,1,3,1,0.0,MeadowV,TA,Y,Gd,Normal,RM,2008
923225200,129500,1475,550.0,2665,41.0,1976,1976,5,7,1.0,Attchd,2,0,4,1,0.0,MeadowV,TA,Y,Gd,Normal,RM,2008
923225310,105000,988,526.0,1974,21.0,1973,2006,4,7,1.0,BuiltIn,1,0,2,0,0.0,MeadowV,TA,Y,Gd,Normal,RM,2008
923225370,94900,988,462.0,1596,21.0,1973,1973,4,6,1.0,BuiltIn,1,0,1,1,0.0,MeadowV,TA,Y,Gd,Normal,RM,2008
923227030,152500,1160,1113.0,17979,,1968,1968,5,6,1.0,Attchd,1,0,3,0,0.0,Mitchel,Gd,Y,TA,Normal,RL,2008
923228080,98000,1092,546.0,1477,21.0,1970,2007,6,9,0.0,,2,1,3,0,0.0,MeadowV,TA,Y,TA,Normal,RM,2008
923228420,81000,630,630.0,1890,21.0,1972,1972,4,7,0.0,,1,0,1,0,0.0,MeadowV,TA,Y,Gd,Normal,RM,2008
923250210,113000,988,988.0,21750,100.0,1954,1954,5,5,2.0,Attchd,1,0,2,0,0.0,Mitchel,TA,Y,TA,Normal,RL,2008
923252100,128500,816,816.0,6490,59.0,1983,1983,5,7,1.0,Attchd,1,0,2,0,0.0,Mitchel,TA,Y,TA,Normal,RL,2008
923275090,119500,923,876.0,6951,37.0,1984,1985,5,5,1.0,Attchd,1,0,3,0,0.0,Mitchel,TA,Y,TA,Normal,RL,2008
923277030,130500,816,816.0,6600,60.0,1982,2008,5,9,1.0,Attchd,1,0,3,1,0.0,Mitchel,Gd,Y,TA,Normal,RL,2008
923277040,138000,816,816.0,6600,60.0,1982,2003,5,8,2.0,Detchd,1,0,2,0,0.0,Mitchel,TA,Y,TA,Normal,RL,2008
923277080,134500,845,845.0,6600,60.0,1982,2005,5,6,1.0,Attchd,1,0,3,0,0.0,Mitchel,Gd,Y,TA,Normal,RL,2008
923400040,160000,1750,983.0,12508,75.0,1940,1985,6,7,1.0,Attchd,2,0,4,0,0.0,Mitchel,TA,Y,Gd,Normal,RL,2008
923426010,137500,889,864.0,12395,74.0,1984,1984,5,6,2.0,Attchd,1,0,3,0,0.0,Mitchel,TA,Y,TA,Normal,RL,2008
924100020,172000,1968,784.0,11075,,1969,1969,5,4,2.0,Attchd,2,1,4,1,232.0,Mitchel,TA,Y,TA,Normal,RL,2008
1007100110,103000,1836,686.0,56600,,1900,1950,5,1,1.0,Detchd,2,0,4,0,0.0,IDOTRR,TA,Y,TA,Normal,I (all),2008
526352080,167300,1587,1587.0,10667,85.0,1971,1971,6,6,2.0,Attchd,2,0,3,1,302.0,NAmes,TA,Y,TA,Normal,RL,2007
526352090,167000,1277,1277.0,10628,85.0,1970,1970,7,5,2.0,Attchd,1,0,2,1,0.0,NAmes,TA,Y,TA,Normal,RL,2007
526355170,244000,2223,2223.0,13651,95.0,1973,1973,7,6,2.0,Attchd,2,0,3,2,1115.0,NAmes,TA,Y,Gd,Normal,RL,2007
526355190,268000,2217,2217.0,15865,95.0,1970,1970,8,6,2.0,Attchd,2,0,4,1,0.0,NAmes,Gd,Y,TA,Normal,RL,2007
527105140,225000,1733,847.0,12394,,2003,2003,7,5,2.0,BuiltIn,2,1,3,1,0.0,Gilbert,Gd,Y,Gd,Family,RL,2007
527107040,168000,1572,806.0,10364,,1995,1996,6,5,2.0,BuiltIn,2,1,3,1,0.0,Gilbert,TA,Y,Gd,Normal,RL,2007
527110080,177000,1470,794.0,13869,,1997,1997,6,6,2.0,Attchd,2,0,3,0,0.0,Gilbert,TA,Y,Gd,Normal,RL,2007
527110120,169000,1600,916.0,8773,57.0,1997,1997,6,5,2.0,Attchd,2,1,3,1,0.0,Gilbert,TA,Y,Gd,Normal,RL,2007
527110130,161500,1384,384.0,8872,56.0,1997,1997,6,5,2.0,BuiltIn,2,1,3,1,0.0,Gilbert,TA,Y,Gd,Normal,RL,2007
527126030,251000,1652,1494.0,5330,41.0,2000,2000,8,5,2.0,Attchd,2,0,2,0,0.0,StoneBr,Ex,Y,Gd,Normal,RL,2007
527158090,160000,1694,392.0,10147,,1994,1994,6,5,2.0,BuiltIn,2,1,3,1,32.0,Gilbert,TA,Y,Gd,Normal,RL,2007
527161090,180000,1714,923.0,8637,,1999,2000,6,5,2.0,Attchd,2,1,3,1,0.0,Gilbert,TA,Y,Gd,Abnorml,RL,2007
527162080,178750,1553,691.0,7875,63.0,1996,1996,7,5,2.0,Attchd,2,1,3,0,0.0,Gilbert,Gd,Y,Gd,Normal,RL,2007
527162090,176000,1253,1237.0,7875,63.0,1995,1996,7,5,2.0,Attchd,2,0,3,1,38.0,Gilbert,TA,Y,Gd,Normal,RL,2007
527162140,204000,2299,938.0,7500,60.0,1999,2003,6,5,2.0,Attchd,3,1,5,1,0.0,Gilbert,TA,Y,Gd,Normal,RL,2007
527163080,160000,1187,1168.0,9556,,1992,1993,7,5,2.0,Attchd,2,0,3,0,52.0,Gilbert,Gd,Y,Gd,Normal,RL,2007
527165020,160000,1472,384.0,10784,,1991,1992,7,5,2.0,Attchd,2,1,3,1,76.0,Gilbert,Gd,Y,Gd,Normal,RL,2007
527165100,163900,1482,384.0,9125,,1992,1992,7,5,2.0,Attchd,2,1,3,1,170.0,Gilbert,Gd,Y,Gd,Normal,RL,2007
527165170,168000,1642,903.0,7655,,1993,1994,6,5,2.0,Attchd,2,1,3,1,0.0,Gilbert,TA,Y,Gd,Normal,RL,2007
527175130,154204,1128,1302.0,18160,160.0,1964,1964,6,6,2.0,Attchd,1,0,3,1,138.0,Gilbert,TA,Y,TA,Alloca,RL,2007
527182040,170000,1088,1074.0,3696,,1986,1986,8,5,2.0,Attchd,1,1,2,0,0.0,StoneBr,Gd,Y,Gd,Normal,RL,2007
527182170,207500,2090,1190.0,5062,,1984,1984,7,5,2.0,Attchd,2,0,3,1,0.0,StoneBr,Gd,Y,Gd,Normal,RL,2007
527184020,182000,1179,1166.0,4740,38.0,1988,1988,8,5,2.0,Attchd,2,0,2,0,0.0,StoneBr,TA,Y,Gd,Normal,RL,2007
527184110,212000,1321,1312.0,5118,35.0,1990,1990,8,5,2.0,Attchd,1,0,1,1,0.0,StoneBr,Gd,Y,Gd,Normal,RL,2007
527210060,377426,1922,1922.0,14157,86.0,2005,2006,9,5,3.0,Attchd,2,0,3,1,200.0,StoneBr,Gd,Y,Ex,Normal,RL,2007
527212060,349265,2541,1149.0,12328,98.0,2005,2005,8,5,3.0,BuiltIn,3,1,4,1,146.0,StoneBr,Ex,Y,Ex,Normal,RL,2007
527216080,591587,2338,2660.0,51974,52.0,2006,2007,9,5,3.0,Attchd,2,1,4,2,710.0,StoneBr,Gd,Y,Ex,Partial,RL,2007
527226040,155000,1424,1100.0,41600,195.0,1969,1990,5,5,3.0,2Types,1,1,3,0,0.0,Gilbert,TA,Y,Gd,Normal,RL,2007
527252050,319900,1612,1612.0,8035,61.0,2006,2006,9,5,2.0,Attchd,2,0,2,1,165.0,StoneBr,Ex,Y,Ex,Normal,RL,2007
527252070,392000,1419,1419.0,8089,60.0,2007,2007,8,6,2.0,Attchd,2,0,2,1,0.0,StoneBr,Gd,Y,Gd,Partial,RL,2007
527256030,441929,2234,2220.0,14082,85.0,2006,2006,8,5,2.0,Attchd,1,1,1,1,945.0,StoneBr,Gd,Y,Ex,Normal,RL,2007
527256040,455000,2042,1742.0,13870,81.0,2006,2007,10,5,3.0,Attchd,2,0,3,1,250.0,StoneBr,Ex,Y,Ex,Partial,RL,2007
527301080,182900,1440,1440.0,12546,,1981,1981,6,7,2.0,Attchd,2,0,3,1,310.0,NWAmes,Gd,Y,Gd,Normal,RL,2007
527301280,174000,1284,1284.0,10960,,1984,1984,6,5,2.0,Attchd,2,0,3,0,0.0,NWAmes,TA,Y,Gd,Abnorml,RL,2007
527302020,178000,1868,585.0,12090,78.0,1984,2003,6,7,2.0,BuiltIn,3,1,3,1,74.0,NWAmes,TA,Y,Gd,Abnorml,RL,2007
527302060,176000,1479,725.0,12090,78.0,1981,2003,7,7,2.0,Attchd,2,1,3,1,306.0,NWAmes,Gd,Y,Gd,Normal,RL,2007
527302090,213000,1664,1529.0,12299,93.0,1978,1985,7,6,2.0,Attchd,2,0,3,1,67.0,NWAmes,Gd,Y,Gd,Normal,RL,2007
527325090,192000,1930,780.0,11339,61.0,1979,1979,7,5,2.0,Attchd,2,1,4,1,549.0,NWAmes,Gd,Y,Gd,Normal,RL,2007
527325110,190000,1969,808.0,11952,92.0,1977,1977,7,6,2.0,Attchd,2,1,3,1,0.0,NWAmes,TA,Y,Gd,Normal,RL,2007
527327050,195000,2030,848.0,12046,,1976,1976,6,6,2.0,Attchd,2,1,4,1,298.0,NWAmes,Gd,Y,TA,Normal,RL,2007
527328020,148000,1032,1032.0,10395,,1978,1978,6,6,2.0,Attchd,2,0,3,1,233.0,NWAmes,TA,Y,Gd,Normal,RL,2007
527328050,151500,1177,1153.0,11850,79.0,1984,1984,6,6,2.0,Attchd,2,0,3,0,98.0,NWAmes,Gd,Y,Gd,Normal,RL,2007
527353080,197000,1725,539.0,11584,80.0,1979,1979,7,6,2.0,Attchd,2,1,3,1,96.0,NWAmes,TA,Y,TA,Normal,RL,2007
527354050,192350,1353,1259.0,10400,80.0,1979,1999,6,5,2.0,Attchd,2,0,2,1,253.0,NWAmes,TA,Y,Gd,Normal,RL,2007
527356050,152000,1620,780.0,10793,80.0,1969,1969,5,5,2.0,Attchd,2,1,4,0,263.0,NWAmes,TA,Y,TA,Normal,RL,2007
527357020,170000,1220,1625.0,13001,128.0,1971,1971,6,5,2.0,Attchd,2,0,2,1,176.0,NWAmes,TA,Y,TA,Normal,RL,2007
527358060,175000,1484,1484.0,12243,70.0,1971,1971,5,6,2.0,Attchd,2,0,3,1,0.0,NWAmes,TA,Y,Gd,Normal,RL,2007
527359010,175000,1743,702.0,11700,90.0,1968,1968,6,6,2.0,Attchd,1,2,3,1,365.0,NWAmes,TA,Y,TA,Normal,RL,2007
527359080,197900,1935,793.0,12384,,1976,1976,7,7,2.0,Attchd,2,1,3,1,233.0,NWAmes,TA,Y,Gd,Normal,RL,2007
527359160,174000,1324,1228.0,8991,64.0,1976,1976,7,6,2.0,Attchd,2,0,3,1,130.0,NWAmes,Gd,Y,Gd,Normal,RL,2007
527377110,178900,1877,1084.0,8000,80.0,1974,1974,6,6,2.0,Attchd,2,1,4,1,0.0,NWAmes,TA,Y,TA,Normal,RL,2007
527402090,139000,1109,372.0,10500,70.0,1971,2005,5,7,1.0,BuiltIn,1,0,3,0,82.0,NAmes,TA,Y,TA,Normal,RL,2007
527402150,143250,981,981.0,10530,,1971,1971,6,5,2.0,Detchd,1,1,3,0,0.0,NAmes,TA,Y,TA,Normal,RL,2007
527402240,184000,1479,725.0,7472,,1972,2004,7,9,2.0,Attchd,1,1,4,0,138.0,NAmes,Gd,Y,TA,Normal,RL,2007
527403310,155000,1422,925.0,9457,63.0,1970,1990,5,6,2.0,Detchd,1,0,3,0,0.0,NAmes,TA,Y,TA,Normal,RL,2007
527404050,133000,914,914.0,7920,66.0,1970,2002,5,5,1.0,Attchd,1,0,3,0,32.0,NAmes,Ex,Y,TA,Normal,RL,2007
527404100,119500,950,950.0,9758,61.0,1971,1971,5,5,1.0,Detchd,1,0,3,0,0.0,NAmes,TA,Y,TA,Normal,RL,2007
527404140,123000,872,858.0,8294,70.0,1971,1971,4,5,4.0,Detchd,1,0,3,0,0.0,NAmes,TA,Y,TA,Normal,RL,2007
527404150,110000,858,858.0,7340,,1971,1971,4,6,1.0,Detchd,1,0,2,0,0.0,NAmes,TA,Y,TA,Normal,RL,2007
527425025,128000,914,914.0,17199,,1961,1961,4,7,1.0,Basment,1,0,2,0,0.0,NAmes,TA,Y,TA,Normal,RL,2007
527425140,120500,864,864.0,9000,60.0,1971,1971,4,6,2.0,Detchd,1,0,3,0,0.0,NAmes,TA,Y,TA,Normal,RL,2007
527427090,133000,767,723.0,4058,34.0,1998,1998,7,5,1.0,Attchd,1,0,1,0,182.0,NAmes,TA,Y,Gd,Normal,RH,2007
527427160,155000,1337,1337.0,4113,33.0,2001,2001,6,5,2.0,Attchd,2,0,2,1,0.0,NAmes,Gd,Y,Gd,Normal,RH,2007
527427200,177000,1337,1405.0,10943,26.0,1997,1998,6,5,2.0,Attchd,2,0,2,1,0.0,NAmes,Gd,Y,Gd,Normal,RH,2007
527450030,113500,1092,525.0,2205,21.0,1973,1973,6,6,1.0,Detchd,1,1,3,0,567.0,BrDale,TA,Y,TA,Normal,RM,2007
527450150,113000,1218,672.0,1890,21.0,1973,1973,6,5,1.0,Detchd,1,1,3,0,285.0,BrDale,TA,Y,TA,Normal,RM,2007
527450220,113700,1218,672.0,2058,21.0,1973,1973,6,5,1.0,Detchd,1,1,4,0,265.0,BrDale,Ex,Y,TA,Normal,RM,2007
527451020,106000,1302,630.0,2016,24.0,1970,1970,5,5,2.0,Detchd,2,1,3,0,304.0,BrDale,TA,Y,TA,Normal,RM,2007
527451170,122500,1365,765.0,1920,24.0,1971,1971,5,5,2.0,Detchd,1,1,2,0,376.0,BrDale,TA,Y,TA,Normal,RM,2007
527452100,128000,958,1078.0,4928,,1976,1976,6,5,2.0,Attchd,2,0,2,1,0.0,NPkVill,TA,Y,Gd,Normal,RL,2007
527453010,155000,1548,804.0,2308,24.0,1976,1976,6,6,2.0,Detchd,2,1,3,1,0.0,NPkVill,Gd,Y,Gd,Normal,RL,2007
527455030,142500,1055,1061.0,2304,24.0,1978,1978,7,7,1.0,Attchd,2,0,2,0,0.0,NPkVill,TA,Y,Gd,Normal,RL,2007
527455250,129250,988,988.0,7150,65.0,1966,1966,5,6,1.0,Detchd,1,0,3,0,52.0,NAmes,TA,Y,TA,Normal,RL,2007
528102050,356000,1816,1790.0,12469,96.0,2006,2007,9,5,3.0,Attchd,2,0,3,1,378.0,NridgHt,Ex,Y,Ex,Partial,RL,2007
528102090,314813,1828,1822.0,11694,90.0,2007,2007,9,5,3.0,Attchd,2,0,3,1,452.0,NridgHt,Gd,Y,Ex,Partial,RL,2007
528102100,318000,1694,1694.0,12030,93.0,2007,2007,8,5,3.0,Attchd,2,0,3,0,254.0,NridgHt,Gd,Y,Ex,Partial,RL,2007
528102120,322400,1694,1694.0,11825,91.0,2006,2007,8,5,3.0,Attchd,2,0,3,1,302.0,NridgHt,Gd,Y,Ex,Partial,RL,2007
528102130,318000,1734,1734.0,12085,93.0,2007,2007,8,5,3.0,Attchd,2,0,3,1,328.0,NridgHt,Ex,Y,Ex,Partial,RL,2007
528104010,345474,2122,2108.0,14333,110.0,2007,2007,8,5,3.0,Attchd,2,1,2,1,0.0,NridgHt,Gd,Y,Gd,Partial,RL,2007
528106040,415298,2121,2121.0,14450,107.0,2006,2007,9,5,3.0,Attchd,2,1,3,1,315.0,NridgHt,Ex,Y,Ex,Partial,RL,2007
528106050,492000,2656,1934.0,13641,107.0,2007,2007,9,5,3.0,Attchd,2,1,3,1,456.0,NridgHt,Ex,Y,Ex,Partial,RL,2007
528106060,338931,2550,1108.0,13440,110.0,2006,2007,8,5,3.0,BuiltIn,2,1,4,1,190.0,NridgHt,Ex,Y,Ex,Partial,RL,2007
528106110,450000,2046,1994.0,15431,105.0,2005,2006,10,5,3.0,Attchd,2,1,2,2,400.0,NridgHt,Ex,Y,Ex,Normal,RL,2007
528108160,280000,2172,1063.0,14154,109.0,2006,2006,7,5,3.0,Attchd,2,1,3,1,350.0,NridgHt,Gd,Y,Ex,Partial,RL,2007
528110040,479069,2552,2552.0,13891,107.0,2007,2007,9,5,3.0,Attchd,2,0,3,2,456.0,NridgHt,Ex,Y,Ex,Partial,RL,2007
528110070,395000,1973,1935.0,14226,110.0,2006,2006,8,5,3.0,Attchd,2,0,3,1,375.0,NridgHt,Gd,Y,Gd,Partial,RL,2007
528110100,380000,2643,2153.0,13693,105.0,2006,2006,9,5,3.0,BuiltIn,2,1,3,1,772.0,NridgHt,Ex,Y,Gd,Normal,RL,2007
528112150,250000,1634,1626.0,11428,98.0,2006,2006,8,5,3.0,Attchd,2,0,3,1,248.0,NridgHt,Gd,Y,Gd,Normal,RL,2007
528114050,440000,1976,1976.0,14977,110.0,2006,2007,8,5,3.0,Attchd,2,0,2,1,304.0,NridgHt,Gd,Y,Ex,Partial,RL,2007
528118040,418000,2758,1704.0,13654,118.0,2005,2006,9,5,3.0,BuiltIn,2,1,4,1,365.0,NridgHt,Ex,Y,Ex,Normal,RL,2007
528118050,500067,2290,2320.0,17169,59.0,2007,2007,10,5,3.0,Attchd,2,1,2,1,970.0,NridgHt,Ex,Y,Ex,Partial,RL,2007
528120010,260116,2152,1582.0,16659,134.0,2007,2008,8,5,2.0,Detchd,2,1,3,1,0.0,NridgHt,Gd,Y,Gd,Partial,RL,2007
528120150,317000,2473,1143.0,9591,76.0,2004,2005,8,5,3.0,BuiltIn,2,1,4,1,344.0,NridgHt,Gd,Y,Ex,Normal,RL,2007
528142050,319500,2100,918.0,9709,82.0,2007,2007,8,5,3.0,BuiltIn,2,1,3,2,120.0,NridgHt,Ex,Y,Ex,Partial,RL,2007
528144050,325624,2161,1582.0,10562,86.0,2007,2007,8,5,3.0,Attchd,1,1,3,1,300.0,NridgHt,Ex,Y,Ex,Partial,RL,2007
528150040,372000,1802,1802.0,13615,94.0,2006,2006,9,5,3.0,Attchd,2,1,3,1,510.0,NridgHt,Ex,Y,Ex,Normal,RL,2007
528150110,342000,2956,1706.0,13069,99.0,2004,2004,8,5,3.0,BuiltIn,2,1,5,1,502.0,NridgHt,Ex,Y,Gd,Normal,RL,2007
528150120,354000,2468,1136.0,12099,99.0,2004,2004,8,5,3.0,BuiltIn,2,1,4,1,388.0,NridgHt,Gd,Y,Ex,Normal,RL,2007
528166150,350000,2385,1317.0,14277,110.0,2003,2003,8,5,3.0,Attchd,2,1,3,1,280.0,NridgHt,Gd,Y,Ex,Normal,RL,2007
528168040,285000,2374,1181.0,11999,93.0,2003,2004,8,5,3.0,BuiltIn,2,1,4,1,340.0,NridgHt,Ex,Y,Gd,Normal,RL,2007
528172030,281500,1818,895.0,12568,,2007,2007,8,5,3.0,Attchd,2,1,3,1,246.0,NridgHt,Ex,Y,Ex,Partial,RL,2007
528172050,245700,1614,1614.0,9926,70.0,2005,2006,7,5,3.0,Attchd,2,0,3,0,210.0,NridgHt,Gd,Y,Gd,Normal,RL,2007
528172070,232698,1721,1721.0,9254,71.0,2005,2005,8,5,2.0,Attchd,2,0,3,0,210.0,NridgHt,Gd,Y,Gd,Normal,RL,2007
528172075,250000,1828,1298.0,10732,92.0,2006,2007,8,5,3.0,BuiltIn,2,1,3,0,0.0,NridgHt,Gd,Y,Gd,Partial,RL,2007
528174010,194700,1362,1362.0,7577,61.0,2005,2006,6,5,2.0,Attchd,2,0,2,1,256.0,NridgHt,Gd,Y,Gd,Normal,RL,2007
528174020,204000,1302,1302.0,3901,34.0,2005,2006,6,5,2.0,Attchd,1,1,1,1,182.0,NridgHt,Gd,Y,Gd,Partial,RL,2007
528174030,200000,1302,1302.0,3903,34.0,2005,2006,6,5,2.0,Attchd,1,1,1,1,182.0,NridgHt,Gd,Y,Gd,Normal,RL,2007
528174040,207000,1362,1362.0,6289,41.0,2005,2006,6,5,2.0,Attchd,2,0,2,1,256.0,NridgHt,Gd,Y,Gd,Normal,RL,2007
528181060,209500,1554,1554.0,4590,34.0,2006,2006,8,5,2.0,Attchd,2,0,2,1,108.0,NridgHt,Gd,Y,Gd,Normal,RL,2007
528181070,209500,1554,1554.0,4590,34.0,2006,2006,8,5,2.0,Attchd,2,0,2,1,108.0,NridgHt,Gd,Y,Gd,Normal,RL,2007
528181080,202500,1370,1370.0,6442,44.0,2006,2006,8,5,2.0,Attchd,2,0,2,1,178.0,NridgHt,Gd,Y,Gd,Normal,RL,2007
528186050,280000,1577,1577.0,7841,48.0,2005,2005,9,5,2.0,Attchd,2,0,2,1,394.0,NridgHt,Ex,Y,Ex,Normal,RL,2007
528186090,277500,1561,1561.0,7313,60.0,2005,2005,9,5,2.0,Attchd,2,0,2,1,246.0,NridgHt,Ex,Y,Ex,Normal,RL,2007
528186120,318061,1869,1869.0,7820,68.0,2007,2007,9,5,2.0,Attchd,2,0,2,1,362.0,NridgHt,Ex,Y,Ex,Partial,RL,2007
528186190,221370,1324,1324.0,6240,48.0,2006,2006,8,5,2.0,Attchd,2,0,2,1,176.0,NridgHt,Gd,Y,Gd,Partial,RL,2007
528188160,200000,1405,1405.0,3242,48.0,2003,2003,7,5,2.0,Attchd,2,0,2,1,235.0,NridgHt,Gd,Y,Gd,Normal,RL,2007
528218010,181755,1496,768.0,15810,59.0,2007,2007,6,5,2.0,Attchd,3,0,3,0,,Gilbert,Gd,Y,Gd,Partial,RL,2007
528218020,176000,1536,768.0,10237,65.0,2005,2006,6,5,2.0,Attchd,2,1,3,1,0.0,Gilbert,Gd,Y,Gd,Normal,RL,2007
528218050,178900,1484,783.0,10237,65.0,2005,2007,6,5,2.0,Attchd,2,1,3,1,0.0,Gilbert,Gd,Y,Gd,Partial,RL,2007
528218100,168165,1458,608.0,13204,58.0,2006,2007,7,5,2.0,BuiltIn,2,0,3,0,44.0,Gilbert,Gd,Y,Gd,Partial,RL,2007
528221030,171925,1495,738.0,8857,62.0,2006,2006,6,5,2.0,Attchd,2,1,3,1,0.0,Gilbert,Gd,Y,Gd,Partial,RL,2007
528221040,198444,1746,698.0,9729,63.0,2006,2007,6,5,3.0,BuiltIn,2,1,3,1,0.0,Gilbert,Gd,Y,Gd,Partial,RL,2007
528221050,203000,1326,1326.0,12216,88.0,2005,2005,6,5,2.0,Attchd,2,0,3,0,0.0,Gilbert,Gd,Y,Gd,Normal,RL,2007
528221090,179540,1456,728.0,9018,65.0,2007,2007,7,5,2.0,Attchd,2,1,3,1,0.0,Gilbert,Gd,Y,Gd,Partial,RL,2007
528222030,176485,1302,1302.0,8993,73.0,2007,2007,7,5,2.0,Attchd,2,0,3,0,0.0,Gilbert,Gd,Y,Gd,Partial,RL,2007
528222040,181134,1340,1340.0,8899,73.0,2007,2007,7,5,2.0,Attchd,2,0,3,0,0.0,Gilbert,Gd,Y,Gd,Partial,RL,2007
528222050,156932,1412,616.0,8499,73.0,2006,2007,6,5,2.0,BuiltIn,2,1,3,1,0.0,Gilbert,Gd,Y,Gd,Partial,RL,2007
528222060,166000,1504,752.0,8229,72.0,2007,2007,6,5,2.0,Attchd,2,1,3,0,22.0,Gilbert,Gd,Y,Gd,Partial,RL,2007
528222080,177594,1456,728.0,7713,64.0,2007,2007,7,5,2.0,Attchd,2,1,3,0,16.0,Gilbert,Gd,Y,Gd,Partial,RL,2007
528222090,173500,1258,1246.0,7697,64.0,2007,2007,7,6,2.0,Attchd,2,0,3,0,0.0,Gilbert,Gd,Y,Gd,Partial,RL,2007
528228270,172500,1258,1258.0,3922,53.0,2006,2007,7,5,3.0,Attchd,2,0,2,1,72.0,Blmngtn,Gd,Y,Ex,Partial,RL,2007
528228275,194201,1402,1258.0,3922,53.0,2006,2007,7,5,3.0,Attchd,0,2,2,1,72.0,Blmngtn,Gd,Y,Ex,Partial,RL,2007
528228375,226500,1589,1406.0,3621,,2003,2003,8,5,3.0,Attchd,2,0,2,1,72.0,Blmngtn,Gd,Y,Gd,Normal,RL,2007
528228555,185485,1266,1266.0,3710,53.0,2007,2007,7,5,2.0,Attchd,2,0,2,1,16.0,Blmngtn,Gd,Y,Gd,Partial,RL,2007
528231010,259000,1530,1530.0,14572,182.0,2004,2004,7,5,3.0,Attchd,2,0,3,1,0.0,Gilbert,Gd,Y,Gd,Family,RL,2007
528231030,188500,1119,835.0,16219,65.0,2004,2005,7,5,2.0,Attchd,2,0,2,0,0.0,Gilbert,Gd,Y,Gd,Normal,RL,2007
528235000,175000,1374,384.0,11084,87.0,2004,2004,7,5,2.0,BuiltIn,2,1,3,1,0.0,Gilbert,Gd,Y,Gd,Family,RL,2007
528235160,215000,1959,847.0,11796,59.0,2004,2005,7,5,2.0,BuiltIn,2,1,4,1,0.0,Gilbert,Gd,Y,Gd,Normal,RL,2007
528235170,206580,1525,1510.0,10936,59.0,2006,2006,7,5,2.0,Attchd,2,1,3,1,0.0,Gilbert,Gd,Y,Gd,Partial,RL,2007
528240020,183500,1720,840.0,8244,62.0,2004,2004,7,5,2.0,Attchd,2,1,3,1,0.0,Gilbert,Gd,Y,Gd,Normal,RL,2007
528250010,165500,1394,384.0,11950,,2003,2003,7,5,2.0,BuiltIn,2,1,3,1,,Gilbert,Gd,Y,Gd,Normal,RL,2007
528250070,211000,1948,847.0,7875,63.0,2003,2003,7,5,2.0,BuiltIn,2,1,4,1,16.0,Gilbert,Gd,Y,Gd,Normal,RL,2007
528275035,181000,1690,924.0,8063,,2000,2000,6,5,2.0,Attchd,2,1,3,1,0.0,Gilbert,TA,Y,Gd,Abnorml,RL,2007
528275110,219500,1995,854.0,8740,,2002,2002,7,5,2.0,BuiltIn,2,1,4,1,0.0,Gilbert,Gd,Y,Gd,Normal,RL,2007
528280110,175000,1647,953.0,7917,62.0,1999,2000,6,5,2.0,Attchd,2,1,3,1,0.0,Gilbert,TA,Y,Gd,Normal,RL,2007
528280150,170000,1430,384.0,9967,76.0,2000,2000,7,5,2.0,BuiltIn,2,1,3,1,0.0,Gilbert,TA,Y,Gd,Normal,RL,2007
528290060,162000,1320,660.0,7750,,2003,2003,7,5,2.0,Attchd,2,1,3,0,0.0,Gilbert,Gd,Y,Gd,Normal,RL,2007
528290170,187000,1690,915.0,9487,58.0,2000,2000,6,5,2.0,Attchd,2,1,3,1,0.0,Gilbert,TA,Y,Gd,Normal,RL,2007
528294010,185000,1644,941.0,9649,59.0,1999,2000,6,5,2.0,Attchd,2,1,3,1,0.0,Gilbert,TA,Y,Gd,Normal,RL,2007
528320050,745000,4476,2396.0,15623,160.0,1996,1996,10,5,3.0,Attchd,3,1,4,2,0.0,NoRidge,Ex,Y,Ex,Abnorml,RL,2007
528322020,384500,2551,1779.0,12191,100.0,1997,1998,8,5,3.0,Attchd,2,1,4,2,515.0,NoRidge,Gd,Y,Gd,Normal,RL,2007
528326060,248000,2285,969.0,11000,,2000,2000,8,5,3.0,BuiltIn,2,1,4,1,72.0,NoRidge,Gd,Y,Gd,Normal,RL,2007
528327060,466500,2633,2633.0,11400,,2001,2002,10,5,3.0,Attchd,2,1,2,2,705.0,NoRidge,Ex,Y,Ex,Normal,RL,2007
528340030,410000,3078,1408.0,10557,89.0,1998,1998,9,5,3.0,Attchd,2,1,4,1,422.0,NoRidge,Gd,Y,Ex,Normal,RL,2007
528344020,322500,2582,1389.0,11002,74.0,1998,1999,8,5,3.0,Attchd,2,1,4,1,0.0,NoRidge,Gd,Y,Gd,Normal,RL,2007
528348030,252000,2385,1066.0,10790,83.0,1998,1998,7,5,3.0,BuiltIn,2,1,4,1,275.0,NoRidge,Gd,Y,Gd,Normal,RL,2007
528351010,755000,4316,2444.0,21535,104.0,1994,1995,10,6,3.0,Attchd,3,1,4,2,1170.0,NoRidge,Ex,Y,Ex,Normal,RL,2007
528354060,269790,2013,1117.0,9920,92.0,1996,1997,7,5,2.0,Attchd,2,1,3,1,0.0,NoRidge,TA,Y,Gd,Normal,RL,2007
528354110,315750,2398,1379.0,11787,95.0,1996,1997,7,5,3.0,Attchd,2,1,3,1,594.0,NoRidge,Gd,Y,Gd,Normal,RL,2007
528358040,290000,2520,1203.0,9950,82.0,1995,1995,7,5,3.0,Attchd,2,1,4,1,290.0,NoRidge,Gd,Y,Gd,Abnorml,RL,2007
528364110,290000,2531,1318.0,12257,65.0,1995,1995,8,5,3.0,Attchd,2,1,4,1,513.0,NoRidge,Gd,Y,Gd,Normal,RL,2007
528366050,430000,3228,3200.0,12692,,1992,1993,8,5,2.0,Attchd,3,0,4,1,0.0,NoRidge,Gd,Y,Gd,Normal,RL,2007
528366070,263000,2202,1105.0,11762,88.0,1992,1993,8,5,2.0,Attchd,2,1,4,1,309.0,NoRidge,Gd,Y,Ex,Normal,RL,2007
528376010,330000,2538,1325.0,9044,82.0,1996,1997,8,5,3.0,Attchd,2,1,4,1,526.0,NoRidge,Gd,Y,Gd,Normal,RL,2007
528427040,213133,1369,1369.0,9910,75.0,2007,2007,7,6,2.0,Attchd,2,0,3,0,0.0,Somerst,Gd,Y,Gd,Partial,RL,2007
528427100,260261,1542,1542.0,11830,91.0,2007,2007,8,5,3.0,Attchd,2,0,3,1,164.0,Somerst,Gd,Y,Gd,Partial,RL,2007
528429090,320000,1905,1905.0,11670,84.0,2006,2006,9,5,3.0,Attchd,2,0,3,1,302.0,Somerst,Ex,Y,Ex,Normal,RL,2007
528429110,282922,1464,1485.0,15256,49.0,2007,2007,8,5,3.0,Attchd,2,0,3,0,84.0,Somerst,Gd,Y,Gd,Normal,RL,2007
528431030,215000,1534,1524.0,10612,76.0,2006,2006,8,5,2.0,Attchd,2,0,3,1,248.0,Somerst,Gd,Y,Gd,Family,RL,2007
528431040,419005,1966,1966.0,12291,98.0,2007,2007,10,5,3.0,Attchd,2,0,1,1,754.0,Somerst,Ex,Y,Ex,Partial,RL,2007
528431050,255000,1636,1623.0,13501,116.0,2006,2006,8,5,3.0,Attchd,2,0,3,1,208.0,Somerst,Gd,Y,Gd,Normal,RL,2007
528431110,147000,1795,1795.0,9986,75.0,2006,2007,8,5,3.0,Attchd,2,0,2,1,428.0,Somerst,Gd,Y,Ex,Partial,RL,2007
528435010,235876,1528,1528.0,9965,85.0,2007,2007,7,5,2.0,Attchd,3,2,3,1,,Somerst,Gd,Y,Gd,Partial,RL,2007
528435040,311872,1726,1726.0,9416,79.0,2007,2007,7,5,3.0,Attchd,2,0,3,1,205.0,Somerst,Ex,Y,Ex,Partial,RL,2007
528435060,248328,1689,1689.0,9849,83.0,2007,2007,7,6,3.0,Attchd,2,0,3,0,0.0,Somerst,Gd,Y,Gd,Partial,RL,2007
528435070,227000,1588,1588.0,10000,85.0,2006,2006,8,5,3.0,Attchd,2,0,3,1,410.0,Somerst,Gd,Y,Gd,Normal,RL,2007
528439040,260000,1538,1538.0,8847,74.0,2005,2005,8,5,2.0,Attchd,2,0,3,0,148.0,Somerst,Gd,Y,Gd,Normal,RL,2007
528439050,225000,1496,1496.0,9158,76.0,2007,2007,8,5,2.0,Attchd,2,0,3,0,140.0,Somerst,Gd,Y,Gd,Partial,RL,2007
528439080,249000,1506,1494.0,8251,70.0,2005,2006,7,5,2.0,Attchd,2,0,3,1,143.0,Somerst,Gd,Y,Gd,Normal,RL,2007
528441080,307000,1694,1686.0,10084,75.0,2004,2005,8,5,2.0,Attchd,2,0,3,1,186.0,Somerst,Gd,Y,Ex,Normal,RL,2007
528445020,250000,1977,982.0,9605,70.0,2006,2006,7,5,3.0,Attchd,2,1,3,0,0.0,Somerst,Gd,Y,Gd,Family,RL,2007
528445070,221300,1830,1302.0,8778,75.0,2006,2006,8,5,3.0,BuiltIn,2,1,3,0,0.0,Somerst,Gd,Y,Gd,Normal,RL,2007
528456190,208900,1338,1338.0,8640,72.0,2007,2007,8,5,2.0,Attchd,2,0,3,0,0.0,Somerst,Gd,Y,Gd,Partial,FV,2007
528456230,210400,1335,1335.0,9000,75.0,2006,2007,7,5,2.0,Attchd,2,0,3,0,0.0,Somerst,Gd,Y,Gd,Partial,FV,2007
528458080,255000,1792,896.0,8640,72.0,2007,2007,8,5,2.0,Attchd,2,1,3,0,0.0,Somerst,Gd,Y,Gd,Partial,FV,2007
528458090,212109,1588,725.0,10411,81.0,2007,2007,5,5,2.0,Attchd,3,0,3,0,0.0,Somerst,Gd,Y,Gd,Partial,FV,2007
528458120,270000,1959,1088.0,9000,75.0,2006,2006,8,5,3.0,Attchd,2,1,3,1,0.0,Somerst,Gd,Y,Gd,Normal,FV,2007
528458130,303477,2610,1184.0,9000,75.0,2007,2007,8,5,2.0,BuiltIn,2,1,4,1,0.0,Somerst,Ex,Y,Gd,Partial,FV,2007
528458150,310013,1880,955.0,12217,112.0,2007,2007,8,5,3.0,Attchd,2,1,3,1,,Somerst,Ex,Y,Ex,Partial,FV,2007
528477020,249700,1656,1656.0,11096,84.0,2006,2006,8,5,3.0,Attchd,2,0,3,0,0.0,Somerst,Gd,Y,Gd,Normal,FV,2007
528480020,227875,1761,874.0,10207,84.0,2007,2007,7,6,2.0,Attchd,3,0,3,0,0.0,Somerst,Gd,Y,Gd,Partial,FV,2007
528480180,261329,1584,1574.0,10440,84.0,2007,2007,8,5,2.0,Attchd,2,0,2,1,0.0,Somerst,Ex,Y,Gd,Partial,FV,2007
528482010,253000,1685,1685.0,11824,100.0,2006,2006,8,5,3.0,Attchd,2,0,2,1,298.0,Somerst,Gd,Y,Gd,Normal,FV,2007
528482030,265000,2443,1158.0,10625,85.0,2004,2004,6,5,3.0,BuiltIn,2,1,4,1,353.0,Somerst,Gd,Y,Gd,Normal,FV,2007
528482090,340000,2466,1580.0,11143,102.0,2004,2005,8,5,2.0,Attchd,3,0,4,1,0.0,Somerst,Gd,Y,Gd,Normal,FV,2007
531363020,146000,1100,1100.0,7500,63.0,2006,2007,6,5,0.0,,1,1,3,0,0.0,SawyerW,TA,Y,Gd,Partial,RL,2007
531363040,147000,1143,1143.0,7500,63.0,2006,2006,7,5,0.0,,1,1,3,0,0.0,SawyerW,Gd,Y,Gd,Normal,RL,2007
531375140,149000,1094,1094.0,12450,60.0,2003,2004,5,5,2.0,Detchd,1,0,3,0,126.0,SawyerW,Gd,Y,Gd,Normal,RL,2007
531376060,181000,1486,1461.0,7441,65.0,2006,2006,7,5,2.0,Attchd,2,0,3,0,170.0,SawyerW,Gd,Y,Gd,Normal,RL,2007
531380110,201000,1721,928.0,8462,70.0,1994,1994,6,5,2.0,Attchd,2,1,3,0,105.0,SawyerW,Gd,Y,Gd,Normal,RL,2007
531384070,191750,1820,864.0,11613,,1993,1997,6,5,2.0,Attchd,2,1,3,0,0.0,SawyerW,Gd,Y,Gd,Normal,RL,2007
531385070,179000,1349,1349.0,8450,65.0,2000,2001,7,5,2.0,Attchd,2,0,3,0,108.0,SawyerW,TA,Y,Gd,Normal,RL,2007
531385130,215000,1494,1482.0,16196,,1998,1998,7,5,2.0,Attchd,2,0,3,1,0.0,SawyerW,Gd,Y,Gd,Normal,RL,2007
531451030,179200,1575,1575.0,8012,50.0,1992,1992,6,5,2.0,Attchd,2,0,2,0,0.0,SawyerW,Gd,Y,Gd,Normal,RL,2007
531451150,128000,1266,630.0,8012,50.0,1980,1980,6,5,1.0,Attchd,1,1,2,2,0.0,SawyerW,TA,Y,TA,Normal,RL,2007
531453140,144000,884,840.0,9180,,1983,1983,5,7,2.0,Attchd,1,0,2,0,0.0,SawyerW,Gd,Y,Gd,Normal,RL,2007
531477040,144000,2020,0.0,8400,60.0,1977,1977,5,5,2.0,Detchd,2,0,4,2,320.0,SawyerW,TA,Y,,Normal,RH,2007
532353120,120750,894,894.0,6285,64.0,1977,1977,5,5,1.0,Detchd,1,0,2,0,0.0,Sawyer,TA,Y,Gd,Normal,RL,2007
532354010,132500,970,970.0,8480,80.0,1963,1963,5,6,2.0,Detchd,1,0,2,0,0.0,Sawyer,TA,Y,TA,Normal,RL,2007
532354060,132000,1057,1057.0,7420,70.0,1962,1962,5,5,2.0,Detchd,1,0,3,0,0.0,Sawyer,TA,Y,TA,Normal,RL,2007
532354070,132500,999,999.0,7758,,1962,2001,5,7,1.0,Detchd,1,0,3,0,0.0,Sawyer,Gd,Y,TA,Normal,RL,2007
532376040,129000,1120,1040.0,6970,85.0,1961,1961,4,5,2.0,Attchd,1,1,3,0,0.0,Sawyer,Fa,Y,TA,Normal,RL,2007
532376090,143900,1696,1140.0,13673,40.0,1962,1962,5,5,1.0,Attchd,1,1,3,1,0.0,Sawyer,TA,Y,TA,Normal,RL,2007
532377050,145000,1040,1040.0,7476,84.0,1968,1968,5,7,2.0,Detchd,1,1,3,0,0.0,Sawyer,TA,Y,TA,Normal,RL,2007
532377140,128500,988,988.0,9945,,1961,1961,5,5,2.0,Detchd,1,0,3,0,57.0,Sawyer,TA,Y,TA,Normal,RL,2007
532378240,125500,902,876.0,6173,,1967,1967,5,6,1.0,Attchd,1,0,3,0,75.0,Sawyer,TA,Y,TA,Normal,RL,2007
532476080,300000,2503,1223.0,19522,,1990,1990,7,5,2.0,Attchd,2,1,3,1,272.0,Veenker,Gd,Y,Gd,Normal,RL,2007
532477040,294000,2167,1192.0,17542,,1974,2003,7,7,2.0,Attchd,2,1,3,2,0.0,Veenker,Gd,Y,TA,Normal,RL,2007
532479050,129000,1037,1037.0,10751,44.0,1974,1974,5,5,2.0,Attchd,1,0,2,0,44.0,Sawyer,TA,Y,Fa,Normal,RL,2007
532479120,171000,1701,1390.0,16647,,1975,1981,5,5,2.0,Basment,2,0,3,2,0.0,Sawyer,TA,Y,Gd,Normal,RL,2007
532479140,147000,1055,1044.0,12712,43.0,1973,2006,6,7,2.0,Attchd,1,0,2,1,0.0,Sawyer,Gd,Y,Gd,Abnorml,RL,2007
533120030,302000,2810,1453.0,9572,,1990,1990,8,5,2.0,Attchd,2,1,4,1,336.0,NoRidge,Gd,Y,Ex,Normal,RL,2007
533130170,285000,2872,1683.0,10678,85.0,1992,2000,8,5,2.0,Attchd,2,1,4,1,337.0,NoRidge,Gd,Y,Gd,Normal,RL,2007
533205110,214000,1378,1378.0,4379,45.0,2004,2004,8,5,2.0,Attchd,2,0,2,1,0.0,Somerst,Gd,Y,Gd,Normal,FV,2007
533206060,166000,1151,1141.0,3523,80.0,2006,2007,8,5,2.0,Attchd,2,0,2,0,30.0,Somerst,Gd,Y,Gd,Partial,FV,2007
533206070,193800,1565,1511.0,3784,32.0,2006,2007,8,5,2.0,Attchd,2,0,2,0,36.0,Somerst,Gd,Y,Gd,Partial,FV,2007
533208010,208900,1352,1352.0,4230,47.0,2006,2007,7,5,2.0,Attchd,2,0,2,1,0.0,Somerst,Gd,Y,Ex,Partial,FV,2007
533208020,194000,1352,1352.0,3606,40.0,2006,2007,7,5,2.0,Attchd,2,0,2,1,0.0,Somerst,Gd,Y,Ex,Partial,FV,2007
533208030,207500,1550,1550.0,5330,30.0,2006,2007,8,5,2.0,Attchd,2,1,2,0,,Somerst,Gd,Y,Gd,Partial,FV,2007
533208040,199900,1241,1241.0,4274,35.0,2006,2007,7,5,2.0,Attchd,1,1,1,0,,Somerst,Gd,Y,Gd,Partial,FV,2007
533208070,164700,1250,625.0,4251,35.0,2006,2007,7,5,2.0,Detchd,2,1,2,0,0.0,Somerst,Gd,Y,Gd,Partial,FV,2007
533213130,176500,1501,744.0,2280,24.0,1999,1999,6,5,2.0,Detchd,2,1,3,1,342.0,Somerst,TA,Y,Gd,Normal,FV,2007
533213140,176000,1458,729.0,3230,34.0,1999,1999,6,5,2.0,Detchd,2,1,2,1,1129.0,Somerst,TA,Y,Gd,Normal,FV,2007
533221030,168500,1512,756.0,2117,,2000,2000,6,5,2.0,Detchd,2,1,2,1,513.0,Somerst,Gd,Y,Gd,Normal,FV,2007
533221060,177000,1573,756.0,2117,24.0,2000,2000,6,5,2.0,Detchd,2,1,3,0,216.0,Somerst,Gd,Y,Gd,Normal,FV,2007
533221100,177000,1525,756.0,2117,,2000,2000,6,5,2.0,Detchd,2,1,3,1,456.0,Somerst,Gd,Y,Gd,Normal,FV,2007
533223050,148800,1102,551.0,5105,,2004,2004,7,5,2.0,Detchd,2,1,2,0,0.0,Somerst,Gd,Y,Gd,Normal,FV,2007
533236040,174000,1441,776.0,2645,24.0,1999,2000,8,5,2.0,Detchd,2,1,2,0,456.0,Somerst,Gd,Y,Gd,Normal,FV,2007
533241030,239000,1950,975.0,7399,66.0,1997,1998,7,5,2.0,Detchd,2,1,3,1,1600.0,Somerst,Gd,Y,Gd,Normal,FV,2007
533242080,204000,1358,1339.0,7321,73.0,1999,2000,7,5,2.0,Detchd,2,0,3,0,0.0,Somerst,Gd,Y,Gd,Normal,FV,2007
533242090,301000,2048,1054.0,8010,,2003,2004,8,5,2.0,Detchd,2,1,3,2,0.0,Somerst,Gd,Y,Ex,Normal,FV,2007
533244040,312500,2362,1220.0,8413,106.0,1998,1998,8,5,2.0,Attchd,2,1,3,2,0.0,Somerst,Gd,Y,Ex,Normal,FV,2007
533250190,279700,1494,1494.0,9466,50.0,1994,1995,8,5,2.0,Attchd,1,1,1,1,0.0,Veenker,Gd,Y,Gd,Normal,RL,2007
533251110,255000,2362,2002.0,12000,80.0,1980,1980,7,6,2.0,Attchd,2,1,3,1,600.0,Veenker,Gd,Y,Gd,Normal,RL,2007
533251130,194000,1432,1360.0,16157,,1978,1978,5,7,2.0,Attchd,1,1,2,1,0.0,Veenker,Gd,Y,Gd,Normal,RL,2007
533252130,218000,1437,1437.0,10768,90.0,1976,2004,5,8,2.0,Attchd,2,0,3,1,0.0,Veenker,Gd,Y,Gd,Normal,RL,2007
533253180,213750,1295,1057.0,3840,40.0,1978,1998,8,6,2.0,Attchd,1,0,1,2,0.0,Greens,Gd,Y,Gd,Normal,RL,2007
533254100,187000,1855,528.0,9600,80.0,1976,1994,6,7,2.0,Attchd,2,1,3,1,360.0,Veenker,TA,Y,TA,Normal,RL,2007
533254130,181500,1262,1262.0,9600,80.0,1976,1976,6,8,2.0,Attchd,2,0,3,1,0.0,Veenker,TA,Y,Gd,Normal,RL,2007
533350020,373000,2497,2461.0,17778,94.0,1981,1981,8,5,2.0,Attchd,2,0,2,2,0.0,Veenker,Gd,Y,Gd,Normal,RL,2007
533352075,190000,2620,1361.0,18890,,1977,1977,5,5,2.0,BuiltIn,2,2,4,1,1.0,Sawyer,TA,Y,Gd,Normal,RL,2007
534104090,226000,1929,1057.0,7050,,2001,2001,7,5,2.0,Attchd,2,1,3,1,0.0,Somerst,Gd,Y,Gd,Normal,FV,2007
534125120,143450,1152,912.0,11700,78.0,1968,1968,6,6,2.0,Attchd,1,1,3,0,41.0,NWAmes,TA,Y,TA,Normal,RL,2007
534127080,240050,2411,1008.0,8000,80.0,1970,1970,6,6,2.0,Attchd,2,1,4,1,525.0,NWAmes,TA,Y,TA,Normal,RL,2007
534127140,162500,1082,973.0,8723,,1969,1969,6,6,2.0,Attchd,1,0,3,0,0.0,NWAmes,TA,Y,Gd,Normal,RL,2007
534127260,164000,1295,1295.0,11700,130.0,1968,1968,6,5,2.0,Attchd,1,1,3,0,196.0,NWAmes,TA,Y,Gd,Normal,RL,2007
534128090,185000,1610,1124.0,11358,108.0,1972,1987,7,7,2.0,Attchd,2,0,3,1,0.0,NWAmes,Gd,Y,TA,Normal,RL,2007
534151090,188500,1594,1594.0,9547,80.0,1993,1993,7,6,2.0,Attchd,2,0,2,1,112.0,NWAmes,Gd,Y,Gd,Normal,RL,2007
534151180,255000,2075,1148.0,10530,78.0,1993,1993,7,6,2.0,Attchd,2,1,3,1,194.0,NWAmes,Gd,Y,Gd,Normal,RL,2007
534175010,136905,1680,1680.0,11500,,1976,1976,5,6,2.0,Detchd,2,0,4,0,164.0,NWAmes,TA,Y,TA,Normal,RL,2007
534176140,158500,1093,1093.0,10738,88.0,1966,1966,6,7,2.0,Attchd,2,0,3,1,0.0,NWAmes,TA,Y,TA,Normal,RL,2007
534177210,175500,1242,1242.0,9600,80.0,1973,1973,7,6,2.0,Attchd,1,1,3,1,320.0,NWAmes,TA,Y,TA,Normal,RL,2007
534178010,127000,1052,1052.0,10800,80.0,1963,1963,6,5,1.0,Attchd,1,0,3,0,203.0,NWAmes,TA,Y,TA,Normal,RL,2007
534201040,127000,1107,949.0,8050,70.0,1967,1993,5,6,1.0,Attchd,1,0,3,0,0.0,NAmes,Gd,Y,TA,Normal,RL,2007
534202030,143000,1214,1214.0,10355,,1967,1967,5,5,1.0,Attchd,2,0,3,1,196.0,NAmes,TA,Y,TA,Normal,RL,2007
534204120,156000,1073,1073.0,10289,79.0,1965,1965,5,7,2.0,Attchd,1,1,3,0,168.0,NAmes,TA,Y,TA,Normal,RL,2007
534252040,144000,1344,1024.0,9503,,1958,1983,5,5,1.0,Detchd,1,0,2,1,0.0,NAmes,TA,Y,TA,Normal,RL,2007
534252060,119000,1728,1728.0,10624,,1964,1964,5,4,1.0,Detchd,2,0,6,0,84.0,NAmes,TA,Y,TA,Normal,RL,2007
534252070,103000,1224,0.0,10899,,1964,1964,4,5,3.0,CarPort,2,0,2,0,0.0,NAmes,TA,N,,Normal,RL,2007
534252110,139900,1422,978.0,12342,,1960,1978,5,5,1.0,Attchd,1,0,3,1,0.0,NAmes,TA,Y,TA,Normal,RL,2007
534275170,151500,958,958.0,12772,,1960,1998,6,8,1.0,Attchd,1,0,2,0,0.0,NAmes,TA,Y,TA,Normal,RL,2007
534275220,126500,1065,1065.0,8892,80.0,1960,1960,5,5,2.0,Detchd,1,1,3,0,66.0,NAmes,TA,Y,TA,Normal,RL,2007
534276070,145000,1138,588.0,10482,65.0,1958,1958,6,8,1.0,Attchd,1,0,3,0,63.0,NAmes,TA,Y,TA,Normal,RL,2007
534276160,120000,912,912.0,7535,70.0,1958,1985,5,7,1.0,Attchd,1,0,2,0,0.0,NAmes,TA,Y,TA,Normal,RL,2007
534276180,124000,1074,894.0,7450,74.0,1956,1956,5,5,2.0,Detchd,1,0,2,1,0.0,NAmes,Gd,Y,TA,Normal,RL,2007
534276290,106500,882,0.0,8339,,1959,1959,5,7,1.0,Attchd,1,0,3,0,0.0,NAmes,TA,Y,,Normal,RL,2007
534278150,140500,1187,864.0,14357,,1961,1961,5,5,2.0,Attchd,1,0,2,1,0.0,NAmes,TA,Y,TA,Normal,RL,2007
534278170,137500,964,964.0,8243,76.0,1961,1961,5,7,2.0,Detchd,1,0,3,1,56.0,NAmes,TA,Y,TA,Normal,RL,2007
534278190,117600,894,894.0,8680,70.0,1960,1960,5,7,1.0,Detchd,1,0,3,0,0.0,NAmes,TA,Y,TA,Normal,RL,2007
534401120,163500,1200,1174.0,8800,80.0,1966,1966,7,6,2.0,Attchd,2,0,3,1,202.0,NAmes,TA,Y,TA,Normal,RL,2007
534401200,161000,1042,1042.0,9200,80.0,1965,1965,6,5,2.0,Attchd,2,0,3,0,98.0,NAmes,TA,Y,TA,Normal,RL,2007
534403040,158000,1302,1302.0,9350,85.0,1964,1991,6,7,1.0,Attchd,2,0,3,0,108.0,NAmes,Gd,Y,Gd,Normal,RL,2007
534403290,224500,2154,845.0,8800,80.0,1964,1997,6,7,2.0,Attchd,2,1,5,1,306.0,NAmes,TA,Y,TA,Normal,RL,2007
534403420,147000,1374,1130.0,11382,,1964,1964,6,5,1.0,Attchd,1,0,3,1,212.0,NAmes,TA,Y,TA,Normal,RL,2007
534425015,200000,1652,1592.0,22002,,1959,1991,6,7,2.0,Attchd,1,1,3,1,136.0,NAmes,Gd,Y,TA,Normal,RL,2007
534425080,181900,1429,1144.0,14585,,1960,1987,6,6,2.0,Attchd,1,0,3,2,85.0,NAmes,Gd,Y,TA,Normal,RL,2007
534427140,150750,1327,1063.0,7388,75.0,1959,2002,5,6,2.0,Detchd,1,0,3,0,0.0,NAmes,Gd,Y,TA,Normal,RL,2007
534429030,101800,1224,0.0,9842,70.0,1962,1962,4,5,2.0,CarPort,2,0,2,0,0.0,NAmes,TA,Y,,Normal,RL,2007
534430090,124000,932,932.0,8280,57.0,1950,1950,6,5,1.0,Attchd,1,0,2,1,0.0,NAmes,Gd,Y,TA,Normal,RL,2007
534431020,138500,908,822.0,12172,85.0,1940,1996,5,7,2.0,Attchd,1,0,2,0,0.0,NAmes,TA,Y,TA,Normal,RL,2007
534450090,39300,334,0.0,5000,50.0,1946,1950,1,3,0.0,,1,0,1,0,0.0,BrkSide,Fa,N,,Normal,RL,2007
534450110,64500,666,666.0,5000,50.0,1946,1950,3,3,0.0,,1,0,2,0,0.0,BrkSide,Gd,N,Fa,Normal,RL,2007
534451020,64000,670,370.0,3500,51.0,1945,1950,3,5,0.0,,1,0,2,0,0.0,BrkSide,Fa,N,TA,Normal,RL,2007
534453080,112000,808,808.0,5175,50.0,1958,2000,5,8,1.0,Detchd,1,0,2,0,0.0,BrkSide,TA,Y,TA,Normal,RL,2007
534475170,165000,1977,816.0,9500,100.0,1964,1978,6,6,2.0,Attchd,1,1,4,1,272.0,NAmes,TA,Y,TA,Normal,RL,2007
534476080,144000,1150,1078.0,9600,80.0,1955,1955,5,6,1.0,Attchd,1,0,2,0,176.0,NAmes,TA,Y,TA,Normal,RL,2007
534478140,137000,1920,928.0,11345,95.0,1948,1950,5,5,2.0,Detchd,2,0,4,0,567.0,NAmes,TA,Y,TA,Normal,RL,2007
534479120,105000,1376,768.0,9492,79.0,1941,1950,5,5,1.0,Attchd,1,0,3,1,0.0,NAmes,TA,Y,TA,Normal,RL,2007
534479140,146500,1644,728.0,9480,79.0,1942,1995,5,7,1.0,Attchd,1,1,3,2,224.0,NAmes,Gd,Y,TA,Normal,RL,2007
535101150,126000,1560,1560.0,8668,63.0,1968,1968,5,5,3.0,Detchd,2,0,4,0,0.0,NAmes,TA,Y,TA,Normal,RL,2007
535102010,175000,1280,793.0,10050,,1966,1966,5,6,2.0,Basment,2,0,3,1,87.0,NAmes,TA,Y,TA,Normal,RL,2007
535105110,158500,1254,1218.0,9600,100.0,1961,1961,6,5,2.0,Attchd,1,0,3,1,291.0,NAmes,TA,Y,TA,Normal,RL,2007
535106140,114500,912,912.0,10150,70.0,1958,1958,5,5,1.0,Attchd,1,0,2,0,1.0,NAmes,TA,Y,TA,Normal,RL,2007
535106180,144000,1524,874.0,11344,78.0,1958,1958,5,5,1.0,Attchd,1,1,3,0,180.0,NAmes,TA,Y,TA,Normal,RL,2007
535126180,129000,2380,1021.0,18450,,1965,1979,6,5,2.0,CarPort,2,1,3,1,113.0,NAmes,TA,Y,Gd,Abnorml,RL,2007
535151020,141000,936,936.0,8760,73.0,1957,1999,6,7,1.0,Attchd,1,0,2,0,0.0,NAmes,Gd,Y,TA,Normal,RL,2007
535151100,131000,1008,1008.0,6860,65.0,1956,1956,5,6,1.0,Detchd,1,0,3,0,54.0,NAmes,Fa,Y,TA,Normal,RL,2007
535151110,142100,1053,1053.0,8250,60.0,1963,1963,5,7,2.0,2Types,1,0,3,0,0.0,NAmes,Gd,Y,TA,Normal,RL,2007
535152060,139000,1056,1056.0,8176,70.0,1958,1992,5,6,1.0,Attchd,1,0,3,0,0.0,NAmes,TA,Y,TA,Normal,RL,2007
535154080,157900,1442,1442.0,9750,75.0,1958,1958,6,6,1.0,Attchd,1,1,4,0,243.0,NAmes,TA,Y,TA,Normal,RL,2007
535155110,139400,1056,1056.0,9250,80.0,1954,2005,5,7,1.0,Attchd,1,0,3,0,0.0,NAmes,TA,Y,TA,Normal,RL,2007
535176070,150000,1244,1244.0,11988,90.0,1957,1957,6,6,1.0,Attchd,1,1,3,2,0.0,NAmes,TA,Y,TA,Normal,RL,2007
535177020,120000,1144,1144.0,9100,70.0,1960,1960,5,5,1.0,Attchd,1,0,3,1,69.0,NAmes,TA,Y,TA,Normal,RL,2007
535177110,174850,1721,1331.0,9736,80.0,1957,1969,6,6,2.0,Attchd,1,0,4,3,289.0,NAmes,TA,Y,TA,Normal,RL,2007
535179120,116000,922,922.0,9770,72.0,1957,1957,5,5,1.0,Attchd,1,0,2,0,0.0,NAmes,TA,Y,TA,Normal,RL,2007
535180030,135000,1048,1048.0,10152,72.0,1956,1956,5,5,1.0,Attchd,1,0,3,0,120.0,NAmes,TA,Y,TA,Normal,RL,2007
535181030,163500,1657,1657.0,12155,,1970,1970,6,3,2.0,Attchd,2,0,3,1,0.0,NAmes,TA,Y,Gd,Normal,RL,2007
535181140,130000,1411,1204.0,12198,70.0,1955,1975,5,6,1.0,Attchd,1,0,3,1,0.0,NAmes,TA,Y,TA,Normal,RL,2007
535300040,129500,1216,1216.0,10050,75.0,1955,1955,5,5,1.0,Attchd,1,0,3,0,0.0,NAmes,TA,Y,TA,Normal,RL,2007
535301060,142000,1154,864.0,11556,60.0,1953,2006,5,9,1.0,Detchd,1,1,3,0,0.0,NAmes,Ex,Y,TA,Normal,RL,2007
535301160,128600,1560,1560.0,8078,70.0,1958,1958,5,5,2.0,Detchd,2,0,4,0,260.0,NAmes,TA,Y,TA,Normal,RL,2007
535302070,125000,948,948.0,10950,60.0,1952,1952,6,6,2.0,Detchd,1,0,2,0,0.0,NAmes,TA,Y,TA,Normal,RL,2007
535304170,136000,1040,1040.0,7942,68.0,1953,1953,6,7,1.0,Attchd,1,0,3,0,0.0,NAmes,TA,Y,TA,Normal,RL,2007
535305180,134500,1008,1008.0,8923,66.0,1953,2006,5,7,1.0,Attchd,1,0,2,0,0.0,NAmes,Gd,Y,TA,Normal,RL,2007
535325090,127000,925,925.0,8540,71.0,1956,2003,5,8,1.0,Detchd,1,0,3,0,0.0,NAmes,Gd,Y,TA,Normal,RL,2007
535325280,130000,1360,384.0,7134,60.0,1955,1955,5,5,2.0,Detchd,1,0,3,1,0.0,NAmes,TA,Y,TA,Normal,RL,2007
535325320,115000,1540,1190.0,7150,55.0,1955,1955,4,4,1.0,Detchd,1,0,4,0,0.0,NAmes,Fa,Y,TA,Normal,RL,2007
535327160,116900,925,923.0,8400,70.0,1955,1955,5,5,1.0,Attchd,1,0,3,2,0.0,NAmes,TA,Y,TA,Normal,RL,2007
535327200,132000,928,928.0,13300,70.0,1956,2000,5,7,1.0,Attchd,1,0,2,0,0.0,NAmes,TA,Y,Gd,Normal,RL,2007
535353050,153000,1647,1105.0,9532,75.0,1953,1953,4,6,1.0,Attchd,1,0,3,1,0.0,NAmes,TA,Y,TA,Normal,RL,2007
535353130,112500,924,924.0,15783,,1952,1952,5,5,1.0,Detchd,1,0,2,0,0.0,OldTown,TA,Y,TA,Normal,RL,2007
535353160,138000,1544,925.0,14190,60.0,1890,2006,4,7,0.0,,2,0,3,0,0.0,OldTown,TA,Y,Fa,Normal,RL,2007
535354050,135000,893,845.0,9600,60.0,1949,2003,5,7,2.0,Detchd,1,0,2,0,0.0,NAmes,Gd,Y,TA,Normal,RL,2007
535354260,156000,1728,1216.0,12099,,1953,2004,5,6,1.0,Attchd,1,0,3,1,0.0,NAmes,TA,Y,TA,Normal,RL,2007
535355020,301600,3086,666.0,21281,113.0,1935,2007,5,4,3.0,BuiltIn,3,1,4,0,0.0,NAmes,Gd,Y,TA,Family,RL,2007
535375130,109000,1034,735.0,10134,60.0,1940,1950,5,6,1.0,Detchd,1,0,2,0,0.0,OldTown,TA,Y,TA,Normal,RL,2007
535376010,103200,882,882.0,5500,55.0,1956,1956,4,6,0.0,,1,0,1,0,0.0,OldTown,TA,Y,TA,Normal,RL,2007
535378080,128500,1281,1151.0,10284,60.0,1925,1993,4,7,2.0,Detchd,2,0,1,0,0.0,OldTown,TA,Y,TA,Abnorml,RL,2007
535379060,64500,968,656.0,10800,60.0,1927,2007,4,6,1.0,Detchd,2,0,4,0,0.0,OldTown,TA,Y,TA,Normal,RL,2007
535379110,148000,1534,736.0,10800,60.0,1895,1999,5,9,0.0,,1,1,3,0,0.0,OldTown,Gd,Y,Gd,Normal,RL,2007
535382150,86000,691,691.0,5400,60.0,1920,1950,5,6,1.0,Detchd,1,0,2,0,0.0,OldTown,Ex,Y,Fa,Abnorml,RL,2007
535402140,172000,1651,725.0,10090,93.0,1963,1999,7,5,1.0,BuiltIn,2,0,4,2,364.0,NAmes,TA,Y,TA,Normal,RL,2007
535402180,120000,888,920.0,8700,75.0,1961,1961,5,7,1.0,Attchd,1,0,3,0,53.0,NAmes,TA,Y,TA,Abnorml,RL,2007
535403030,128500,952,952.0,8300,66.0,1968,1968,6,6,1.0,Attchd,1,0,3,0,86.0,NAmes,TA,Y,TA,Normal,RL,2007
535426130,135000,2080,1040.0,11606,70.0,1969,1969,5,5,2.0,Attchd,1,2,5,2,192.0,NAmes,Fa,Y,Gd,Family,RL,2007
535450190,122900,924,672.0,8064,60.0,1949,2006,5,7,2.0,Detchd,1,0,3,1,0.0,NAmes,TA,Y,TA,Normal,RL,2007
535450220,119200,1082,1082.0,11664,60.0,1948,1950,6,5,1.0,Detchd,1,0,2,1,206.0,NAmes,TA,Y,TA,Normal,RL,2007
535450310,143000,1846,1040.0,10496,78.0,1949,1950,6,6,1.0,Attchd,2,0,3,1,320.0,NAmes,TA,Y,TA,Normal,RL,2007
535451040,119000,988,876.0,7200,60.0,1950,1950,5,7,1.0,Attchd,1,0,3,0,0.0,NAmes,TA,Y,TA,Normal,RL,2007
535451100,102000,1238,864.0,7200,60.0,1950,1950,5,3,1.0,Attchd,1,1,3,1,0.0,NAmes,TA,Y,TA,Normal,RL,2007
535451110,129000,864,864.0,7200,60.0,1950,2002,5,8,2.0,Detchd,1,0,3,0,0.0,NAmes,Gd,Y,TA,Normal,RL,2007
535452060,135000,1134,1010.0,7000,70.0,1960,2002,5,7,1.0,Attchd,1,0,2,0,45.0,NAmes,TA,Y,TA,Family,RL,2007
535453080,152000,1040,1040.0,7500,,1959,2003,5,7,1.0,Attchd,1,0,3,0,0.0,NAmes,Gd,Y,TA,Normal,RL,2007
535453150,140000,1170,1170.0,7315,70.0,1958,1958,5,6,1.0,Attchd,1,0,3,1,0.0,NAmes,TA,Y,TA,Normal,RL,2007
535453180,152000,1242,1242.0,7903,70.0,1960,1960,5,5,1.0,Attchd,1,1,3,0,0.0,NAmes,TA,Y,TA,Family,RL,2007
535457020,156500,1377,1377.0,8000,80.0,1960,1960,5,5,1.0,Attchd,1,0,3,2,0.0,NAmes,TA,Y,TA,Normal,RL,2007
535457040,141000,1800,1800.0,8000,80.0,1961,1961,5,4,0.0,,2,0,6,0,0.0,NAmes,TA,N,TA,Normal,RL,2007
535457050,99000,925,0.0,7000,70.0,1961,1961,5,6,1.0,Attchd,1,0,3,0,0.0,NAmes,TA,Y,,Normal,RL,2007
535476360,187000,1851,822.0,9760,80.0,1964,1993,6,8,2.0,Attchd,2,1,3,1,340.0,NAmes,Gd,Y,TA,Normal,RL,2007
535477130,169500,1812,864.0,7590,69.0,1962,1962,5,5,1.0,Attchd,2,0,4,1,288.0,NAmes,TA,Y,TA,Normal,RL,2007
535477180,125500,864,864.0,6600,60.0,1962,1962,5,5,1.0,Detchd,1,0,2,0,0.0,NAmes,TA,Y,TA,Normal,RL,2007
535478040,130000,936,896.0,6760,66.0,1962,1962,5,5,1.0,Attchd,1,0,3,1,0.0,NAmes,TA,Y,TA,Normal,RL,2007
902100010,103000,960,850.0,6978,60.0,1926,1980,5,7,2.0,Detchd,1,0,2,0,0.0,OldTown,TA,Y,TA,Normal,RM,2007
902105110,132000,1432,264.0,9600,60.0,1910,2002,5,7,2.0,Detchd,2,0,2,0,0.0,OldTown,TA,Y,Fa,Abnorml,RM,2007
902106070,127500,1296,845.0,6000,50.0,1927,1950,6,6,2.0,Detchd,1,0,3,0,0.0,OldTown,TA,Y,TA,Normal,RM,2007
902106120,89500,1022,1022.0,4480,56.0,1922,1950,5,5,1.0,Detchd,1,0,2,1,0.0,OldTown,Fa,N,Fa,Normal,RM,2007
902107050,140000,936,936.0,7200,60.0,1980,1980,5,5,2.0,Detchd,1,0,2,0,180.0,OldTown,TA,Y,Gd,Normal,RM,2007
902110010,99900,967,967.0,3153,56.0,1920,1990,5,6,1.0,Detchd,1,0,2,1,0.0,OldTown,TA,Y,TA,Normal,RM,2007
902125120,100000,1047,641.0,10800,60.0,1885,1995,4,7,1.0,Detchd,1,0,2,0,0.0,OldTown,TA,Y,Fa,Normal,RM,2007
902128160,130000,1072,808.0,7200,60.0,1940,1950,5,8,2.0,Detchd,1,0,2,2,279.0,OldTown,TA,Y,TA,Normal,RM,2007
902201090,135000,1174,680.0,9000,120.0,1900,2006,5,8,2.0,Detchd,1,0,2,1,0.0,OldTown,Gd,Y,TA,Normal,RM,2007
902201130,120000,1183,649.0,6000,50.0,1948,2002,3,7,1.0,Detchd,1,1,2,0,0.0,OldTown,TA,Y,TA,Normal,RM,2007
902202070,89471,1131,907.0,5925,50.0,1937,2000,4,7,2.0,Detchd,1,0,2,0,435.0,OldTown,TA,Y,Fa,Alloca,RM,2007
902205020,85000,1141,570.0,5925,50.0,1900,1950,4,6,1.0,Detchd,1,0,3,0,0.0,OldTown,TA,N,Fa,Normal,RM,2007
902205130,108500,960,960.0,6000,50.0,1920,1950,4,4,1.0,Detchd,1,0,2,0,0.0,OldTown,Fa,Y,TA,Normal,RM,2007
902206270,137000,1798,1075.0,9639,57.0,1900,1950,4,8,2.0,Detchd,2,1,4,0,0.0,OldTown,TA,Y,TA,Normal,RM,2007
902207010,110500,866,686.0,3880,40.0,1945,1997,5,9,0.0,,1,0,2,0,0.0,OldTown,Gd,Y,TA,Normal,RM,2007
902207150,100000,968,968.0,8520,60.0,1923,2006,5,6,2.0,Detchd,1,0,2,0,0.0,OldTown,TA,Y,TA,Normal,RM,2007
902300020,184900,1772,725.0,10337,,1910,1999,8,9,2.0,Detchd,2,1,3,0,0.0,OldTown,Gd,N,TA,Normal,RM,2007
902300040,145000,1642,728.0,9863,53.0,1927,1950,6,6,1.0,Detchd,1,1,4,1,0.0,OldTown,TA,Y,TA,Abnorml,RM,2007
902301030,125000,1472,702.0,9600,60.0,1925,1994,5,8,1.0,Detchd,1,0,3,0,0.0,OldTown,Gd,Y,TA,Normal,RM,2007
902301130,114000,1232,616.0,4571,35.0,1910,1950,5,7,2.0,Detchd,1,0,3,0,0.0,OldTown,TA,Y,TA,Normal,RM,2007
902302150,90000,2337,662.0,13600,85.0,1900,1950,5,5,2.0,Detchd,2,0,5,0,0.0,OldTown,TA,N,TA,Normal,RM,2007
902303100,144100,1650,926.0,8398,56.0,1910,1990,6,8,2.0,Detchd,2,0,3,0,0.0,OldTown,TA,Y,Gd,Normal,RM,2007
902304040,117500,2210,1008.0,9900,90.0,1880,1950,6,4,1.0,Detchd,2,0,5,0,0.0,OldTown,Fa,Y,TA,Normal,RM,2007
902305010,124500,1358,687.0,3600,60.0,1930,2005,5,7,1.0,Detchd,1,1,3,1,0.0,OldTown,Gd,Y,TA,Partial,RM,2007
902330090,185000,2454,819.0,13500,75.0,1879,1987,7,8,2.0,Attchd,2,0,3,1,0.0,OldTown,TA,Y,TA,Normal,RM,2007
902332030,133900,2291,1214.0,7200,60.0,1910,1998,6,6,2.0,Detchd,2,0,4,1,0.0,OldTown,TA,N,TA,Normal,C (all),2007
902401030,152000,1616,1149.0,5400,40.0,1926,2004,6,7,1.0,Detchd,2,0,3,0,0.0,OldTown,Gd,Y,TA,Normal,RM,2007
902404010,153500,1559,1559.0,8100,90.0,1948,1973,5,6,2.0,Detchd,1,0,2,0,0.0,OldTown,TA,Y,TA,Normal,RM,2007
902408080,159500,2554,718.0,10800,60.0,1890,1998,7,8,2.0,Detchd,1,1,3,0,0.0,OldTown,TA,Y,TA,Normal,RM,2007
902427040,87000,1248,912.0,9439,52.0,1930,1950,5,5,1.0,Detchd,1,0,2,0,0.0,OldTown,TA,Y,TA,Normal,RM,2007
902427140,104500,968,0.0,8626,52.0,1956,1956,4,6,1.0,Attchd,1,0,2,0,1.0,OldTown,TA,Y,,Normal,RM,2007
902427180,110000,1382,0.0,11800,76.0,1949,2002,4,7,1.0,Attchd,2,0,1,1,0.0,OldTown,TA,Y,,Normal,RM,2007
903201090,136500,1060,756.0,6854,55.0,1925,1994,5,7,1.0,Detchd,1,0,1,1,0.0,BrkSide,TA,N,TA,Normal,RL,2007
903204030,128250,1435,910.0,8674,55.0,1950,1950,5,6,1.0,Detchd,1,0,3,0,0.0,BrkSide,TA,Y,Fa,Normal,RM,2007
903205085,144000,1167,915.0,8731,98.0,1920,1950,5,5,2.0,Detchd,1,0,3,1,0.0,BrkSide,TA,Y,TA,Normal,RL,2007
903206170,210000,1635,1065.0,8737,70.0,1923,1950,6,7,2.0,Detchd,1,1,3,1,0.0,BrkSide,TA,Y,Gd,Normal,RL,2007
903225040,135000,1274,728.0,6125,50.0,1939,1998,5,7,1.0,Detchd,2,0,3,0,0.0,BrkSide,TA,Y,TA,Normal,RM,2007
903227140,128000,1232,600.0,6000,50.0,1939,1950,6,6,1.0,Attchd,1,1,3,2,0.0,BrkSide,TA,Y,TA,Normal,RM,2007
903228080,131000,1218,735.0,6000,60.0,1941,1950,6,6,2.0,Detchd,1,0,3,1,0.0,BrkSide,TA,Y,TA,Normal,RM,2007
903231050,113000,884,884.0,6120,51.0,1939,1950,5,7,1.0,Detchd,1,0,2,0,0.0,BrkSide,TA,Y,TA,Normal,RM,2007
903231090,126000,1409,861.0,6240,,1938,1950,6,5,2.0,Detchd,1,1,3,1,0.0,BrkSide,TA,Y,TA,Normal,RM,2007
903231180,132000,1322,672.0,6240,52.0,1939,1952,5,8,1.0,Detchd,1,0,4,0,0.0,BrkSide,TA,Y,TA,Normal,RM,2007
903232100,131750,1426,966.0,6240,52.0,1930,1992,5,7,1.0,Detchd,1,0,3,1,0.0,BrkSide,TA,Y,TA,Normal,RM,2007
903233030,132500,1281,756.0,6120,51.0,1926,1950,5,6,2.0,Detchd,1,0,2,0,0.0,BrkSide,Gd,Y,TA,Normal,RM,2007
903233050,137500,1513,939.0,6120,51.0,1920,2004,5,8,1.0,Detchd,1,1,4,0,0.0,BrkSide,TA,Y,TA,Normal,RM,2007
903233140,132000,854,832.0,6120,51.0,1929,2001,7,8,2.0,Detchd,1,0,2,0,0.0,BrkSide,TA,Y,TA,Normal,RM,2007
903233180,127500,1367,884.0,6240,52.0,1931,1950,6,6,1.0,Detchd,1,0,3,1,0.0,BrkSide,TA,Y,TA,Normal,RM,2007
903234160,102000,986,960.0,6180,60.0,1926,1950,6,5,1.0,Detchd,1,0,2,1,0.0,BrkSide,TA,N,TA,Normal,RM,2007
903236130,200000,2264,1100.0,7755,47.0,1918,1995,6,8,1.0,Detchd,2,1,4,0,0.0,OldTown,TA,Y,TA,Normal,RM,2007
903400040,180500,1824,764.0,13515,60.0,1919,1950,6,6,2.0,Detchd,1,0,3,1,0.0,BrkSide,TA,Y,TA,Normal,RL,2007
903401070,165000,1376,768.0,8850,60.0,1920,1950,6,7,2.0,Detchd,1,0,3,0,0.0,BrkSide,Gd,Y,TA,Normal,RL,2007
903425270,90000,1316,750.0,8550,60.0,1926,1950,5,5,2.0,Detchd,1,0,4,0,0.0,BrkSide,TA,Y,Fa,Family,RL,2007
903425280,153575,1396,698.0,8730,60.0,1915,2003,6,7,1.0,Detchd,1,0,3,0,0.0,BrkSide,TA,Y,TA,Normal,RL,2007
903426010,140000,1344,672.0,5700,,1929,1990,7,6,2.0,Attchd,1,1,3,1,0.0,OldTown,Gd,N,TA,Normal,RM,2007
903427040,136000,2526,714.0,8520,60.0,1916,1950,6,7,1.0,Detchd,2,0,5,1,0.0,OldTown,Gd,N,TA,Family,RM,2007
903430040,113000,1173,592.0,5680,40.0,1901,1950,5,4,1.0,Detchd,2,0,3,0,0.0,OldTown,TA,N,TA,AdjLand,RM,2007
903430050,117000,1214,969.0,5680,40.0,1901,1950,5,3,1.0,Detchd,1,0,2,0,0.0,OldTown,TA,N,TA,AdjLand,RM,2007
903450060,169500,1818,1040.0,7758,,1931,1950,7,4,1.0,Detchd,1,1,4,2,600.0,IDOTRR,TA,Y,TA,Normal,RM,2007
903451110,139400,1108,637.0,7449,57.0,1930,1950,7,7,1.0,Attchd,1,0,3,1,0.0,IDOTRR,Gd,Y,TA,Normal,RM,2007
903453080,202500,2294,741.0,13200,120.0,1963,1963,6,6,2.0,Attchd,3,0,5,1,234.0,IDOTRR,TA,Y,TA,Normal,RM,2007
903454010,127000,1355,684.0,6882,60.0,1914,2006,6,7,0.0,,1,1,3,0,0.0,IDOTRR,Gd,Y,TA,Normal,RM,2007
903454090,141000,1375,780.0,9000,50.0,1937,1950,6,6,1.0,Detchd,1,1,3,1,0.0,IDOTRR,Gd,Y,TA,Normal,RM,2007
903456110,212300,1952,976.0,9780,60.0,1950,2005,7,9,1.0,Detchd,1,1,4,2,0.0,IDOTRR,Gd,Y,TA,Normal,RM,2007
903457040,161000,2180,1138.0,10320,60.0,1915,1950,6,5,2.0,Detchd,1,1,3,1,0.0,IDOTRR,TA,Y,TA,Normal,RM,2007
903457130,99500,1315,808.0,4330,52.0,1958,1958,4,6,2.0,Detchd,2,0,3,0,0.0,IDOTRR,TA,Y,Fa,Abnorml,RM,2007
903458020,101000,1111,530.0,7200,60.0,1920,1996,5,7,1.0,Detchd,1,0,3,0,0.0,IDOTRR,Fa,N,TA,Normal,RM,2007
903458060,109900,1196,1196.0,4800,40.0,1916,1990,4,7,2.0,Detchd,1,0,2,0,0.0,IDOTRR,TA,Y,TA,Normal,RM,2007
903475040,128500,1382,720.0,12358,,1941,1950,5,6,2.0,Detchd,1,1,2,0,0.0,OldTown,TA,Y,TA,Normal,RM,2007
903475060,122000,1889,925.0,10120,60.0,1910,1950,7,4,1.0,Detchd,1,1,4,1,0.0,OldTown,TA,N,TA,Normal,RM,2007
903476100,87000,840,672.0,4388,55.0,1930,1950,5,7,0.0,,1,0,3,1,0.0,OldTown,TA,Y,TA,Normal,RM,2007
903484080,50000,1484,771.0,10320,60.0,1910,1950,4,1,1.0,Detchd,2,0,3,0,0.0,IDOTRR,TA,Y,TA,Abnorml,RM,2007
904100100,219000,2267,1005.0,12888,107.0,1937,1980,7,8,2.0,Attchd,1,1,3,2,0.0,Sawyer,TA,Y,TA,Normal,RL,2007
904101070,200500,3086,1598.0,18030,138.0,1946,1994,5,6,0.0,,3,0,3,1,0.0,ClearCr,Ex,Y,TA,Normal,RL,2007
904301110,126000,1134,756.0,8160,60.0,1940,1950,5,6,1.0,Detchd,1,1,3,0,0.0,Edwards,TA,N,TA,AdjLand,RL,2007
904302010,108500,1282,672.0,4484,59.0,1942,1979,5,6,1.0,Detchd,1,0,2,0,0.0,SWISU,TA,N,TA,Normal,RL,2007
905100060,130000,999,925.0,11235,75.0,1963,1963,5,5,1.0,Detchd,1,0,3,0,0.0,Sawyer,TA,Y,Gd,Normal,RL,2007
905100080,158450,1452,1420.0,11235,75.0,1964,1980,5,5,2.0,Detchd,1,0,2,1,30.0,Sawyer,TA,Y,Gd,Normal,RL,2007
905101070,115400,1005,1005.0,14299,62.0,1964,1964,4,3,2.0,Detchd,1,0,3,0,0.0,Sawyer,TA,Y,TA,Normal,RL,2007
905101200,118500,1029,1029.0,7943,61.0,1961,1961,4,5,1.0,Attchd,1,0,3,0,192.0,Sawyer,TA,Y,TA,Normal,RL,2007
905102010,165000,1020,980.0,14149,65.0,1964,2001,5,8,2.0,Detchd,2,0,3,1,50.0,Sawyer,TA,Y,TA,Normal,RL,2007
905103110,123000,1040,1040.0,11677,,1966,1966,5,4,1.0,Attchd,1,0,3,0,442.0,Sawyer,TA,Y,TA,Normal,RL,2007
905104030,129000,913,814.0,8400,70.0,1966,1966,6,5,1.0,Detchd,1,0,3,0,0.0,Sawyer,TA,Y,TA,Normal,RL,2007
905104090,125000,894,894.0,7094,99.0,1966,1966,5,5,1.0,Detchd,1,0,3,0,0.0,Sawyer,TA,Y,TA,Normal,RL,2007
905104170,108000,948,948.0,8978,,1968,1968,5,5,1.0,Attchd,1,0,3,0,0.0,Sawyer,TA,Y,TA,Family,RL,2007
905104240,119900,868,768.0,8425,70.0,1971,1990,5,6,2.0,Detchd,1,0,2,0,0.0,Sawyer,TA,Y,Gd,Normal,RL,2007
905105040,115000,897,876.0,8665,86.0,1968,1968,5,5,1.0,Attchd,1,0,3,0,89.0,Sawyer,TA,Y,TA,Normal,RL,2007
905105170,134500,943,943.0,8398,,1967,1967,5,5,2.0,Detchd,1,0,2,0,323.0,Sawyer,TA,Y,TA,Normal,RL,2007
905105260,127000,955,955.0,7742,66.0,1966,1966,5,7,1.0,Attchd,1,0,3,0,0.0,Sawyer,TA,Y,TA,Normal,RL,2007
905106150,129000,894,894.0,8724,109.0,1968,1968,5,5,2.0,Attchd,1,0,3,1,0.0,Sawyer,TA,Y,Gd,Normal,RL,2007
905107140,143500,1285,660.0,8197,71.0,1977,1977,6,5,2.0,Attchd,1,1,3,1,148.0,Sawyer,TA,Y,TA,Normal,RL,2007
905200010,129000,912,912.0,8169,,1966,1966,5,7,1.0,Detchd,1,0,3,0,0.0,Sawyer,Gd,Y,TA,Normal,RL,2007
905201080,187000,1375,1240.0,14175,81.0,1956,1998,5,5,1.0,Attchd,1,0,3,1,0.0,Sawyer,TA,Y,TA,Normal,RL,2007
905225020,158000,2654,671.0,16779,99.0,1920,1996,5,4,2.0,Attchd,3,0,4,1,356.0,Sawyer,TA,Y,Gd,Normal,RL,2007
905226050,112000,1416,816.0,25339,,1918,2007,5,7,2.0,Attchd,2,0,3,0,0.0,Sawyer,Gd,Y,TA,Normal,RL,2007
905226080,165250,1302,680.0,6960,70.0,1940,1998,7,8,1.0,Attchd,1,1,2,2,0.0,Sawyer,Gd,Y,TA,Normal,RL,2007
905226130,150000,1299,967.0,11375,91.0,1954,1995,6,5,2.0,Attchd,1,0,3,1,0.0,Sawyer,Gd,Y,TA,Normal,RL,2007
905226170,137000,1176,1158.0,13770,85.0,1958,1998,5,6,1.0,Attchd,1,0,3,2,340.0,Sawyer,TA,Y,TA,Normal,RL,2007
905228020,89500,998,0.0,9000,,1945,1950,4,7,2.0,2Types,1,0,3,0,0.0,Sawyer,TA,N,,Normal,RL,2007
905301050,302000,1824,1643.0,115149,,1971,2002,7,5,2.0,Attchd,2,0,2,2,351.0,ClearCr,Gd,Y,Gd,Normal,RL,2007
905352010,182000,1522,1190.0,11075,,1984,1984,6,5,2.0,Attchd,2,0,3,1,136.0,ClearCr,TA,Y,Gd,Normal,RL,2007
905352180,211000,2060,1151.0,10029,97.0,1988,1989,6,5,2.0,Attchd,2,1,4,1,268.0,ClearCr,TA,Y,Gd,Normal,RL,2007
905376090,216000,1325,409.0,17541,,1948,2005,5,7,2.0,Detchd,2,0,3,1,0.0,Edwards,Gd,Y,TA,Normal,RL,2007
905377020,130000,1630,1073.0,22692,,1953,1953,5,5,2.0,Detchd,2,0,3,1,0.0,Edwards,TA,Y,TA,Normal,RL,2007
905377050,109900,1242,484.0,17808,84.0,1946,1950,4,5,1.0,Attchd,1,0,2,0,0.0,Edwards,TA,N,TA,Normal,RL,2007
905401020,255000,2422,1288.0,12671,102.0,1954,1994,6,7,2.0,Attchd,3,0,4,2,300.0,ClearCr,Gd,Y,Gd,Normal,RL,2007
905426010,243000,2158,1202.0,12615,84.0,1950,2001,6,7,2.0,Attchd,2,0,4,1,0.0,Edwards,Gd,Y,TA,Normal,RL,2007
905451390,154000,1626,988.0,10512,70.0,1954,1954,6,6,1.0,Attchd,1,1,3,0,0.0,Edwards,Gd,Y,TA,Normal,RL,2007
905475270,118000,864,864.0,5400,60.0,1958,1958,5,5,1.0,Attchd,1,0,3,0,0.0,SWISU,TA,Y,TA,Normal,RL,2007
905475520,80000,943,0.0,11515,,1958,1994,4,5,1.0,Detchd,1,0,3,0,0.0,Edwards,Gd,N,,Normal,RL,2007
905476160,150000,1440,1440.0,7711,42.0,1977,1977,4,3,0.0,,2,0,4,0,0.0,Edwards,TA,Y,Gd,Abnorml,RL,2007
905476170,86000,605,528.0,9098,58.0,1920,2002,4,7,0.0,,1,0,2,0,0.0,Edwards,TA,Y,TA,Normal,RL,2007
905476225,130000,1038,1038.0,3869,39.0,1984,1984,5,6,1.0,Attchd,2,0,2,0,149.0,Edwards,TA,Y,TA,Normal,RL,2007
905478140,125000,1342,1342.0,9280,58.0,1951,1951,5,6,1.0,Detchd,1,0,4,0,0.0,Edwards,TA,Y,Fa,Normal,RL,2007
905478220,136500,1480,1080.0,11100,60.0,1951,1994,5,6,1.0,Attchd,1,0,4,1,0.0,Edwards,TA,N,TA,Normal,RL,2007
905480090,96000,1362,951.0,7550,50.0,1920,1950,4,5,1.0,Detchd,2,0,4,0,0.0,Edwards,TA,N,TA,Normal,RL,2007
905480180,120000,1340,0.0,9060,60.0,1957,2006,5,6,1.0,Attchd,1,0,3,1,98.0,Edwards,TA,Y,,Normal,RL,2007
906200230,228500,1822,1105.0,23920,104.0,1984,1984,6,5,2.0,Attchd,2,0,4,1,0.0,SawyerW,Gd,Y,TA,Normal,RL,2007
906201022,179900,1442,910.0,10357,114.0,1990,1991,7,5,2.0,Attchd,2,0,3,1,0.0,SawyerW,Gd,Y,Gd,Normal,RL,2007
906201023,225000,2243,700.0,13474,116.0,1990,1991,7,5,3.0,Attchd,2,1,4,1,246.0,SawyerW,Gd,Y,Gd,Normal,RL,2007
906201200,301000,2730,1502.0,10380,86.0,1986,1987,7,5,2.0,Attchd,2,1,4,1,172.0,SawyerW,Gd,Y,TA,Normal,RL,2007
906203140,238000,2127,1104.0,13125,103.0,1991,1991,7,5,3.0,Attchd,2,1,4,1,0.0,SawyerW,Gd,Y,Ex,Normal,RL,2007
906204140,228500,1982,807.0,11287,82.0,1989,1989,7,6,2.0,Attchd,2,1,3,1,340.0,SawyerW,Gd,Y,Gd,Normal,RL,2007
906223040,220000,1958,779.0,9317,75.0,1994,2001,7,5,2.0,Attchd,2,1,3,1,0.0,SawyerW,Gd,Y,Gd,Normal,RL,2007
906340080,383970,2696,1264.0,9965,77.0,2007,2007,7,5,3.0,BuiltIn,2,1,4,1,220.0,CollgCr,Ex,Y,Ex,Partial,RL,2007
906340090,424870,2828,1466.0,9965,77.0,2006,2007,8,5,3.0,BuiltIn,3,0,4,1,340.0,CollgCr,Gd,Y,Ex,Partial,RL,2007
906378120,250000,1651,1643.0,9178,71.0,2007,2007,8,5,3.0,Attchd,2,0,3,1,306.0,CollgCr,Gd,Y,Gd,Partial,RL,2007
906378150,360000,2140,2140.0,10481,93.0,2006,2007,8,5,3.0,Attchd,2,1,3,0,0.0,CollgCr,Gd,Y,Gd,Partial,RL,2007
906378170,279500,1494,1494.0,10652,91.0,2006,2007,7,5,3.0,Attchd,2,0,3,1,306.0,CollgCr,Gd,Y,Gd,Partial,RL,2007
906380010,200141,1316,1316.0,11175,103.0,2007,2007,7,5,2.0,Attchd,2,0,3,1,0.0,CollgCr,Gd,Y,Gd,Partial,RL,2007
906380040,246500,1651,1643.0,10235,66.0,2007,2007,8,5,3.0,Attchd,2,0,3,1,306.0,CollgCr,Gd,Y,Gd,Partial,RL,2007
906380070,276000,2574,1482.0,9588,69.0,2007,2007,8,5,3.0,BuiltIn,2,1,3,1,270.0,CollgCr,Ex,Y,Ex,Partial,RL,2007
906380120,203000,1274,1274.0,8814,68.0,2005,2007,7,5,2.0,Attchd,2,0,3,0,80.0,CollgCr,Gd,Y,Gd,Partial,RL,2007
906380140,155835,1456,728.0,11103,85.0,2006,2006,7,5,2.0,Attchd,2,1,3,1,0.0,CollgCr,Gd,Y,Gd,Partial,RL,2007
906380160,194000,1240,1240.0,8556,74.0,2006,2006,7,5,3.0,Attchd,2,0,2,0,0.0,CollgCr,Gd,Y,Gd,Normal,RL,2007
906380200,195400,1208,1208.0,6762,64.0,2007,2007,7,5,2.0,Attchd,2,0,2,0,108.0,CollgCr,Gd,Y,Gd,Partial,RL,2007
906382020,217000,1546,1546.0,11750,75.0,2005,2006,7,5,3.0,Attchd,2,0,3,0,204.0,CollgCr,Gd,Y,Gd,Normal,RL,2007
906382060,212999,1500,1489.0,8760,73.0,2006,2006,8,5,2.0,Attchd,2,0,3,1,132.0,CollgCr,Gd,Y,Gd,Normal,RL,2007
906392080,175900,1270,1270.0,7242,64.0,2005,2006,7,5,2.0,Attchd,2,0,2,0,0.0,CollgCr,Gd,Y,Gd,Normal,RL,2007
906394020,191000,1795,879.0,9316,78.0,2005,2006,7,5,2.0,Attchd,2,1,3,0,0.0,CollgCr,Gd,Y,Gd,Normal,RL,2007
906394050,176432,1314,1314.0,9317,78.0,2006,2006,6,5,2.0,Attchd,2,0,3,1,0.0,CollgCr,Gd,Y,Gd,Normal,RL,2007
906402070,277000,2062,1157.0,14364,,1988,1989,7,5,2.0,Attchd,2,1,3,1,128.0,SawyerW,TA,Y,Gd,Normal,RL,2007
906403060,207000,1873,929.0,8883,,1988,1988,7,5,2.0,Attchd,2,1,3,1,360.0,SawyerW,Gd,Y,Gd,Normal,RL,2007
906426060,277000,2144,1444.0,159000,,1958,2006,6,7,2.0,Attchd,2,0,4,2,472.0,ClearCr,Gd,Y,Gd,Normal,RL,2007
906426195,240000,1953,1580.0,53107,,1992,1992,6,5,2.0,Attchd,2,1,3,2,0.0,ClearCr,Gd,Y,Gd,Normal,RL,2007
906475110,187500,2087,832.0,12205,,1966,2007,6,8,2.0,Attchd,2,1,5,0,157.0,ClearCr,Gd,Y,TA,Normal,RL,2007
906475170,279000,1743,966.0,20064,155.0,1976,1976,8,6,2.0,Attchd,0,1,0,2,0.0,ClearCr,Gd,Y,Gd,Normal,RL,2007
907125040,139500,1022,1022.0,14217,,1994,1994,5,5,2.0,Detchd,1,0,3,0,0.0,CollgCr,TA,Y,Gd,Normal,RL,2007
907125120,126000,990,990.0,8775,65.0,1994,1994,5,5,1.0,Attchd,1,0,3,0,0.0,CollgCr,TA,Y,Gd,Normal,RL,2007
907130060,177500,1200,1200.0,11249,105.0,1995,1995,6,5,2.0,Attchd,2,0,3,0,0.0,CollgCr,Gd,Y,Gd,Normal,RL,2007
907131060,175000,1308,635.0,10021,57.0,1997,2006,6,6,2.0,Attchd,2,1,3,0,0.0,CollgCr,Gd,Y,Gd,Normal,RL,2007
907131120,211000,1796,794.0,9531,,1998,1998,6,5,2.0,Attchd,2,1,3,0,0.0,CollgCr,TA,Y,Gd,Normal,RL,2007
907135050,146000,990,990.0,8428,60.0,1994,1994,5,7,1.0,Detchd,1,0,3,0,0.0,CollgCr,TA,Y,Gd,Normal,RL,2007
907135080,147900,1097,1097.0,16561,70.0,1996,1996,5,5,1.0,Attchd,1,1,3,0,0.0,CollgCr,TA,Y,Gd,Normal,RL,2007
907135180,123600,990,990.0,8070,60.0,1994,1995,4,5,0.0,,1,0,3,0,0.0,CollgCr,TA,Y,Gd,Normal,RL,2007
907180040,204750,1786,824.0,9337,69.0,1997,1997,6,5,2.0,Attchd,2,1,3,0,0.0,CollgCr,Gd,Y,Gd,Normal,RL,2007
907187040,235500,1873,988.0,10820,47.0,1999,1999,7,5,2.0,Attchd,2,1,3,1,0.0,CollgCr,Gd,Y,Gd,Normal,RL,2007
907187060,217000,1753,853.0,12352,43.0,1998,1999,7,5,2.0,Attchd,2,1,3,1,290.0,CollgCr,TA,Y,Gd,Normal,RL,2007
907192020,190550,1690,845.0,9543,68.0,2001,2001,7,5,2.0,Attchd,2,1,3,0,0.0,CollgCr,Gd,Y,Gd,Normal,RL,2007
907192040,217500,1842,985.0,8826,,2000,2000,7,5,2.0,Attchd,2,1,3,1,144.0,CollgCr,Gd,Y,Gd,Normal,RL,2007
907192120,226000,1479,1453.0,10665,72.0,2003,2003,7,5,2.0,Attchd,2,0,3,0,167.0,CollgCr,Gd,Y,Gd,Normal,RL,2007
907192150,180000,1668,840.0,11317,72.0,2003,2003,7,5,2.0,Attchd,2,1,3,0,101.0,CollgCr,Gd,Y,Gd,Normal,RL,2007
907200130,131000,894,864.0,11800,97.0,1974,1974,5,5,2.0,Attchd,1,0,3,0,0.0,CollgCr,TA,Y,Gd,Family,RL,2007
907200190,153500,1025,1015.0,8660,59.0,1976,1976,5,5,2.0,Detchd,2,0,3,1,113.0,CollgCr,TA,Y,Gd,Normal,RL,2007
907200250,160000,1009,995.0,9720,72.0,1977,1977,5,7,2.0,Detchd,2,0,3,1,51.0,CollgCr,TA,Y,TA,Normal,RL,2007
907200270,134900,1040,1040.0,8982,45.0,1977,1977,5,5,2.0,Detchd,1,1,3,0,0.0,CollgCr,TA,Y,Gd,Normal,RL,2007
907202100,130000,907,876.0,16300,39.0,1977,1977,5,4,1.0,Attchd,1,0,3,0,0.0,CollgCr,TA,Y,Gd,Normal,RL,2007
907202220,120000,879,864.0,9675,75.0,1975,1975,5,6,2.0,Attchd,1,0,3,0,0.0,CollgCr,TA,Y,TA,Normal,RL,2007
907203060,112500,882,882.0,7700,70.0,1972,1972,5,5,2.0,Detchd,1,0,3,0,0.0,CollgCr,TA,Y,TA,Normal,RL,2007
907203110,122000,969,969.0,10356,120.0,1975,1975,5,6,2.0,Attchd,1,1,3,0,0.0,CollgCr,TA,Y,TA,Normal,RL,2007
907227060,127000,864,864.0,7200,60.0,1972,2000,5,5,2.0,Detchd,1,0,3,0,0.0,CollgCr,Ex,Y,TA,Normal,RL,2007
907227100,117000,875,385.0,7200,60.0,1972,2006,4,8,2.0,Detchd,1,0,3,0,0.0,CollgCr,Gd,Y,TA,Normal,RL,2007
907250050,305900,2000,2000.0,10386,80.0,2004,2005,8,5,3.0,Attchd,2,0,3,0,246.0,CollgCr,Gd,Y,Gd,Normal,RL,2007
907252020,228500,2169,1284.0,9375,,2002,2002,8,5,2.0,Attchd,2,1,3,1,149.0,CollgCr,Gd,Y,Gd,Normal,RL,2007
907252190,270000,1673,1673.0,11354,,2000,2000,7,5,2.0,Attchd,2,0,3,1,0.0,CollgCr,Gd,Y,TA,Normal,RL,2007
907260040,192000,1459,1459.0,8749,70.0,2002,2002,7,5,2.0,Attchd,2,0,3,1,100.0,CollgCr,Gd,Y,Gd,Normal,RL,2007
907260050,213000,1932,979.0,8749,70.0,2003,2003,7,5,2.0,Attchd,2,1,3,1,0.0,CollgCr,Gd,Y,Gd,Normal,RL,2007
907262020,200000,1729,860.0,8158,65.0,2002,2002,7,5,2.0,Attchd,2,1,3,0,214.0,CollgCr,Gd,Y,Gd,Normal,RL,2007
907270040,267000,2452,1028.0,16226,66.0,1998,1999,8,5,2.0,BuiltIn,2,1,4,1,0.0,CollgCr,Gd,Y,Gd,Normal,RL,2007
907275080,228000,1592,1556.0,11927,73.0,1994,1995,8,5,2.0,Attchd,2,0,3,1,519.0,CollgCr,Gd,Y,Gd,Normal,RL,2007
907275150,275000,2439,1531.0,12728,,2001,2001,8,5,2.0,Attchd,2,1,4,1,256.0,CollgCr,Gd,Y,Gd,Normal,RL,2007
907280090,211000,1992,860.0,15295,,1996,2002,7,5,2.0,Attchd,2,1,3,2,254.0,CollgCr,Gd,Y,Gd,Normal,RL,2007
907280100,285000,1668,1626.0,11248,90.0,2002,2002,9,5,3.0,Attchd,2,0,3,1,215.0,CollgCr,Gd,Y,Gd,Normal,RL,2007
907285040,240000,2090,1220.0,10000,80.0,1995,1996,8,5,2.0,Attchd,2,1,3,1,438.0,CollgCr,Gd,Y,Gd,Normal,RL,2007
907290140,131500,848,848.0,4435,36.0,2003,2003,6,5,2.0,Attchd,1,0,1,0,170.0,CollgCr,Gd,Y,Gd,Normal,RM,2007
907295040,246900,1341,1341.0,17227,73.0,1999,2000,8,5,2.0,Attchd,1,1,1,1,158.0,CollgCr,Gd,Y,Gd,Normal,RL,2007
907401060,219500,1928,847.0,8200,65.0,2003,2004,7,5,2.0,BuiltIn,2,1,4,1,0.0,CollgCr,Gd,Y,Gd,Normal,RL,2007
907405130,185000,1337,1337.0,8450,65.0,2003,2003,7,5,2.0,Attchd,2,0,3,0,0.0,CollgCr,Gd,Y,Gd,Normal,RL,2007
907410020,179400,1476,738.0,8145,70.0,2007,2007,7,5,2.0,Attchd,2,1,3,0,0.0,CollgCr,Gd,Y,Gd,Partial,RL,2007
907410050,213500,1797,939.0,9245,79.0,2006,2006,7,5,2.0,Attchd,2,1,3,0,0.0,CollgCr,Gd,Y,Gd,Normal,RL,2007
907414060,179600,1422,1422.0,8500,63.0,2004,2004,7,5,2.0,Attchd,2,0,3,0,106.0,CollgCr,Gd,Y,Gd,Normal,RL,2007
907414070,173500,1190,1169.0,8769,65.0,2005,2005,7,5,2.0,Attchd,2,0,2,0,0.0,CollgCr,Gd,Y,Gd,Normal,RL,2007
907420050,167840,1330,1330.0,8334,64.0,2006,2007,6,5,2.0,Attchd,2,0,3,1,0.0,CollgCr,Gd,Y,Gd,Partial,RL,2007
907420060,168675,1491,738.0,8333,64.0,2006,2006,7,5,2.0,Attchd,2,1,3,1,0.0,CollgCr,Gd,Y,Gd,Normal,RL,2007
907420110,167000,1536,768.0,9045,64.0,2005,2005,5,5,2.0,Attchd,2,1,3,0,0.0,CollgCr,Gd,Y,Gd,Normal,RL,2007
908102100,140000,1214,1214.0,9170,70.0,1965,1965,5,7,2.0,Detchd,1,0,2,0,0.0,Edwards,TA,Y,TA,Normal,RL,2007
908102160,118500,936,936.0,9825,75.0,1967,1967,5,5,1.0,Attchd,1,0,2,1,162.0,Edwards,TA,Y,Gd,Abnorml,RL,2007
908103090,110000,1088,1088.0,8308,67.0,1963,1963,4,6,2.0,Detchd,1,0,2,0,20.0,Edwards,TA,Y,TA,Normal,RL,2007
908127040,94750,960,960.0,10921,73.0,1965,1965,4,5,1.0,Attchd,1,0,3,0,48.0,Edwards,TA,Y,TA,Normal,RL,2007
908127060,122000,1351,901.0,16287,74.0,1925,1950,5,6,2.0,Detchd,1,0,3,1,0.0,Edwards,TA,Y,TA,Normal,RL,2007
908127070,110000,1179,1179.0,8240,80.0,1960,1960,6,6,2.0,Attchd,1,0,2,0,198.0,Edwards,TA,Y,TA,Normal,RL,2007
908127100,118500,816,816.0,11841,81.0,1990,1990,6,5,0.0,,1,0,3,0,104.0,Edwards,TA,Y,Gd,Normal,RL,2007
908152060,133500,1044,960.0,6285,65.0,1976,1976,6,6,2.0,Detchd,1,0,3,1,0.0,Edwards,TA,Y,TA,Normal,RL,2007
908152070,148000,1113,1143.0,7917,,1976,1976,6,7,1.0,Attchd,1,1,3,1,174.0,Edwards,TA,Y,TA,Normal,RL,2007
908152180,141000,2233,0.0,9555,,1979,1979,5,6,2.0,Attchd,2,1,5,0,0.0,Edwards,TA,Y,,Normal,RL,2007
908152260,155000,1125,1125.0,8536,74.0,2006,2007,5,5,2.0,Attchd,1,1,2,0,0.0,Edwards,TA,Y,Gd,Partial,RL,2007
908152280,157000,1090,1090.0,7024,60.0,2005,2006,5,5,2.0,Attchd,1,1,2,0,0.0,Edwards,TA,Y,Ex,Normal,RL,2007
908152290,171500,1408,734.0,7023,60.0,2005,2006,5,5,2.0,BuiltIn,2,1,3,0,0.0,Edwards,TA,Y,Gd,Normal,RL,2007
908154195,183850,5095,5095.0,39290,128.0,2008,2009,10,5,3.0,Attchd,2,1,2,2,1224.0,Edwards,Ex,Y,Ex,Partial,RL,2007
908154205,184750,4676,3138.0,40094,130.0,2007,2008,10,5,3.0,BuiltIn,3,1,3,1,762.0,Edwards,Ex,Y,Ex,Partial,RL,2007
908186050,140000,1072,547.0,3675,35.0,2005,2005,6,5,2.0,Basment,1,0,2,0,76.0,Edwards,Gd,Y,Gd,Normal,RM,2007
908204090,131750,960,960.0,6400,64.0,1959,2000,5,7,1.0,Detchd,1,0,2,0,0.0,Edwards,Fa,Y,TA,Normal,RL,2007
908204180,61500,1152,0.0,6882,74.0,1955,1955,4,3,0.0,,2,0,2,0,128.0,Edwards,Fa,N,,Normal,RL,2007
908225240,111000,948,864.0,10215,75.0,1954,1954,4,5,1.0,Attchd,1,0,3,0,132.0,Edwards,TA,Y,TA,Normal,RL,2007
908225310,98500,1195,1195.0,8741,52.0,1946,1950,5,6,0.0,,2,0,4,0,0.0,Edwards,TA,N,TA,Abnorml,RL,2007
908226180,79000,774,544.0,4270,70.0,1931,2006,3,6,0.0,,1,0,3,0,0.0,Edwards,Gd,Y,TA,Normal,RH,2007
908228010,108500,865,660.0,10042,62.0,1920,1995,6,8,1.0,Detchd,1,0,2,1,0.0,Edwards,TA,Y,TA,Normal,RL,2007
908250100,110000,894,894.0,9450,68.0,1954,1954,4,5,2.0,Detchd,1,0,3,0,0.0,Edwards,TA,Y,TA,Abnorml,RL,2007
908275090,112000,1346,560.0,11767,70.0,1910,2000,4,7,1.0,Detchd,1,1,2,0,0.0,Edwards,TA,N,Fa,Normal,RL,2007
908275200,125000,768,768.0,8172,60.0,1955,1955,4,5,1.0,Detchd,1,0,2,1,0.0,Edwards,TA,Y,TA,Normal,RL,2007
908275240,79275,864,864.0,8172,60.0,1955,1955,4,5,2.0,Detchd,1,0,3,0,0.0,Edwards,TA,Y,TA,Family,RL,2007
908276230,119000,948,948.0,8190,60.0,1954,1954,4,6,1.0,Detchd,1,0,3,1,0.0,Edwards,TA,Y,TA,Normal,RL,2007
909176080,200000,3395,1440.0,10896,60.0,1914,1995,6,7,0.0,,2,0,8,0,0.0,SWISU,Fa,Y,TA,Abnorml,RH,2007
909176170,150000,2592,1296.0,10890,60.0,1923,1950,5,6,0.0,,2,0,6,0,0.0,SWISU,TA,N,TA,AdjLand,RL,2007
909250150,165000,1502,602.0,10592,55.0,1923,1996,6,7,1.0,Detchd,1,1,3,2,0.0,Crawfor,Gd,Y,TA,Normal,RL,2007
909250160,96500,789,768.0,10594,55.0,1926,1950,5,5,1.0,Detchd,1,0,2,0,0.0,Crawfor,TA,N,TA,Normal,RL,2007
909251030,136500,1422,1290.0,7223,54.0,1926,1950,5,5,1.0,Detchd,1,0,3,0,0.0,Crawfor,TA,Y,TA,Normal,RL,2007
909251040,146500,1298,651.0,6821,51.0,1921,2005,6,7,1.0,Detchd,2,0,2,1,0.0,Crawfor,TA,Y,TA,Normal,RL,2007
909252010,175000,1768,731.0,7200,60.0,1937,1950,5,7,1.0,Detchd,1,1,3,2,252.0,SWISU,Gd,Y,Gd,Normal,RL,2007
909252150,148500,1098,531.0,4000,63.0,1930,1995,7,8,1.0,Detchd,1,0,2,1,0.0,Crawfor,TA,Y,Gd,Normal,RL,2007
909252170,141500,1436,585.0,6720,53.0,1921,1950,6,7,1.0,Detchd,1,0,3,1,0.0,Crawfor,TA,N,TA,Normal,RL,2007
909254090,189950,1426,912.0,7642,55.0,1918,1998,7,8,1.0,Detchd,1,1,3,1,0.0,Crawfor,Gd,Y,TA,Normal,RL,2007
909254100,135000,1461,686.0,7155,53.0,1926,1991,6,8,1.0,Detchd,1,0,3,1,0.0,Crawfor,TA,Y,TA,Normal,RL,2007
909254130,164000,1646,918.0,7128,53.0,1941,1950,7,5,1.0,Detchd,2,0,4,2,0.0,Crawfor,TA,Y,TA,Normal,RL,2007
909254140,90350,694,440.0,4280,40.0,1913,2002,5,6,1.0,Detchd,1,0,2,1,0.0,Crawfor,Gd,N,TA,Normal,RL,2007
909254150,139000,1250,661.0,5362,53.0,1910,2003,5,6,2.0,Detchd,2,0,3,1,0.0,Crawfor,TA,Y,TA,Normal,RL,2007
909256120,119750,954,920.0,6305,50.0,1938,1950,5,7,1.0,Basment,1,0,2,1,0.0,Crawfor,Fa,Y,Fa,Normal,RL,2007
909275020,145000,1958,979.0,7136,82.0,1946,1950,6,6,2.0,Attchd,2,0,4,0,423.0,Crawfor,TA,N,Gd,Normal,RH,2007
909275030,145000,2002,1001.0,6270,82.0,1949,1950,5,6,3.0,2Types,2,0,4,0,0.0,Crawfor,TA,N,TA,Normal,RH,2007
909275110,238000,1718,851.0,7230,60.0,1927,1992,7,7,2.0,Detchd,2,1,4,1,0.0,Crawfor,Gd,Y,TA,Normal,RL,2007
909275160,153500,1226,0.0,13108,126.0,1951,1951,5,5,2.0,Attchd,1,1,2,1,0.0,Crawfor,TA,Y,,Normal,RL,2007
909275310,239000,2624,1370.0,22420,86.0,1918,1950,6,6,3.0,Detchd,2,1,4,1,0.0,Crawfor,TA,N,Gd,Normal,RL,2007
909276160,359100,3194,965.0,12168,78.0,1934,1998,8,6,2.0,Basment,2,1,4,2,0.0,Crawfor,TA,Y,Gd,Alloca,RL,2007
909276210,188000,1755,930.0,7810,110.0,1930,2003,4,6,1.0,Detchd,2,0,4,1,0.0,Crawfor,Gd,Y,TA,Normal,RL,2007
909279080,220000,1991,854.0,11275,,1932,1950,6,7,2.0,Detchd,1,1,3,1,480.0,Crawfor,TA,Y,TA,Normal,RL,2007
909281020,140000,1355,728.0,6221,79.0,1941,1950,5,5,2.0,Detchd,2,0,3,0,0.0,Crawfor,TA,Y,TA,Normal,RL,2007
909281130,315000,2727,853.0,10570,70.0,1932,1994,8,8,2.0,Detchd,2,1,3,2,0.0,Crawfor,Gd,Y,Gd,Normal,RL,2007
909282020,259500,2320,1028.0,7259,61.0,1945,2002,6,8,1.0,Detchd,2,1,3,1,0.0,Crawfor,Gd,Y,TA,Normal,RL,2007
909425140,257500,1839,1477.0,14442,110.0,1957,2004,6,7,2.0,Attchd,2,0,3,2,106.0,Crawfor,Gd,Y,TA,Normal,RL,2007
909425270,219500,1740,800.0,13125,75.0,1940,1984,7,6,1.0,Attchd,1,1,3,2,0.0,Crawfor,TA,Y,TA,Normal,RL,2007
909428120,217000,2259,1809.0,21000,,1953,1953,6,5,2.0,Basment,2,0,3,2,184.0,Crawfor,Gd,Y,Gd,Abnorml,RL,2007
909428180,201000,1560,1560.0,25485,,1960,1960,6,4,2.0,Attchd,1,1,3,3,423.0,Crawfor,TA,Y,TA,Normal,RL,2007
909428340,215000,1488,1488.0,21579,,1968,1968,6,6,2.0,Attchd,2,0,3,2,0.0,Crawfor,TA,Y,Gd,Normal,RL,2007
909451130,123900,1045,516.0,1782,24.0,1980,1980,6,6,2.0,Detchd,1,0,2,1,0.0,Blueste,TA,Y,Gd,Normal,RM,2007
909452102,170000,1680,1680.0,17871,,1995,1996,4,5,2.0,Attchd,2,0,4,0,0.0,Crawfor,Gd,Y,Gd,Normal,RL,2007
909455060,200000,1020,1004.0,3907,35.0,1988,1988,8,5,2.0,Attchd,1,0,1,0,0.0,Blueste,TA,Y,Gd,Normal,RM,2007
909475050,198000,1696,1696.0,20693,,1971,1971,7,5,2.0,Attchd,2,0,3,2,652.0,Crawfor,TA,Y,Gd,Normal,RL,2007
909475070,200624,2515,2035.0,32668,,1957,1975,6,3,2.0,Attchd,3,0,4,2,,Crawfor,TA,Y,TA,Alloca,RL,2007
909475230,315000,2726,279.0,18044,70.0,1986,1986,8,5,2.0,Attchd,2,1,2,1,0.0,Crawfor,Gd,Y,Gd,Normal,RL,2007
910200040,115000,1517,793.0,8500,85.0,1919,2005,5,7,0.0,,2,0,3,0,0.0,IDOTRR,Fa,N,TA,Normal,RM,2007
910200110,141000,1215,720.0,7000,50.0,1940,1950,6,7,2.0,Detchd,1,0,3,0,0.0,IDOTRR,Gd,Y,TA,Normal,RM,2007
910201020,87000,803,720.0,5000,50.0,1941,1950,5,6,2.0,Detchd,1,0,2,0,0.0,IDOTRR,TA,N,TA,Normal,RM,2007
910201050,129850,1601,936.0,7288,50.0,1925,2003,5,7,0.0,,2,0,3,0,0.0,IDOTRR,TA,Y,TA,Normal,RM,2007
910201110,100000,1123,732.0,6060,50.0,1939,1950,4,5,1.0,Detchd,1,0,3,0,0.0,IDOTRR,TA,Y,TA,Normal,RM,2007
910201180,150909,1828,859.0,9060,50.0,1923,1999,5,6,,Detchd,2,0,3,0,0.0,IDOTRR,Gd,Y,Gd,Alloca,RM,2007
910202030,75200,816,816.0,3672,46.0,1922,1950,5,7,1.0,Detchd,1,0,2,0,0.0,IDOTRR,TA,Y,TA,Normal,RM,2007
910203290,118400,1012,1012.0,8263,59.0,1920,1950,6,5,1.0,Detchd,1,0,2,1,0.0,IDOTRR,TA,Y,TA,Normal,RM,2007
910204090,67000,1077,961.0,8967,60.0,1920,1950,5,2,1.0,Detchd,1,0,2,0,0.0,IDOTRR,TA,Y,Fa,Abnorml,RM,2007
910205130,152000,1558,910.0,13710,75.0,1950,1950,5,5,1.0,Attchd,1,1,4,0,0.0,IDOTRR,TA,Y,TA,Normal,RM,2007
910206010,68104,845,0.0,11067,64.0,1939,1950,2,4,1.0,Detchd,1,0,1,0,0.0,IDOTRR,TA,Y,,Normal,RM,2007
911103060,119600,1991,957.0,8250,75.0,1895,2006,5,6,0.0,,2,0,4,0,0.0,IDOTRR,TA,N,TA,Normal,C (all),2007
911128010,140000,1073,1073.0,6565,65.0,1957,1980,4,6,2.0,Detchd,1,0,3,0,0.0,IDOTRR,TA,Y,TA,Abnorml,C (all),2007
911128020,124900,1001,837.0,6060,60.0,1930,2007,5,9,1.0,Detchd,1,0,2,0,0.0,IDOTRR,Gd,Y,TA,Normal,C (all),2007
911370450,375000,1625,1573.0,5568,59.0,2006,2007,8,5,2.0,Attchd,2,0,2,1,473.0,Crawfor,Gd,Y,Gd,Partial,RM,2007
911370460,235000,1625,1573.0,4750,44.0,2006,2007,8,5,2.0,Attchd,2,0,2,1,481.0,Crawfor,Gd,Y,Gd,Family,RM,2007
914452090,183500,1299,1001.0,12150,,1979,1979,6,6,2.0,BuiltIn,2,0,2,1,0.0,Mitchel,Gd,Y,Gd,Normal,RL,2007
914452120,156000,912,888.0,7540,,1978,1978,6,6,2.0,Attchd,1,0,2,1,0.0,Mitchel,TA,Y,Gd,Normal,RL,2007
914452190,134000,1080,1084.0,9187,71.0,1983,1983,6,5,2.0,Attchd,1,1,3,0,0.0,Mitchel,TA,Y,TA,Normal,RL,2007
914460020,215000,1392,1441.0,10000,80.0,2002,2002,5,5,3.0,Attchd,2,0,3,1,166.0,Mitchel,Gd,Y,Gd,Normal,RL,2007
914460110,245000,1409,1409.0,12864,44.0,2002,2002,7,5,2.0,Attchd,1,1,1,1,0.0,Mitchel,Gd,Y,Gd,Normal,RL,2007
914476330,210000,1478,1454.0,9928,,1991,1992,7,5,2.0,Attchd,2,0,3,1,0.0,Mitchel,TA,Y,Gd,Normal,RL,2007
914478020,148000,918,852.0,8750,,1975,1975,7,6,1.0,Attchd,1,0,3,0,50.0,Mitchel,TA,Y,TA,Normal,RL,2007
914478100,143000,1026,970.0,8410,82.0,1974,1974,6,6,2.0,Attchd,1,0,2,1,0.0,Mitchel,TA,Y,Gd,Normal,RL,2007
916226090,244000,1501,1501.0,4054,46.0,1987,1987,7,6,2.0,Attchd,2,0,2,2,352.0,Timber,Gd,Y,Gd,Normal,RL,2007
916253320,330000,1502,1502.0,9763,,1998,1998,7,5,1.0,Attchd,1,1,1,1,239.0,GrnHill,Gd,Y,Gd,Normal,RM,2007
916326040,170000,1328,1350.0,16905,115.0,1959,1959,5,6,1.0,Attchd,1,1,2,2,0.0,Timber,TA,Y,TA,Normal,RL,2007
916326090,257000,2279,585.0,19958,149.0,1958,1995,6,8,2.0,Attchd,2,1,4,1,1224.0,Timber,Gd,Y,TA,Normal,RL,2007
916384050,231713,1689,1689.0,8368,67.0,2006,2007,7,5,2.0,Attchd,2,0,3,0,0.0,Timber,Gd,Y,Gd,Partial,RL,2007
916384070,267300,1564,1546.0,8298,68.0,2006,2007,8,5,2.0,Attchd,2,0,2,1,,Timber,Ex,Y,Gd,Partial,RL,2007
916384080,265900,1484,1476.0,9037,64.0,2006,2006,8,5,2.0,Attchd,2,0,2,1,32.0,Timber,Ex,Y,Gd,Normal,RL,2007
916384150,239000,1571,1571.0,10991,89.0,2007,2007,8,5,3.0,Attchd,2,0,3,1,80.0,Timber,Gd,Y,Gd,Partial,RL,2007
916386170,248900,1646,1638.0,10656,67.0,2006,2007,8,5,3.0,Attchd,2,0,3,1,274.0,Timber,Gd,Y,Gd,Partial,RL,2007
916403040,174000,1240,1265.0,10331,42.0,1985,1985,7,7,2.0,Attchd,2,0,3,0,0.0,Timber,Gd,Y,Gd,Normal,RL,2007
916403290,187500,1717,1156.0,13758,44.0,1990,1991,7,5,2.0,Attchd,2,1,3,1,117.0,Timber,Gd,Y,Gd,Normal,RL,2007
916455010,204000,1756,872.0,9303,,1996,1997,6,5,2.0,Attchd,2,1,3,0,42.0,Timber,TA,Y,Ex,Normal,RL,2007
916455050,180500,1312,1267.0,6718,,2001,2001,8,5,2.0,Attchd,2,0,2,0,86.0,Timber,Gd,Y,Ex,Normal,RL,2007
916455110,187500,1146,868.0,9590,73.0,2003,2003,7,5,2.0,Attchd,2,0,3,1,442.0,Timber,Gd,Y,Ex,Normal,RL,2007
916455150,282000,1922,1922.0,11305,80.0,2002,2002,8,5,3.0,Attchd,2,0,2,1,886.0,Timber,Gd,Y,Gd,Normal,RL,2007
916460020,178000,1491,1491.0,7777,,1996,1996,6,5,2.0,Attchd,2,0,3,1,203.0,Timber,TA,Y,Ex,Normal,RL,2007
916475020,270000,1629,1616.0,14536,85.0,2002,2003,8,5,3.0,Attchd,2,0,3,1,236.0,Timber,Gd,Y,Gd,Normal,RL,2007
916477060,279900,2486,1122.0,11800,,2003,2004,7,5,2.0,BuiltIn,3,1,5,1,94.0,Timber,Gd,Y,Gd,Normal,RL,2007
917425190,186700,1572,1572.0,35133,50.0,1963,1963,5,4,3.0,2Types,1,1,3,2,226.0,Timber,TA,Y,TA,Normal,RL,2007
921126010,283463,1776,1732.0,15306,93.0,2006,2007,8,5,3.0,Attchd,2,0,3,1,100.0,Timber,Gd,Y,Ex,Partial,RL,2007
921128030,392000,1824,1824.0,12633,85.0,2006,2007,10,5,3.0,Attchd,2,0,3,1,242.0,Timber,Ex,Y,Ex,Partial,RL,2007
921205070,281213,2482,1094.0,12665,88.0,2005,2006,8,5,3.0,BuiltIn,2,1,4,1,245.0,Timber,Gd,Y,Gd,Normal,RL,2007
923202134,147000,1120,1120.0,8402,70.0,2007,2007,5,5,0.0,,1,0,3,0,0.0,Mitchel,TA,Y,Gd,Partial,RL,2007
923202220,130000,2034,0.0,43500,200.0,1953,1953,3,5,4.0,2Types,1,0,2,0,0.0,Mitchel,TA,Y,,Normal,RL,2007
923203010,140000,936,920.0,6710,62.0,1996,1997,6,5,2.0,Attchd,0,1,0,0,134.0,Mitchel,TA,Y,Ex,Normal,RM,2007
923204050,132250,1040,1064.0,25286,94.0,1963,1963,4,5,2.0,Attchd,1,0,3,0,0.0,Mitchel,TA,Y,TA,Normal,RL,2007
923204140,143000,1632,1632.0,25000,100.0,1967,1967,5,4,2.0,Attchd,2,0,4,0,0.0,Mitchel,TA,Y,TA,Normal,RL,2007
923205025,168000,1622,1249.0,32463,,1961,1975,4,4,4.0,2Types,1,0,3,1,149.0,Mitchel,TA,Y,TA,Normal,RL,2007
923225040,129900,1060,1040.0,4224,44.0,1976,1976,5,7,2.0,Attchd,1,0,3,1,0.0,MeadowV,TA,Y,Gd,Normal,RM,2007
923225050,134000,1142,1142.0,4224,44.0,1976,1976,5,5,2.0,Attchd,1,1,3,1,0.0,MeadowV,TA,Y,Gd,Normal,RM,2007
923226300,85500,1092,546.0,1504,21.0,1972,1972,4,4,1.0,Attchd,1,1,3,0,0.0,MeadowV,TA,Y,TA,Normal,RM,2007
923228200,106500,992,530.0,1533,,1970,1970,4,5,1.0,BuiltIn,1,0,2,0,0.0,MeadowV,TA,Y,Gd,Normal,RM,2007
923228220,93900,1092,546.0,1495,21.0,1970,1970,4,6,0.0,,1,1,3,0,189.0,MeadowV,TA,Y,TA,Normal,RM,2007
923228250,75000,1092,546.0,2001,21.0,1970,1970,4,5,1.0,Attchd,1,1,3,0,80.0,MeadowV,TA,Y,TA,Normal,RM,2007
923228290,84500,630,630.0,1936,21.0,1970,1970,4,6,0.0,,1,0,1,0,0.0,MeadowV,TA,Y,Gd,Normal,RM,2007
923228390,75190,1092,546.0,1890,21.0,1976,1976,4,3,1.0,Attchd,1,1,3,0,0.0,MeadowV,TA,Y,TA,Normal,RM,2007
923229010,146800,1062,1029.0,11333,,1976,1976,6,5,2.0,Attchd,1,0,3,2,0.0,Mitchel,TA,Y,Gd,Normal,RL,2007
923229040,153500,1008,923.0,9129,72.0,1977,1977,5,5,2.0,Attchd,1,0,1,1,144.0,Mitchel,Gd,Y,Gd,Normal,RL,2007
923229100,188000,1356,1244.0,15957,,1977,1977,6,6,2.0,Attchd,2,0,3,1,0.0,Mitchel,TA,Y,Gd,Normal,RL,2007
923229140,196000,1676,1160.0,33983,61.0,1977,1994,5,6,2.0,Attchd,1,1,3,2,0.0,Mitchel,Gd,Y,TA,Normal,RL,2007
923230010,157000,1432,716.0,8286,68.0,1977,1977,5,7,2.0,Attchd,1,1,3,1,0.0,Mitchel,TA,Y,Gd,Normal,RL,2007
923230120,138000,796,796.0,6723,50.0,1971,1971,5,7,0.0,,1,0,2,0,0.0,Mitchel,TA,Y,Gd,Normal,RL,2007
923230180,129500,768,768.0,7244,54.0,1970,1970,5,7,2.0,Detchd,1,0,2,0,0.0,Mitchel,TA,Y,Gd,Normal,RL,2007
923251160,80000,1608,1396.0,27697,124.0,1961,1961,4,3,1.0,Attchd,1,0,3,0,198.0,Mitchel,TA,N,TA,Abnorml,RL,2007
923252080,129500,845,845.0,7599,69.0,1982,2006,4,6,2.0,Detchd,1,0,2,0,0.0,Mitchel,TA,Y,TA,Normal,RL,2007
923275010,135000,1178,1090.0,11000,,1976,2003,5,6,2.0,Attchd,1,1,3,0,0.0,Mitchel,TA,Y,Gd,Normal,RL,2007
923275200,124500,816,816.0,8314,76.0,1982,1982,5,7,1.0,Attchd,1,0,2,0,0.0,Mitchel,TA,Y,TA,Normal,RL,2007
923276180,139000,816,816.0,11625,65.0,1983,1983,5,7,1.0,Attchd,1,0,2,0,0.0,Mitchel,TA,Y,Gd,Normal,RL,2007
923400150,93500,974,974.0,10712,63.0,1991,1992,5,5,0.0,,1,0,3,0,0.0,Mitchel,TA,Y,Gd,Abnorml,RL,2007
923425030,124500,887,864.0,10447,62.0,1984,1984,5,6,1.0,Attchd,1,0,3,0,0.0,Mitchel,TA,Y,TA,Normal,RL,2007
526302030,149900,1293,1178.0,11027,,1954,1954,6,5,2.0,Attchd,2,0,2,0,28.0,NAmes,TA,Y,TA,Normal,RL,2006
526302040,157500,1024,1008.0,10533,85.0,1956,1956,6,6,1.0,Attchd,1,0,2,2,244.0,NAmes,Gd,Y,TA,Normal,RL,2006
526302120,169000,1797,1617.0,11765,,1957,1957,5,5,3.0,Attchd,1,1,3,1,302.0,NAmes,TA,Y,TA,Normal,RL,2006
526303060,252000,1390,1705.0,39384,,1957,1957,6,6,2.0,Attchd,1,1,1,2,902.0,NAmes,Ex,Y,Gd,Abnorml,RL,2006
526354020,192100,1851,1851.0,11727,90.0,1969,1969,7,6,2.0,Attchd,2,0,3,1,434.0,NAmes,TA,Y,TA,Normal,RL,2006
527105060,183500,1525,813.0,8238,60.0,1997,1998,6,5,2.0,Attchd,2,1,3,1,0.0,Gilbert,TA,Y,TA,Normal,RL,2006
527106010,222000,2236,964.0,13006,,1997,1997,7,5,2.0,BuiltIn,2,1,4,1,285.0,Gilbert,Gd,Y,Gd,Normal,RL,2006
527107020,170000,1671,781.0,13041,,1995,1995,6,5,2.0,Attchd,2,1,3,1,0.0,Gilbert,TA,Y,Gd,Normal,RL,2006
527107030,187500,1498,691.0,13031,,1995,1996,6,5,2.0,Attchd,2,1,3,1,0.0,Gilbert,TA,Y,Gd,Normal,RL,2006
527107120,202000,1776,821.0,9783,54.0,1996,1996,6,5,2.0,BuiltIn,2,1,3,1,0.0,Gilbert,TA,Y,Gd,Normal,RL,2006
527107240,185000,1511,802.0,11207,70.0,1997,1997,6,5,2.0,Attchd,2,1,3,1,0.0,Gilbert,TA,Y,Gd,Normal,RL,2006
527108010,320000,2462,1392.0,19378,134.0,2005,2006,7,5,2.0,Attchd,2,1,4,1,456.0,Gilbert,Gd,Y,Gd,Partial,RL,2006
527108020,240000,1670,1670.0,14859,50.0,2006,2006,7,5,3.0,Attchd,2,0,3,1,27.0,Gilbert,Gd,Y,Gd,Partial,RL,2006
527108030,250000,2064,1074.0,13128,50.0,2005,2005,8,5,2.0,Attchd,2,1,4,1,216.0,Gilbert,Gd,Y,Gd,Normal,RL,2006
527108040,239900,1801,893.0,10463,72.0,2005,2005,8,5,3.0,Attchd,2,1,3,1,0.0,Gilbert,Gd,Y,Gd,Normal,RL,2006
527108060,309000,2212,1700.0,13751,42.0,2005,2006,7,5,3.0,Attchd,2,1,3,1,248.0,Gilbert,Gd,Y,Gd,Partial,RL,2006
527108090,274725,2021,868.0,23257,168.0,2006,2006,7,5,2.0,BuiltIn,2,1,3,1,0.0,Gilbert,Gd,Y,Ex,Partial,RL,2006
527146135,270000,2687,2062.0,13108,68.0,1994,1994,8,5,2.0,Attchd,2,1,4,0,0.0,StoneBr,Gd,Y,Gd,Normal,RL,2006
527158020,183500,1169,1160.0,8076,,1993,1994,6,6,2.0,Attchd,2,0,3,1,112.0,Gilbert,TA,Y,Gd,Normal,RL,2006
527163020,165600,1501,697.0,7685,,1993,1994,6,5,2.0,Attchd,2,1,3,1,112.0,Gilbert,Gd,Y,Gd,Normal,RL,2006
527166030,176500,1632,935.0,9084,63.0,1998,1998,7,5,2.0,Attchd,2,1,3,1,0.0,Gilbert,TA,Y,Gd,Normal,RL,2006
527182020,130000,1204,1191.0,3701,30.0,1987,1987,8,5,2.0,Attchd,2,0,2,0,0.0,StoneBr,TA,Y,Gd,Normal,RL,2006
527190050,239000,1767,1064.0,5306,44.0,1987,1987,7,7,2.0,Attchd,2,0,2,1,0.0,StoneBr,Gd,Y,Gd,Normal,RL,2006
527190220,275000,1742,1742.0,6563,,1985,1985,8,5,2.0,Attchd,2,0,2,1,0.0,StoneBr,Gd,Y,Gd,Normal,RL,2006
527210030,457347,2798,1398.0,16023,59.0,2005,2006,9,5,3.0,BuiltIn,3,1,3,1,600.0,StoneBr,Ex,Y,Ex,Partial,RL,2006
527210040,545224,3390,1528.0,18062,60.0,2006,2006,10,5,3.0,BuiltIn,3,1,5,1,662.0,StoneBr,Ex,Y,Ex,Partial,RL,2006
527210050,356383,2473,1094.0,12292,63.0,2006,2006,9,5,3.0,BuiltIn,2,1,4,1,184.0,StoneBr,Gd,Y,Ex,Partial,RL,2006
527212030,556581,2868,1992.0,16056,85.0,2005,2006,9,5,3.0,BuiltIn,3,1,4,1,208.0,StoneBr,Ex,Y,Ex,Partial,RL,2006
527212040,361919,2576,1234.0,12438,82.0,2006,2006,8,5,3.0,BuiltIn,2,1,4,1,466.0,StoneBr,Ex,Y,Ex,Partial,RL,2006
527214060,535000,2698,1850.0,16052,82.0,2006,2006,10,5,3.0,Attchd,2,1,4,1,734.0,StoneBr,Ex,Y,Ex,Partial,RL,2006
527216010,401179,2795,1390.0,15922,92.0,2005,2006,9,5,3.0,BuiltIn,3,1,4,1,550.0,StoneBr,Ex,Y,Ex,Partial,RL,2006
527216050,438780,2945,1410.0,13682,66.0,2006,2006,10,5,3.0,BuiltIn,3,1,3,1,1031.0,StoneBr,Gd,Y,Ex,Partial,RL,2006
527226010,169000,2320,0.0,14762,,1948,1950,5,6,2.0,Attchd,2,0,2,1,0.0,Gilbert,TA,Y,,Normal,RL,2006
527250040,145000,1056,1056.0,34650,100.0,1955,1955,5,5,2.0,Attchd,1,0,3,0,0.0,Gilbert,TA,N,TA,Normal,RL,2006
527252090,318000,1714,1714.0,8147,60.0,2005,2005,9,5,2.0,Attchd,2,0,2,1,230.0,StoneBr,Gd,Y,Ex,Normal,RL,2006
527254070,319000,1826,1814.0,11302,69.0,2005,2006,8,5,3.0,Attchd,2,0,3,1,238.0,StoneBr,Gd,Y,Gd,Partial,RL,2006
527256120,470000,2000,1910.0,18261,90.0,2005,2005,9,5,3.0,Attchd,2,1,3,2,420.0,StoneBr,Ex,Y,Ex,Normal,RL,2006
527301010,202500,1621,1208.0,14145,91.0,1984,1998,7,7,2.0,Attchd,2,0,3,0,0.0,NWAmes,Gd,Y,Gd,Normal,RL,2006
527302080,229000,2183,1204.0,13837,,1988,1988,7,5,3.0,Attchd,2,1,4,0,178.0,NWAmes,Gd,Y,Gd,Normal,RL,2006
527325160,235000,2263,795.0,16659,,1977,1994,7,7,2.0,Attchd,2,1,3,1,34.0,NWAmes,Gd,Y,TA,Normal,RL,2006
527327080,190000,1574,796.0,18800,,1976,1976,6,5,2.0,Attchd,2,1,3,1,120.0,NWAmes,TA,Y,Gd,Normal,RL,2006
527328010,169000,1102,988.0,10464,,1980,1980,6,6,2.0,Attchd,1,0,2,1,130.0,NWAmes,TA,Y,Gd,Normal,RL,2006
527354040,241500,1872,1845.0,10400,80.0,1988,1988,7,5,2.0,Attchd,2,0,3,1,102.0,NWAmes,TA,Y,Gd,Normal,RL,2006
527355060,188900,1857,945.0,10530,81.0,1978,1978,7,5,2.0,Attchd,2,1,4,1,68.0,NWAmes,TA,Y,TA,Normal,RL,2006
527355280,207500,1686,1686.0,10240,79.0,1980,1980,6,6,2.0,Attchd,2,0,3,1,157.0,NWAmes,TA,Y,Gd,Normal,RL,2006
527356020,250000,2784,1392.0,16692,80.0,1978,1978,7,5,2.0,Attchd,3,1,5,2,184.0,NWAmes,Gd,Y,Gd,Normal,RL,2006
527356060,179900,1552,713.0,11475,85.0,1975,1975,6,6,2.0,Attchd,2,1,3,1,0.0,NWAmes,TA,Y,Gd,Normal,RL,2006
527358090,172000,1083,1047.0,9927,,1976,1976,7,5,2.0,Attchd,1,0,2,1,252.0,NWAmes,TA,Y,Ex,Normal,RL,2006
527365010,294323,2318,960.0,9512,75.0,2005,2006,7,5,2.0,BuiltIn,2,1,3,1,0.0,Somerst,Gd,Y,Gd,Partial,FV,2006
527375160,184500,1875,675.0,10530,81.0,1975,2000,6,6,2.0,Attchd,3,0,3,1,248.0,NWAmes,Gd,Y,TA,Normal,RL,2006
527376090,153500,1074,1056.0,10140,78.0,1975,1975,5,6,2.0,Attchd,1,1,3,0,0.0,NWAmes,TA,Y,Gd,Normal,RL,2006
527376110,162900,1664,832.0,10140,78.0,1976,1976,7,5,2.0,Attchd,2,1,4,1,0.0,NWAmes,TA,Y,Gd,Normal,RL,2006
527377030,181000,1309,1040.0,10140,78.0,1974,1999,6,6,2.0,Attchd,1,1,3,1,99.0,NWAmes,Gd,Y,TA,Normal,RL,2006
527378010,155000,1103,1103.0,10000,80.0,1974,1974,6,6,2.0,Attchd,2,0,3,0,176.0,NWAmes,TA,Y,TA,Normal,RL,2006
527402210,138800,1096,1096.0,15870,,1969,1969,5,5,1.0,Attchd,1,0,3,0,0.0,NAmes,TA,Y,TA,Abnorml,RL,2006
527402380,116050,864,864.0,9353,71.0,1970,1970,4,5,1.0,Attchd,1,0,3,0,0.0,NAmes,TA,Y,TA,Abnorml,RL,2006
527403120,88000,858,858.0,8125,,1971,1971,4,4,0.0,,1,0,3,0,0.0,NAmes,TA,Y,TA,Normal,RL,2006
527404180,97500,874,864.0,7200,60.0,1971,1971,4,4,2.0,Detchd,1,0,3,0,0.0,NAmes,TA,Y,TA,Normal,RL,2006
527427210,190000,1419,1487.0,8773,26.0,2002,2002,6,5,2.0,Attchd,2,0,2,0,0.0,NAmes,Gd,Y,Gd,Normal,RH,2006
527450010,105500,1092,525.0,2760,24.0,1973,1973,6,5,2.0,Detchd,1,1,3,0,514.0,BrDale,TA,Y,TA,Normal,RM,2006
527450080,125500,1365,765.0,2160,24.0,1973,1973,5,6,2.0,Attchd,1,1,3,1,200.0,BrDale,Gd,Y,TA,Normal,RM,2006
527450210,83000,987,483.0,1953,21.0,1973,1973,6,5,1.0,Detchd,1,1,2,0,408.0,BrDale,TA,Y,TA,Normal,RM,2006
527450460,116000,1030,494.0,1890,21.0,1972,1972,6,7,1.0,Detchd,1,1,3,0,380.0,BrDale,TA,Y,TA,Normal,RM,2006
527451200,91500,1218,672.0,1680,21.0,1971,1971,6,5,0.0,,1,1,3,0,236.0,BrDale,TA,Y,TA,Abnorml,RM,2006
527451380,118000,1218,672.0,1680,21.0,1972,1972,6,7,1.0,Detchd,1,1,3,0,281.0,BrDale,TA,Y,TA,Normal,RM,2006
527451450,89000,948,483.0,1680,21.0,1972,1972,6,5,1.0,Detchd,1,1,2,0,504.0,BrDale,TA,Y,TA,Normal,RM,2006
527451460,108000,1092,525.0,1680,21.0,1972,1972,6,5,1.0,Detchd,1,1,3,0,504.0,BrDale,TA,Y,TA,Normal,RM,2006
527451520,94500,987,483.0,1680,21.0,1972,1972,6,5,1.0,Attchd,1,1,2,1,297.0,BrDale,TA,Y,TA,Normal,RM,2006
527452070,146300,1069,1069.0,4043,53.0,1975,1975,6,5,2.0,Attchd,2,0,2,1,0.0,NPkVill,TA,Y,Gd,Normal,RL,2006
527452290,145000,1387,943.0,7514,65.0,1967,1975,5,7,1.0,Attchd,1,0,3,1,0.0,NAmes,TA,Y,TA,Normal,RL,2006
527452310,123000,900,864.0,7838,68.0,1967,1967,5,5,1.0,Attchd,1,0,3,1,0.0,NAmes,TA,Y,TA,Normal,RL,2006
527453070,137500,1055,1055.0,2280,24.0,1976,1976,7,7,1.0,Attchd,2,0,2,0,0.0,NPkVill,TA,Y,TA,Normal,RL,2006
527455100,144000,1456,855.0,2179,24.0,1976,1976,6,5,2.0,Attchd,2,1,3,1,0.0,NPkVill,TA,Y,Gd,Normal,RL,2006
528102010,315000,1980,1980.0,16737,129.0,2004,2005,9,5,3.0,Attchd,2,0,3,1,66.0,NridgHt,Ex,Y,Ex,Normal,RL,2006
528102080,412083,2589,1738.0,16387,72.0,2006,2006,9,5,3.0,Attchd,2,1,4,1,215.0,NridgHt,Ex,Y,Ex,Partial,RL,2006
528106010,342643,2596,1249.0,16259,111.0,2006,2006,9,5,3.0,Attchd,3,1,4,0,370.0,NridgHt,Gd,Y,Ex,Partial,RL,2006
528106120,252000,1618,1618.0,16163,110.0,2004,2004,8,5,3.0,Attchd,2,0,2,1,232.0,NridgHt,Gd,Y,Gd,Normal,RL,2006
528110050,465000,2076,2076.0,13891,107.0,2006,2006,10,5,3.0,Attchd,2,1,2,1,,NridgHt,Ex,Y,Ex,Partial,RL,2006
528112010,293000,1740,1721.0,12228,108.0,2006,2006,7,5,3.0,Attchd,2,0,4,0,206.0,NridgHt,Gd,Y,Ex,Partial,RL,2006
528114010,415000,1868,1868.0,14780,120.0,2005,2005,9,5,3.0,Attchd,2,0,2,1,568.0,NridgHt,Ex,Y,Ex,Normal,RL,2006
528116030,326000,1850,1833.0,16033,98.0,2004,2005,9,5,3.0,Attchd,2,0,3,1,378.0,NridgHt,Gd,Y,Ex,Normal,RL,2006
528118010,325300,2376,1158.0,14215,101.0,2005,2006,8,5,3.0,BuiltIn,3,1,4,1,380.0,NridgHt,Gd,Y,Ex,Partial,RL,2006
528118020,309000,2452,1117.0,13418,108.0,2004,2005,8,5,3.0,BuiltIn,3,1,4,1,132.0,NridgHt,Gd,Y,Ex,Normal,RL,2006
528118110,300000,2206,1090.0,13975,120.0,2005,2006,9,5,3.0,BuiltIn,2,1,4,1,525.0,NridgHt,Ex,Y,Gd,Partial,RL,2006
528120110,275500,2098,1030.0,10240,80.0,2005,2005,8,5,3.0,Attchd,2,1,3,1,178.0,NridgHt,Ex,Y,Gd,Normal,RL,2006
528120140,338500,2091,1606.0,9942,82.0,2005,2006,9,5,2.0,Attchd,2,1,3,1,385.0,NridgHt,Ex,Y,Ex,Partial,RL,2006
528138030,345000,2324,1175.0,11924,85.0,2005,2006,9,5,3.0,BuiltIn,3,0,4,2,286.0,NridgHt,Ex,Y,Ex,Partial,RL,2006
528142010,344133,2253,1209.0,12867,103.0,2005,2006,8,5,2.0,Attchd,2,1,3,1,,NridgHt,Ex,Y,Ex,Partial,RL,2006
528142060,298236,2389,1054.0,10672,82.0,2006,2006,8,5,3.0,BuiltIn,2,1,4,1,0.0,NridgHt,Gd,Y,Ex,Partial,RL,2006
528142070,329900,2358,1524.0,11643,82.0,2005,2006,8,5,3.0,BuiltIn,2,1,4,1,142.0,NridgHt,Ex,Y,Ex,Partial,RL,2006
528142110,360000,1944,1896.0,12378,90.0,2003,2004,9,5,3.0,Attchd,2,0,3,3,0.0,NridgHt,Ex,Y,Ex,Normal,RL,2006
528144030,281000,1970,1085.0,11065,86.0,2006,2006,8,5,3.0,BuiltIn,2,1,3,1,788.0,NridgHt,Ex,Y,Gd,Partial,RL,2006
528150080,372397,1792,1792.0,13758,121.0,2005,2006,9,5,3.0,Attchd,2,0,2,1,430.0,NridgHt,Gd,Y,Ex,Partial,RL,2006
528150090,378000,1780,1780.0,14828,131.0,2004,2005,9,5,3.0,Attchd,2,0,2,1,674.0,NridgHt,Ex,Y,Ex,Normal,RL,2006
528164040,374000,1792,1792.0,11846,72.0,2003,2004,9,5,3.0,Attchd,2,0,2,1,562.0,NridgHt,Ex,Y,Ex,Normal,RL,2006
528170040,437154,2728,1848.0,20431,56.0,2005,2006,9,5,3.0,Attchd,2,1,4,2,870.0,NridgHt,Ex,Y,Ex,Partial,RL,2006
528172020,275000,1904,1058.0,10927,74.0,2005,2005,8,5,2.0,BuiltIn,2,1,3,1,280.0,NridgHt,Ex,Y,Gd,Normal,RL,2006
528172150,279000,1914,1420.0,13215,,2004,2004,8,5,3.0,BuiltIn,2,1,3,1,112.0,NridgHt,Gd,Y,Gd,Normal,RL,2006
528174080,185850,1364,1364.0,7052,43.0,2005,2005,7,5,2.0,Attchd,2,0,2,1,240.0,NridgHt,Gd,Y,Gd,Normal,RL,2006
528180080,282500,1565,1560.0,5911,48.0,2005,2005,9,5,2.0,Attchd,2,0,2,1,278.0,NridgHt,Ex,Y,Ex,Normal,RL,2006
528181030,202500,1368,1368.0,6955,48.0,2005,2006,7,5,2.0,Attchd,2,0,2,1,94.0,NridgHt,Gd,Y,Gd,Partial,RL,2006
528181040,202665,1368,1368.0,6792,40.0,2005,2006,7,5,2.0,Attchd,2,0,2,1,94.0,NridgHt,Gd,Y,Gd,Partial,RL,2006
528186100,332200,1686,1686.0,7740,61.0,2006,2006,9,5,3.0,Attchd,2,0,1,1,518.0,NridgHt,Ex,Y,Ex,Partial,RL,2006
528186110,310090,1666,1666.0,6373,48.0,2006,2006,9,5,2.0,Attchd,2,0,2,1,572.0,NridgHt,Gd,Y,Ex,Partial,RL,2006
528188040,171750,1405,1405.0,3136,,2003,2003,7,5,2.0,Attchd,2,0,2,1,163.0,NridgHt,Gd,Y,Gd,Normal,RL,2006
528218030,169990,1316,1316.0,10237,65.0,2005,2006,6,5,2.0,Attchd,2,0,3,1,0.0,Gilbert,Gd,Y,Gd,Partial,RL,2006
528218060,170440,1456,728.0,10237,65.0,2005,2006,6,5,2.0,Attchd,2,1,3,1,0.0,Gilbert,Gd,Y,Gd,Partial,RL,2006
528218080,169985,1492,738.0,10237,65.0,2006,2006,7,5,2.0,Attchd,2,1,3,0,0.0,Gilbert,Gd,Y,Gd,Partial,RL,2006
528218130,179665,1496,654.0,17104,58.0,2006,2006,7,5,2.0,Attchd,2,1,3,1,0.0,Gilbert,Gd,Y,Gd,Partial,RL,2006
528218140,219210,1863,879.0,14054,58.0,2006,2006,7,5,3.0,BuiltIn,2,1,4,1,0.0,Gilbert,Gd,Y,Gd,Partial,RL,2006
528221010,174190,1326,1326.0,11660,102.0,2006,2006,6,5,2.0,Attchd,2,0,3,0,0.0,Gilbert,Gd,Y,Gd,Partial,RL,2006
528221100,172785,1456,728.0,15578,105.0,2006,2006,6,5,2.0,Attchd,2,1,3,0,0.0,Gilbert,TA,Y,Gd,Partial,RL,2006
528222010,258000,2373,1052.0,11631,96.0,2004,2005,8,5,3.0,BuiltIn,2,1,4,1,236.0,Gilbert,Gd,Y,Gd,Partial,RL,2006
528222020,185101,1492,738.0,9073,75.0,2006,2006,7,5,2.0,Attchd,2,1,3,0,0.0,Gilbert,Gd,Y,Gd,Partial,RL,2006
528228280,210250,1364,1220.0,3087,43.0,2006,2006,7,5,2.0,Attchd,2,0,2,1,14.0,Blmngtn,Gd,Y,Gd,Partial,RL,2006
528228325,234000,1557,1374.0,3196,,2003,2004,7,5,2.0,Attchd,2,0,2,1,18.0,Blmngtn,Gd,Y,Gd,Normal,RL,2006
528228340,215000,1456,1273.0,3196,,2003,2003,8,5,2.0,Attchd,2,0,2,1,40.0,Blmngtn,Gd,Y,Gd,Normal,RL,2006
528228360,246990,1511,1368.0,2938,,2002,2002,7,5,2.0,Attchd,2,0,2,1,40.0,Blmngtn,Gd,Y,Gd,Normal,RL,2006
528228415,178740,1414,1375.0,3072,,2004,2004,7,5,2.0,Attchd,2,0,2,1,18.0,Blmngtn,Gd,Y,Gd,Normal,RM,2006
528228430,225000,1548,1365.0,3072,,2004,2004,7,5,2.0,Attchd,2,0,2,1,18.0,Blmngtn,Gd,Y,Gd,Normal,RM,2006
528228545,167240,1248,1248.0,3010,43.0,2005,2006,7,5,2.0,Attchd,2,0,2,0,16.0,Blmngtn,Gd,Y,Gd,Partial,RL,2006
528228550,156820,1142,1142.0,3010,43.0,2005,2006,7,5,2.0,Attchd,2,0,2,0,14.0,Blmngtn,Gd,Y,Gd,Partial,RL,2006
528228565,213490,1506,1362.0,3013,43.0,2005,2005,7,5,2.0,Attchd,2,0,2,1,145.0,Blmngtn,Gd,Y,Gd,Normal,RL,2006
528228575,264561,1567,1520.0,3982,53.0,2006,2006,8,5,3.0,Attchd,2,0,1,1,0.0,Blmngtn,Ex,Y,Gd,Partial,RL,2006
528228580,246578,1500,1356.0,4045,53.0,2006,2006,7,5,3.0,Attchd,2,0,2,1,45.0,Blmngtn,Gd,Y,Gd,Partial,RL,2006
528231050,192140,1838,732.0,21930,60.0,2005,2005,5,5,2.0,BuiltIn,2,1,4,1,0.0,Gilbert,TA,Y,Gd,Normal,RL,2006
528235050,183200,1509,783.0,7861,,2002,2003,6,5,2.0,Attchd,2,1,3,1,0.0,Gilbert,Gd,Y,Gd,Normal,RL,2006
528235130,178000,1414,707.0,9056,74.0,2004,2004,8,5,2.0,Attchd,2,1,3,1,0.0,Gilbert,Gd,Y,Ex,Normal,RL,2006
528235190,201490,1598,848.0,9171,59.0,2004,2005,7,5,2.0,Attchd,2,1,3,1,0.0,Gilbert,Gd,Y,Gd,Normal,RL,2006
528240080,230500,1936,1406.0,11194,106.0,2000,2000,8,5,2.0,Attchd,2,1,3,1,40.0,Gilbert,Gd,Y,Gd,Normal,RL,2006
528250060,180000,1509,783.0,7875,63.0,2003,2003,7,5,2.0,Attchd,2,1,3,1,0.0,Gilbert,Gd,Y,Gd,Normal,RL,2006
528275060,172400,1664,953.0,8121,,2000,2000,6,5,2.0,Attchd,2,1,3,1,0.0,Gilbert,TA,Y,Gd,Normal,RL,2006
528275080,215000,1889,982.0,8658,,2000,2000,6,5,2.0,Attchd,2,1,3,1,0.0,Gilbert,TA,Y,Gd,Normal,RL,2006
528280100,199900,1886,930.0,11214,,1998,1999,7,5,2.0,Attchd,2,1,4,1,0.0,Gilbert,Gd,Y,Gd,Normal,RL,2006
528290140,173000,1671,959.0,10852,58.0,2000,2000,6,5,2.0,Attchd,2,1,3,1,0.0,Gilbert,TA,Y,Gd,Normal,RL,2006
528292080,287602,2322,1035.0,12104,,2006,2006,7,5,3.0,Attchd,3,1,4,0,0.0,Gilbert,Gd,Y,Gd,Partial,RL,2006
528294070,230000,2291,975.0,8738,66.0,1999,1999,7,5,2.0,BuiltIn,2,1,4,1,302.0,Gilbert,Gd,Y,Gd,Normal,RL,2006
528315030,348000,2392,1396.0,9452,82.0,1997,1998,8,5,3.0,Attchd,2,1,3,1,423.0,NoRidge,Gd,Y,Gd,Normal,RL,2006
528315070,286000,1976,1044.0,9660,84.0,1998,1998,8,5,3.0,Attchd,2,1,3,1,242.0,NoRidge,Gd,Y,Gd,Normal,RL,2006
528315080,300000,2234,1160.0,9545,83.0,2000,2000,8,5,3.0,BuiltIn,2,1,3,1,322.0,NoRidge,Gd,Y,Gd,Normal,RL,2006
528320060,625000,3627,1930.0,35760,118.0,1995,1996,10,5,3.0,Attchd,3,1,4,1,1378.0,NoRidge,Gd,Y,Ex,Normal,RL,2006
528327010,405000,2855,1540.0,9233,,2000,2000,9,5,3.0,Attchd,2,1,4,1,877.0,NoRidge,Ex,Y,Ex,Normal,RL,2006
528344060,280000,1924,1086.0,12011,78.0,1998,1998,8,5,2.0,Attchd,2,1,3,1,530.0,NoRidge,Gd,Y,Gd,Normal,RL,2006
528348010,258000,2263,1141.0,12090,93.0,1998,1998,8,5,2.0,BuiltIn,2,1,4,1,650.0,NoRidge,Gd,Y,Gd,Abnorml,RL,2006
528358030,350000,2726,1342.0,10019,83.0,1995,1995,8,5,3.0,Attchd,2,1,4,1,397.0,NoRidge,Gd,Y,Gd,Normal,RL,2006
528360050,584500,3500,1733.0,17242,114.0,1993,1994,9,5,3.0,Attchd,3,1,4,1,738.0,NoRidge,Ex,Y,Ex,Normal,RL,2006
528363070,321000,2494,1290.0,10236,,1994,1995,8,5,3.0,Attchd,2,1,4,1,501.0,NoRidge,Gd,Y,Gd,Normal,RL,2006
528365090,290000,2526,1165.0,10120,92.0,1994,1994,8,5,3.0,Attchd,2,1,4,1,391.0,NoRidge,Gd,Y,Gd,Normal,RL,2006
528366040,315000,2799,1286.0,12585,,1993,1993,8,5,3.0,Attchd,2,1,3,1,420.0,NoRidge,Gd,Y,Gd,Normal,RL,2006
528429060,252000,1964,1100.0,12447,75.0,2005,2006,8,5,2.0,BuiltIn,2,1,3,1,192.0,Somerst,Gd,Y,Gd,Partial,RL,2006
528429100,336820,1670,1670.0,15218,49.0,2006,2006,8,5,3.0,Attchd,2,1,2,1,,Somerst,Gd,Y,Ex,Partial,RL,2006
528429120,423000,2097,2077.0,20896,49.0,2005,2006,8,5,3.0,Attchd,1,1,1,1,0.0,Somerst,Ex,Y,Ex,Partial,RL,2006
528429130,290000,1660,1660.0,10182,85.0,2006,2006,8,5,2.0,Attchd,2,0,3,1,420.0,Somerst,Gd,Y,Ex,Partial,RL,2006
528439030,232000,1616,1616.0,8688,73.0,2005,2005,7,5,3.0,Attchd,2,0,3,0,228.0,Somerst,Gd,Y,Gd,Normal,RL,2006
528445010,199000,1504,1504.0,10936,85.0,2006,2006,8,5,2.0,Attchd,2,0,3,0,60.0,Somerst,Gd,Y,Gd,Partial,RL,2006
528456200,198600,1278,1278.0,8640,72.0,2006,2006,8,5,2.0,Attchd,2,0,2,0,0.0,Somerst,Gd,Y,Gd,Partial,FV,2006
528477010,405749,2640,2036.0,13162,100.0,2006,2006,9,5,3.0,Attchd,3,1,3,1,0.0,Somerst,Ex,Y,Ex,Partial,FV,2006
528477030,232600,1489,1489.0,11216,81.0,2006,2006,8,5,2.0,Attchd,2,0,3,1,0.0,Somerst,Gd,Y,Gd,Partial,FV,2006
528480070,266000,1939,1095.0,10728,84.0,2006,2006,8,5,3.0,Attchd,2,1,3,1,0.0,Somerst,Gd,Y,Gd,Partial,FV,2006
528480100,186500,1553,756.0,8125,65.0,2005,2006,7,5,2.0,Attchd,2,1,3,0,0.0,Somerst,Gd,Y,Gd,Partial,FV,2006
528480110,200825,1716,858.0,8125,65.0,2005,2005,6,5,2.0,Attchd,2,1,3,0,0.0,Somerst,Gd,Y,Gd,Normal,FV,2006
528480150,197000,1576,770.0,8125,65.0,2006,2006,7,5,2.0,Attchd,2,1,3,0,0.0,Somerst,Gd,Y,Gd,Partial,FV,2006
528488110,185000,1262,1262.0,7200,60.0,2006,2006,6,5,2.0,Attchd,2,0,2,0,68.0,Somerst,Gd,Y,Gd,Partial,FV,2006
528488120,176000,1266,1257.0,7500,62.0,2005,2005,7,5,2.0,Attchd,2,0,3,1,0.0,Somerst,Gd,Y,Gd,Normal,FV,2006
528488130,187750,1301,1293.0,7200,60.0,2006,2006,7,5,2.0,Attchd,2,0,2,1,0.0,Somerst,Gd,Y,Gd,Partial,FV,2006
531363080,139500,1142,1142.0,7733,74.0,2005,2005,6,5,0.0,,1,1,3,0,0.0,SawyerW,Gd,Y,TA,Normal,RL,2006
531367010,186800,1400,1400.0,11024,91.0,2005,2006,7,5,2.0,Attchd,2,0,3,0,118.0,SawyerW,Gd,Y,Gd,Partial,RL,2006
531375060,132000,1131,1131.0,13072,63.0,2005,2006,6,5,0.0,,1,1,3,0,0.0,SawyerW,Gd,Y,Gd,Partial,RL,2006
531375070,142500,1141,1141.0,13072,63.0,2005,2005,6,5,2.0,Detchd,1,1,3,0,0.0,SawyerW,TA,Y,Gd,Abnorml,RL,2006
531375100,158000,1158,1158.0,13072,63.0,2004,2004,6,5,2.0,Detchd,1,1,3,0,0.0,SawyerW,Gd,Y,Gd,Partial,RL,2006
531376030,184000,1686,891.0,7800,65.0,2005,2005,7,5,2.0,Attchd,2,1,3,0,172.0,SawyerW,Gd,Y,Gd,Normal,RL,2006
531376050,184900,1585,784.0,7632,74.0,2005,2005,7,5,2.0,Attchd,2,1,3,0,96.0,SawyerW,Gd,Y,Gd,Normal,RL,2006
531379030,187000,1837,941.0,8304,70.0,1997,1998,6,5,2.0,Attchd,2,1,3,0,0.0,SawyerW,TA,Y,Gd,Normal,RL,2006
531450040,175900,1603,761.0,7153,65.0,1992,1992,6,5,2.0,Attchd,2,1,3,0,0.0,SawyerW,Gd,Y,Gd,Normal,RL,2006
531451290,248500,1731,836.0,9370,70.0,1992,1993,6,5,2.0,Attchd,2,1,3,0,0.0,SawyerW,Gd,Y,Gd,Family,RL,2006
531452080,172000,1398,1398.0,7175,50.0,1990,1991,6,5,2.0,Attchd,2,0,2,0,0.0,SawyerW,Gd,Y,Gd,Normal,RL,2006
531452100,151000,1217,1217.0,7175,50.0,1991,1991,6,5,2.0,Attchd,2,0,2,0,0.0,SawyerW,Gd,Y,Gd,Normal,RL,2006
531452210,150000,1320,636.0,9019,,1994,1994,6,5,2.0,Attchd,2,1,3,0,0.0,SawyerW,Gd,Y,Gd,Normal,RL,2006
531478010,107000,1056,1056.0,8900,,1966,1966,4,4,1.0,Detchd,1,0,2,0,0.0,SawyerW,TA,Y,TA,Normal,RH,2006
531479030,119900,965,828.0,7800,60.0,1965,1965,5,5,1.0,Detchd,1,0,3,0,0.0,SawyerW,TA,Y,TA,Abnorml,RH,2006
532351060,129500,988,988.0,9100,70.0,1962,1962,5,4,2.0,Detchd,1,0,3,0,51.0,Sawyer,TA,Y,TA,Normal,RL,2006
532351090,125000,1728,1728.0,9100,70.0,1963,1963,5,5,2.0,Detchd,2,0,6,0,336.0,Sawyer,TA,Y,TA,Abnorml,RM,2006
532351150,119500,1654,0.0,8927,68.0,1977,1977,6,6,2.0,Attchd,2,0,4,0,0.0,Sawyer,TA,Y,,Normal,RM,2006
532353030,144000,1211,864.0,9240,,1962,2002,5,6,2.0,Detchd,1,0,2,1,0.0,Sawyer,TA,Y,TA,Normal,RL,2006
532353180,151000,1212,506.0,8471,88.0,1977,1995,6,7,2.0,Attchd,1,0,3,1,46.0,Sawyer,TA,Y,Gd,Normal,RL,2006
532376080,126000,984,984.0,9308,,1965,1965,5,5,1.0,Attchd,1,0,3,0,0.0,Sawyer,TA,Y,TA,Normal,RL,2006
532376180,116000,909,882.0,8450,65.0,1968,1968,5,6,1.0,Attchd,1,0,3,0,90.0,Sawyer,TA,Y,TA,Normal,RL,2006
532376250,133500,925,925.0,8638,,1963,1963,5,6,2.0,Detchd,1,0,2,0,0.0,Sawyer,TA,Y,TA,Normal,RL,2006
532378050,120875,1024,1024.0,13052,,1965,1965,5,6,1.0,Attchd,1,1,3,0,0.0,Sawyer,TA,Y,TA,Normal,RL,2006
532378070,137000,935,935.0,13526,,1965,1965,5,6,1.0,Attchd,1,0,3,0,114.0,Sawyer,TA,Y,TA,Normal,RL,2006
532378130,124000,912,912.0,8020,,1964,1964,5,6,0.0,,1,0,3,0,0.0,Sawyer,TA,N,TA,Normal,RL,2006
532378160,135000,1236,912.0,6993,65.0,1961,1994,5,7,1.0,Attchd,1,0,3,1,0.0,Sawyer,TA,Y,TA,Normal,RL,2006
532378220,129200,941,912.0,8789,,1967,1967,5,6,1.0,Attchd,1,0,3,1,0.0,Sawyer,TA,Y,TA,Normal,RL,2006
532476050,260000,2646,1748.0,14330,100.0,1974,1974,7,4,2.0,Attchd,2,0,3,4,145.0,Veenker,Gd,Y,Gd,Normal,RL,2006
533110130,260000,2417,1288.0,16059,121.0,1991,1992,8,5,2.0,Attchd,2,1,4,1,284.0,NoRidge,Gd,Y,Gd,Normal,RL,2006
533125120,334000,2826,1334.0,11025,105.0,1992,1993,8,5,3.0,Attchd,2,1,3,3,692.0,NoRidge,Gd,Y,Ex,Normal,RL,2006
533127080,310000,2520,1338.0,14541,,1993,1993,8,7,3.0,Attchd,2,1,5,1,0.0,NoRidge,Gd,Y,Gd,Abnorml,RL,2006
533128030,268000,2295,1095.0,13346,,1992,2000,7,5,2.0,Attchd,2,1,4,1,0.0,NoRidge,Gd,Y,Gd,Normal,RL,2006
533128090,262000,1624,1624.0,12461,89.0,1994,1995,8,5,3.0,Attchd,2,0,2,1,0.0,NoRidge,Gd,Y,Gd,Normal,RL,2006
533206040,176400,1143,1143.0,3628,34.0,2004,2004,7,5,2.0,Attchd,1,1,1,1,0.0,Somerst,Gd,Y,Gd,Normal,FV,2006
533208050,197000,1247,1247.0,3316,37.0,2005,2005,8,5,2.0,Attchd,1,1,1,1,0.0,Somerst,Gd,Y,Gd,Normal,FV,2006
533212100,151000,1200,600.0,3180,30.0,2005,2005,7,5,2.0,Detchd,2,1,2,0,0.0,Somerst,Gd,Y,Gd,Normal,FV,2006
533212110,147400,1223,600.0,2544,24.0,2005,2005,7,5,2.0,Detchd,2,1,2,0,0.0,Somerst,Gd,Y,Gd,Normal,FV,2006
533212120,149900,1223,600.0,2544,24.0,2005,2005,7,5,2.0,Detchd,2,1,2,0,0.0,Somerst,Gd,Y,Gd,Normal,FV,2006
533212130,144152,1200,600.0,3180,30.0,2005,2005,7,5,2.0,Detchd,2,1,2,0,0.0,Somerst,Gd,Y,Gd,Abnorml,FV,2006
533221080,166000,1524,756.0,2998,,2000,2000,6,5,2.0,Detchd,2,1,2,0,513.0,Somerst,Gd,Y,Gd,Normal,FV,2006
533223010,183900,1452,691.0,3735,35.0,1999,1999,7,5,2.0,Detchd,2,1,3,0,218.0,Somerst,Gd,Y,Gd,Normal,FV,2006
533223080,165000,1382,673.0,2651,,2000,2000,7,5,2.0,Detchd,2,1,3,0,0.0,Somerst,Gd,Y,Gd,Normal,FV,2006
533223110,139000,1080,530.0,4447,,2003,2003,7,5,2.0,Attchd,2,1,2,0,0.0,Somerst,Gd,Y,Gd,Normal,FV,2006
533241010,200000,1694,569.0,8314,114.0,1997,1998,7,5,1.0,BuiltIn,2,1,3,1,0.0,Somerst,Gd,Y,Gd,Normal,FV,2006
533242030,221000,1568,1568.0,7180,60.0,2001,2002,8,5,2.0,Attchd,2,0,3,1,0.0,Somerst,Gd,Y,Gd,Normal,FV,2006
533250130,270000,1494,1494.0,9549,30.0,1995,1996,8,5,2.0,Attchd,1,1,2,1,0.0,Veenker,Ex,Y,Gd,Normal,RL,2006
533252020,165000,1208,1208.0,11250,,1977,1977,6,6,2.0,Attchd,1,1,3,1,0.0,Veenker,TA,Y,Gd,Normal,RL,2006
533253030,214000,1235,1235.0,3760,,1980,1980,8,5,2.0,Attchd,1,0,1,3,0.0,Greens,TA,Y,Gd,Normal,RL,2006
533253050,188000,1036,1036.0,3640,36.0,1980,1980,8,5,2.0,Detchd,1,0,1,1,0.0,Greens,Gd,Y,Gd,Normal,RL,2006
533253090,190000,1226,1226.0,3874,40.0,1980,1980,8,5,2.0,Attchd,1,0,1,1,0.0,Greens,Gd,Y,Gd,Normal,RL,2006
533253160,170000,1226,1226.0,3876,40.0,1978,1978,8,5,2.0,Attchd,1,0,1,1,0.0,Greens,Gd,Y,Gd,Normal,RL,2006
533350050,385000,1842,1842.0,50271,68.0,1981,1987,9,5,3.0,Attchd,0,1,0,1,0.0,Veenker,Gd,Y,Ex,Normal,RL,2006
534125210,146500,1193,1153.0,13110,79.0,1972,1972,5,6,2.0,Attchd,2,0,2,0,144.0,NWAmes,TA,Y,Gd,Normal,RL,2006
534126060,170000,1920,570.0,10192,102.0,1968,1992,7,6,2.0,Attchd,3,0,4,1,143.0,NWAmes,Gd,Y,TA,Normal,RL,2006
534127190,262500,2156,1568.0,20781,,1968,2003,7,7,2.0,Attchd,2,0,3,1,0.0,NWAmes,TA,Y,TA,Normal,RL,2006
534127270,179900,1416,708.0,11700,90.0,1968,1968,6,6,2.0,Attchd,2,1,3,1,420.0,NWAmes,TA,Y,TA,Normal,RL,2006
534128210,250000,2654,1054.0,11029,,1968,1984,6,7,2.0,Attchd,2,1,4,1,220.0,NWAmes,Gd,Y,TA,Normal,RL,2006
534129230,165150,1790,732.0,10400,80.0,1972,1972,6,5,2.0,Attchd,1,2,4,1,288.0,NWAmes,TA,Y,TA,Normal,RL,2006
534175100,164500,1334,1334.0,10140,78.0,1967,1967,7,6,2.0,Attchd,2,0,3,0,264.0,NWAmes,TA,Y,TA,Normal,RL,2006
534176250,140000,1164,1164.0,9600,80.0,1969,1969,7,5,2.0,Attchd,1,1,3,0,168.0,NWAmes,TA,Y,TA,Normal,RL,2006
534201130,135500,980,980.0,9750,75.0,1967,1967,5,5,1.0,Attchd,2,0,3,0,0.0,NAmes,TA,Y,TA,Normal,RL,2006
534201230,142000,1051,1051.0,9600,80.0,1968,1968,5,5,2.0,Attchd,1,0,3,0,0.0,NAmes,TA,Y,TA,Normal,RL,2006
534201250,155000,1770,900.0,8640,72.0,1968,1968,5,5,2.0,Attchd,1,1,4,0,300.0,NAmes,TA,Y,Gd,Normal,RL,2006
534201260,157500,976,976.0,9360,78.0,1968,2004,6,7,2.0,Attchd,1,0,2,1,203.0,NAmes,Gd,Y,TA,Abnorml,RL,2006
534201280,138500,1052,1052.0,8400,70.0,1968,1968,5,5,1.0,Attchd,1,1,3,0,168.0,NAmes,TA,Y,TA,Normal,RL,2006
534201300,140000,898,833.0,8400,70.0,1968,1968,5,6,1.0,Attchd,1,0,3,0,0.0,NAmes,TA,Y,Gd,Normal,RL,2006
534202020,124400,1051,1051.0,9759,,1966,1966,5,5,1.0,Attchd,1,0,3,0,0.0,NAmes,TA,Y,TA,Normal,RL,2006
534202180,158000,1141,1141.0,9600,80.0,1967,1967,5,7,1.0,Attchd,1,0,3,0,140.0,NAmes,TA,Y,TA,Normal,RL,2006
534226060,146000,1200,864.0,9230,71.0,1965,1998,5,8,2.0,Detchd,1,1,1,0,166.0,NAmes,Gd,Y,TA,Normal,RL,2006
534250300,190000,1993,825.0,14803,,1971,1971,6,5,2.0,Attchd,2,1,4,1,252.0,NWAmes,TA,Y,TA,Normal,RL,2006
534275010,136500,1050,1050.0,10659,,1961,1961,5,6,1.0,Attchd,1,0,3,0,0.0,NAmes,TA,Y,TA,Normal,RL,2006
534276010,129900,864,864.0,9100,70.0,1958,1958,5,5,2.0,Detchd,1,0,3,0,0.0,NAmes,TA,Y,TA,Normal,RL,2006
534276230,145000,1712,1626.0,8393,70.0,1959,2005,5,5,2.0,Attchd,2,0,4,0,122.0,NAmes,TA,Y,TA,Family,RL,2006
534400120,185900,1565,1187.0,8800,80.0,1965,2000,6,7,1.0,Attchd,2,0,3,2,0.0,NAmes,Gd,Y,TA,Abnorml,RL,2006
534403280,160000,1251,1251.0,8800,80.0,1964,1964,6,6,1.0,Attchd,1,0,3,2,425.0,NAmes,TA,Y,TA,Normal,RL,2006
534403400,167000,1488,1008.0,10368,,1964,1964,6,6,2.0,Attchd,1,1,3,1,112.0,NAmes,TA,Y,TA,Normal,RL,2006
534403440,157500,1440,720.0,9350,85.0,1964,1964,5,6,2.0,Attchd,1,1,4,1,0.0,NAmes,TA,Y,TA,Normal,RL,2006
534427090,140000,1095,588.0,10382,75.0,1958,1958,6,5,1.0,Attchd,1,0,2,0,105.0,NAmes,TA,Y,TA,Normal,RL,2006
534428060,150000,1053,1008.0,8973,69.0,1958,1991,5,7,2.0,2Types,1,1,3,0,85.0,NAmes,Ex,Y,TA,Abnorml,RL,2006
534429130,151500,1248,1248.0,10800,80.0,1960,1960,5,7,1.0,Attchd,1,0,3,0,88.0,NAmes,TA,Y,TA,Normal,RL,2006
534430050,129800,816,816.0,8550,60.0,1934,1950,6,8,1.0,Attchd,1,0,2,1,0.0,NAmes,TA,Y,TA,Normal,RL,2006
534430110,137000,1008,1008.0,11425,,1954,1954,5,6,1.0,Attchd,1,0,2,1,0.0,NAmes,TA,Y,TA,Normal,RL,2006
534431030,137000,1043,938.0,9724,68.0,1947,1950,5,7,1.0,Detchd,1,0,2,1,0.0,NAmes,TA,Y,TA,Normal,RL,2006
534451050,121600,1230,747.0,4712,51.0,1946,1950,4,7,1.0,Detchd,1,1,3,0,0.0,BrkSide,TA,Y,TA,Abnorml,RL,2006
534451120,85500,869,440.0,5900,51.0,1923,1958,4,7,0.0,,1,0,2,0,0.0,BrkSide,Fa,Y,Gd,Normal,RL,2006
534451130,79900,747,600.0,5825,52.0,1926,1953,4,5,2.0,Detchd,1,0,1,0,108.0,BrkSide,TA,Y,Fa,Normal,RL,2006
534453150,127000,1252,504.0,7438,92.0,1908,1991,5,8,2.0,Attchd,1,0,3,0,0.0,BrkSide,TA,Y,Fa,Normal,RL,2006
534455080,161000,1433,1251.0,9600,80.0,1961,1990,5,6,2.0,Attchd,1,0,3,1,0.0,NAmes,TA,Y,TA,Normal,RL,2006
534475160,146500,1624,1444.0,10858,89.0,1952,1952,5,6,1.0,Attchd,1,0,2,1,150.0,NAmes,TA,Y,TA,Partial,RL,2006
534476100,135000,1216,1056.0,9600,80.0,1951,1951,5,5,1.0,Attchd,1,0,3,0,144.0,NAmes,TA,Y,TA,Normal,RL,2006
534477030,137900,2136,2136.0,10680,89.0,1951,1951,5,3,2.0,Detchd,2,0,4,0,44.0,NAmes,TA,N,TA,Normal,RL,2006
534479130,133000,1578,806.0,9490,79.0,1941,1950,6,7,1.0,Attchd,1,0,3,2,0.0,NAmes,Fa,Y,TA,Normal,RL,2006
534479240,137000,1728,704.0,9462,79.0,1949,1973,5,6,1.0,Attchd,1,1,3,1,0.0,NAmes,TA,Y,TA,Normal,RL,2006
534479300,121000,936,936.0,9888,82.0,1954,1975,5,6,1.0,Attchd,1,0,2,0,0.0,NAmes,TA,Y,TA,Normal,RL,2006
535101110,119000,1584,1584.0,8917,,1967,1967,5,5,2.0,Detchd,2,0,4,0,0.0,NAmes,TA,Y,TA,Normal,RL,2006
535103070,172000,1246,1246.0,12700,,1964,1964,6,5,2.0,Attchd,1,0,3,2,0.0,NAmes,TA,Y,TA,Normal,RL,2006
535105160,98600,1235,1235.0,8500,85.0,1961,1961,5,3,2.0,Attchd,1,0,2,0,203.0,NAmes,TA,Y,TA,Abnorml,RL,2006
535125060,226000,2157,924.0,14200,88.0,1966,1966,7,6,2.0,Attchd,2,1,4,2,309.0,NAmes,Gd,Y,TA,Normal,RL,2006
535150240,118000,1128,936.0,9000,75.0,1954,1954,5,5,1.0,Attchd,1,0,2,0,0.0,NAmes,TA,Y,TA,Family,RL,2006
535150300,235000,3112,1360.0,25419,174.0,1918,1990,8,4,2.0,Detchd,2,0,4,1,0.0,NAmes,Gd,Y,TA,Abnorml,RL,2006
535151080,135000,1008,1008.0,9723,109.0,1963,1963,6,7,2.0,Attchd,1,0,2,0,332.0,NAmes,TA,Y,TA,Normal,RL,2006
535151130,132500,1190,1106.0,7728,70.0,1962,1962,5,6,2.0,Attchd,1,0,3,0,120.0,NAmes,TA,Y,TA,Normal,RL,2006
535152070,143000,1144,1144.0,8163,70.0,1959,1959,5,6,1.0,Attchd,1,0,3,1,128.0,NAmes,TA,Y,TA,Normal,RL,2006
535152280,132000,1364,1179.0,8400,70.0,1957,1957,5,5,1.0,Attchd,1,1,3,1,0.0,NAmes,TA,Y,Fa,Normal,RL,2006
535176050,145250,1383,1383.0,11600,80.0,1960,1960,6,5,1.0,Attchd,1,1,3,0,175.0,NAmes,TA,Y,TA,Normal,RL,2006
535177100,162000,1336,1121.0,9610,,1958,1958,6,6,2.0,Attchd,1,1,3,1,632.0,NAmes,TA,Y,TA,Normal,RL,2006
535178100,148000,1370,1058.0,10000,125.0,1956,1956,5,6,1.0,Basment,1,0,3,1,272.0,NAmes,TA,Y,TA,Normal,RL,2006
535179050,141000,1092,1092.0,14850,69.0,1957,1957,5,5,1.0,Attchd,1,0,2,1,0.0,NAmes,TA,Y,TA,Normal,RL,2006
535180020,153000,1124,1124.0,10152,72.0,1956,1994,6,6,1.0,Attchd,1,0,3,1,0.0,NAmes,TA,Y,TA,Normal,RL,2006
535180070,134450,1236,1070.0,10011,72.0,1957,1996,5,6,1.0,Attchd,1,0,2,1,64.0,NAmes,Gd,Y,TA,Normal,RL,2006
535301010,135960,943,943.0,7032,,1979,1979,5,5,2.0,Detchd,1,0,2,2,0.0,NAmes,TA,Y,Gd,Normal,RL,2006
535301150,156000,1050,1050.0,8092,70.0,1954,2000,6,8,1.0,Attchd,1,0,3,0,176.0,NAmes,Gd,Y,TA,Abnorml,RL,2006
535303050,140000,1375,1367.0,11310,75.0,1954,1954,6,5,2.0,Attchd,1,0,2,1,0.0,NAmes,TA,Y,TA,Normal,RL,2006
535304020,139500,1008,1008.0,12778,66.0,1952,2003,5,6,1.0,Attchd,1,0,2,0,0.0,NAmes,TA,Y,TA,Normal,RL,2006
535305120,155000,1575,216.0,10170,75.0,1951,1951,6,6,2.0,Attchd,1,1,2,1,522.0,NAmes,Gd,Y,TA,Normal,RL,2006
535325130,127000,1145,301.0,7700,55.0,1956,1956,5,7,2.0,Detchd,1,0,3,0,0.0,NAmes,TA,Y,Gd,Normal,RL,2006
535325340,133500,1005,1005.0,11050,65.0,1956,1956,5,5,1.0,Attchd,1,0,2,1,0.0,NAmes,TA,Y,TA,Normal,RL,2006
535325350,125000,1056,1056.0,13600,80.0,1955,1955,5,6,1.0,Attchd,1,1,3,0,0.0,NAmes,TA,Y,TA,Normal,RL,2006
535325450,142000,884,884.0,15428,85.0,1951,1991,5,6,1.0,Attchd,1,0,2,0,0.0,NAmes,TA,Y,TA,Normal,RL,2006
535325460,167000,2039,929.0,21299,118.0,1941,1963,7,5,3.0,2Types,1,1,3,3,0.0,NAmes,TA,Y,TA,Abnorml,RL,2006
535327210,159000,1384,1015.0,13300,70.0,1956,2001,5,5,2.0,Attchd,1,0,2,0,0.0,NAmes,TA,Y,TA,Normal,RL,2006
535353180,180000,2640,2171.0,22136,94.0,1925,1975,5,5,3.0,Attchd,2,1,5,1,0.0,OldTown,TA,Y,TA,Normal,RL,2006
535354130,127000,1312,784.0,7500,50.0,1947,1950,6,6,2.0,Detchd,1,1,3,0,0.0,NAmes,TA,Y,TA,Normal,RL,2006
535355100,112000,1310,617.0,7000,50.0,1924,1950,6,6,1.0,Attchd,2,0,2,0,0.0,OldTown,TA,Y,Fa,Normal,RL,2006
535375040,99800,713,713.0,10410,60.0,1930,2001,3,8,1.0,Detchd,1,0,2,0,0.0,OldTown,Gd,Y,TA,Normal,RL,2006
535376090,117000,833,833.0,5400,90.0,1954,2000,5,7,1.0,Detchd,1,0,2,0,0.0,OldTown,Gd,Y,TA,Normal,RL,2006
535376100,108480,1073,1073.0,5400,60.0,1921,1968,5,6,1.0,Detchd,1,0,2,0,0.0,OldTown,TA,Y,TA,Abnorml,RL,2006
535377070,68000,715,715.0,10914,60.0,1929,1950,3,3,2.0,Detchd,1,0,2,0,0.0,NAmes,TA,N,TA,Normal,RL,2006
535377100,86900,720,448.0,7008,60.0,1900,1998,4,8,1.0,Attchd,1,0,1,0,0.0,OldTown,Fa,Y,Fa,Normal,RL,2006
535379100,120000,1130,1120.0,10800,60.0,1920,1950,5,6,2.0,Detchd,1,0,2,1,0.0,OldTown,TA,Y,TA,Normal,RL,2006
535380010,155500,1595,663.0,7200,60.0,1915,1950,6,8,2.0,Detchd,2,0,3,1,0.0,OldTown,TA,Y,TA,Normal,RL,2006
535380130,80000,1760,1077.0,10818,60.0,1910,1950,4,4,2.0,Detchd,1,1,4,1,0.0,OldTown,TA,Y,Fa,Abnorml,RL,2006
535381060,105000,1214,672.0,10410,60.0,1915,1950,3,4,3.0,Detchd,1,0,3,0,0.0,OldTown,TA,Y,TA,Family,RL,2006
535382020,160000,2414,954.0,10800,60.0,1900,1970,5,4,2.0,Attchd,2,0,3,1,0.0,OldTown,TA,N,TA,Normal,RL,2006
535382130,170000,1466,796.0,10800,60.0,1936,1989,5,8,2.0,Attchd,2,0,3,1,0.0,OldTown,Gd,Y,Fa,Normal,RL,2006
535401140,160000,1324,1088.0,8658,84.0,1965,1965,6,5,2.0,Attchd,2,0,3,1,101.0,NAmes,TA,Y,TA,Abnorml,RL,2006
535402070,159950,1086,1024.0,13400,85.0,1966,1966,5,5,2.0,Attchd,1,0,3,1,1047.0,NAmes,TA,Y,TA,Normal,RL,2006
535402100,165000,1146,1083.0,10184,83.0,1963,1963,6,5,1.0,Attchd,1,0,3,1,379.0,NAmes,TA,Y,TA,Normal,RL,2006
535402220,159000,1734,912.0,9786,77.0,1962,1981,6,7,2.0,Attchd,1,1,3,1,0.0,NAmes,Gd,Y,TA,Normal,RL,2006
535402230,147000,1207,1135.0,9510,77.0,1962,1985,6,5,1.0,Attchd,1,1,3,0,161.0,NAmes,TA,Y,TA,Normal,RL,2006
535403040,115000,912,912.0,7800,66.0,1964,1964,5,5,1.0,Attchd,1,0,2,0,0.0,NAmes,TA,Y,TA,Abnorml,RL,2006
535403150,159500,1194,655.0,8910,79.0,1959,1959,6,6,2.0,BuiltIn,1,0,3,1,0.0,NAmes,TA,Y,TA,Normal,RL,2006
535403200,120000,864,864.0,7332,60.0,1959,1959,6,6,1.0,Attchd,1,0,2,0,207.0,NAmes,Gd,Y,TA,Abnorml,RL,2006
535404080,129900,816,816.0,7100,73.0,1957,1957,5,7,1.0,Detchd,1,0,2,0,0.0,NAmes,TA,Y,TA,Normal,RL,2006
535425040,183000,1773,1313.0,10800,80.0,1961,1992,6,6,2.0,Attchd,2,0,3,2,104.0,NAmes,TA,Y,TA,Normal,RL,2006
535425050,157500,1472,0.0,11650,86.0,1959,1959,7,5,2.0,Attchd,2,0,2,1,58.0,NAmes,Gd,Y,,Normal,RL,2006
535425080,277500,2448,1438.0,18275,,1962,1998,7,8,2.0,Attchd,3,0,3,2,0.0,NAmes,TA,Y,TA,Normal,RL,2006
535426195,207500,1600,1484.0,16321,47.0,1957,1997,5,6,1.0,Attchd,1,0,2,2,0.0,NAmes,TA,Y,TA,Normal,RL,2006
535450100,147500,1521,910.0,12144,60.0,1950,1950,4,6,1.0,Detchd,1,1,3,0,0.0,NAmes,Gd,Y,TA,Normal,RL,2006
535450180,135000,1192,720.0,10800,60.0,1949,1950,4,4,0.0,,1,1,4,0,0.0,NAmes,TA,N,TA,Abnorml,RL,2006
535451190,109500,1040,0.0,7200,60.0,1950,1950,5,7,2.0,Detchd,1,0,2,0,0.0,NAmes,TA,Y,,Normal,RL,2006
535451210,109900,1040,0.0,7200,60.0,1950,1950,4,5,2.0,Detchd,1,0,2,0,0.0,NAmes,TA,Y,,Normal,RL,2006
535453160,133700,1040,1040.0,7560,70.0,1959,1959,5,5,1.0,Attchd,1,0,3,0,0.0,NAmes,TA,Y,TA,Normal,RL,2006
535454030,81400,1040,0.0,8544,60.0,1950,1950,3,4,2.0,Detchd,2,0,2,0,0.0,NAmes,TA,N,,Normal,RL,2006
535454050,87500,1040,0.0,8544,,1949,1950,3,4,2.0,Detchd,2,0,2,0,340.0,NAmes,TA,N,,Normal,RL,2006
535454060,93500,1040,0.0,8544,60.0,1950,1950,3,4,2.0,Detchd,2,0,2,0,0.0,NAmes,TA,N,,Normal,RL,2006
535456010,119000,1556,1556.0,8512,75.0,1960,1960,5,5,0.0,,2,0,4,0,0.0,NAmes,TA,Y,TA,Normal,RL,2006
535456020,141000,1150,1150.0,7945,70.0,1959,1959,5,6,1.0,Attchd,1,0,3,0,0.0,NAmes,TA,Y,TA,Normal,RL,2006
535457070,146000,1150,1150.0,7000,70.0,1961,1961,5,4,1.0,Attchd,1,0,3,0,0.0,NAmes,TA,Y,TA,Normal,RL,2006
535477060,155000,1348,660.0,7590,69.0,1966,1966,6,5,2.0,Attchd,1,1,3,1,266.0,NAmes,TA,Y,TA,Normal,RL,2006
535478010,134500,999,925.0,10205,69.0,1962,1962,5,5,1.0,Attchd,1,0,3,0,0.0,NAmes,TA,Y,TA,Normal,RL,2006
535478070,120000,1045,1045.0,7400,74.0,1962,1962,7,6,2.0,Detchd,1,0,3,0,0.0,NAmes,TA,Y,TA,Normal,RL,2006
535478090,105000,864,864.0,7000,70.0,1962,1962,5,6,1.0,Attchd,1,0,3,0,0.0,NAmes,TA,Y,TA,Normal,RL,2006
535478110,124000,1025,1025.0,7000,70.0,1962,1962,5,5,0.0,,1,0,3,0,0.0,NAmes,TA,Y,TA,Normal,RL,2006
902100110,169000,2014,716.0,9856,62.0,1900,2005,5,8,2.0,Detchd,2,0,5,0,0.0,OldTown,TA,Y,Fa,Normal,RM,2006
902100130,107000,1328,686.0,9906,57.0,1925,1950,4,4,1.0,Detchd,1,0,3,0,0.0,OldTown,TA,N,TA,Family,RM,2006
902101050,135000,1668,1212.0,9600,60.0,1948,1950,5,6,1.0,Detchd,1,0,3,0,264.0,OldTown,TA,Y,TA,Normal,RM,2006
902103090,111500,1657,1147.0,5520,60.0,1920,1980,4,6,1.0,Detchd,1,0,4,1,0.0,OldTown,Fa,N,TA,Normal,RM,2006
902104020,156500,1416,780.0,9600,60.0,1900,2004,6,8,2.0,Detchd,1,0,3,0,0.0,OldTown,Gd,Y,TA,Normal,RM,2006
902106040,178000,1641,728.0,9600,60.0,1925,1990,7,7,2.0,Detchd,1,1,3,1,0.0,OldTown,Ex,Y,TA,Normal,RM,2006
902106090,139900,1428,712.0,6451,58.0,1900,1970,7,7,2.0,Detchd,1,0,4,0,0.0,OldTown,TA,Y,TA,Normal,RM,2006
902108060,105000,1004,502.0,3960,66.0,1930,1950,7,8,1.0,Detchd,1,0,2,1,0.0,OldTown,Gd,N,TA,Normal,RM,2006
902109010,110000,813,813.0,5684,70.0,1930,2005,6,8,1.0,Detchd,1,0,2,0,0.0,OldTown,Gd,Y,TA,Normal,RM,2006
902110120,111500,1951,938.0,7745,56.0,1900,1950,4,6,2.0,Detchd,2,0,4,0,0.0,OldTown,Fa,N,TA,Normal,RM,2006
902110130,108000,1032,1032.0,7741,56.0,1924,1950,6,5,1.0,Detchd,1,0,2,0,0.0,OldTown,TA,N,TA,Abnorml,RM,2006
902111010,111500,844,844.0,5633,50.0,1925,1950,5,7,1.0,Detchd,1,0,2,0,0.0,OldTown,TA,Y,TA,Normal,RM,2006
902125020,124000,1750,636.0,9000,50.0,1880,1991,5,6,1.0,Detchd,1,0,3,0,0.0,OldTown,Ex,Y,Fa,Abnorml,RM,2006
902128020,105000,864,576.0,7200,60.0,1950,1950,4,5,1.0,Detchd,1,0,2,0,0.0,OldTown,TA,Y,TA,Normal,RM,2006
902128100,116000,1118,648.0,4400,40.0,1920,1950,6,8,2.0,Detchd,1,0,2,0,0.0,OldTown,TA,Y,Fa,Normal,RM,2006
902134060,96900,1376,738.0,7614,42.0,1905,1950,3,5,1.0,Detchd,1,0,2,0,0.0,OldTown,TA,Y,TA,Normal,RM,2006
902204060,135500,960,960.0,6000,50.0,1955,1955,5,7,2.0,Detchd,1,0,3,0,0.0,OldTown,TA,Y,TA,Normal,RM,2006
902204120,139000,1566,816.0,6000,50.0,1924,1950,5,7,2.0,Detchd,1,1,5,0,145.0,OldTown,Gd,Y,TA,Normal,RM,2006
902206020,61500,492,492.0,7830,52.0,1921,1950,3,5,1.0,Detchd,1,0,1,0,0.0,OldTown,TA,Y,Fa,Normal,RM,2006
902206090,120000,1182,770.0,9576,56.0,1945,1950,6,7,1.0,Detchd,1,1,3,0,0.0,OldTown,TA,Y,Fa,Normal,RM,2006
902207080,126175,1163,1162.0,5820,49.0,1955,2005,3,8,1.0,Attchd,1,0,3,0,0.0,OldTown,TA,Y,TA,Normal,RM,2006
902207110,64000,840,798.0,5747,48.0,1920,1950,3,4,1.0,Detchd,1,0,2,0,0.0,OldTown,Fa,Y,TA,Normal,RM,2006
902301120,137000,1928,1020.0,9142,69.0,1910,1950,6,8,1.0,Detchd,2,0,4,0,0.0,OldTown,Fa,N,Fa,Normal,RM,2006
902305090,87000,1774,1095.0,9600,60.0,1900,1950,4,2,3.0,2Types,2,0,4,0,0.0,OldTown,TA,N,TA,Normal,RM,2006
902325050,163000,1768,880.0,10800,60.0,1914,1970,7,7,2.0,Detchd,1,1,2,2,0.0,OldTown,TA,N,Gd,Normal,RM,2006
902325100,155000,2104,1226.0,6300,70.0,1910,2005,7,6,2.0,Detchd,2,0,5,0,0.0,OldTown,TA,Y,TA,Normal,RM,2006
902325160,79000,1440,540.0,5000,63.0,1900,1950,5,4,1.0,Attchd,1,0,3,0,0.0,OldTown,TA,N,TA,Normal,RM,2006
902328100,144000,1690,815.0,8850,65.0,1916,1950,7,6,1.0,Detchd,1,0,3,1,0.0,OldTown,TA,Y,TA,Normal,RM,2006
902329070,114504,1368,684.0,3600,60.0,1910,1993,6,7,1.0,Detchd,1,0,3,0,0.0,OldTown,TA,N,TA,Normal,RM,2006
902329090,157000,1762,596.0,7200,60.0,1920,1950,7,7,2.0,Detchd,1,1,4,0,0.0,OldTown,Gd,Y,Fa,Normal,RM,2006
902400090,125000,1200,1200.0,11340,84.0,1923,1950,6,5,1.0,Detchd,1,0,4,0,0.0,OldTown,TA,Y,TA,Family,RM,2006
902400110,475000,3608,1107.0,22950,90.0,1892,1993,10,9,3.0,Detchd,2,1,4,2,0.0,OldTown,Ex,Y,TA,Normal,RM,2006
902401090,93500,1248,624.0,5976,33.0,1920,1950,5,7,0.0,,2,0,2,0,0.0,OldTown,TA,N,TA,Normal,RM,2006
902406030,125000,960,960.0,9750,65.0,1958,1958,5,5,2.0,Detchd,1,0,3,0,0.0,OldTown,TA,Y,TA,Normal,RM,2006
902456015,64500,1020,1020.0,4761,63.0,1918,1950,3,3,0.0,,1,0,2,0,0.0,IDOTRR,Fa,N,TA,Normal,C (all),2006
903200050,100000,788,788.0,7446,,1941,1950,4,5,0.0,,1,0,2,2,0.0,BrkSide,TA,Y,TA,Abnorml,RL,2006
903202120,140200,1577,972.0,6435,65.0,1939,1950,6,5,1.0,Detchd,1,0,3,1,0.0,BrkSide,Fa,Y,TA,Normal,RL,2006
903206160,202500,1827,848.0,11737,69.0,1924,1996,6,7,1.0,Detchd,1,0,2,1,0.0,BrkSide,TA,N,TA,Normal,RL,2006
903225090,159000,1664,1004.0,5000,50.0,1947,1950,6,7,2.0,Detchd,2,0,3,2,0.0,BrkSide,TA,Y,TA,Normal,RM,2006
903229040,119900,1118,793.0,7800,65.0,1939,1950,5,7,2.0,Detchd,1,0,3,1,0.0,OldTown,TA,Y,Gd,Normal,RM,2006
903231070,114500,1176,816.0,6240,52.0,1934,1950,6,6,2.0,Detchd,1,0,3,1,0.0,BrkSide,TA,Y,TA,Normal,RM,2006
903231190,115000,1344,896.0,6240,,1936,1950,5,4,1.0,Detchd,1,0,3,0,0.0,BrkSide,TA,Y,Gd,Normal,RM,2006
903231220,75000,1162,728.0,6120,51.0,1930,1950,3,5,1.0,Detchd,1,0,3,0,0.0,BrkSide,TA,Y,TA,Abnorml,RM,2006
903231240,88000,1015,768.0,6120,51.0,1925,1950,5,7,1.0,Detchd,1,0,3,0,0.0,BrkSide,TA,N,TA,Abnorml,RM,2006
903232170,80500,912,0.0,6240,52.0,1947,1950,4,5,0.0,,1,0,2,0,0.0,BrkSide,TA,N,,Normal,RM,2006
903233100,149000,1576,1042.0,6240,52.0,1928,1950,5,6,1.0,Detchd,1,0,3,1,0.0,BrkSide,TA,Y,TA,Family,RM,2006
903233220,110000,1324,741.0,6120,51.0,1930,1984,5,7,1.0,Detchd,1,0,3,0,0.0,BrkSide,Gd,Y,TA,Normal,RM,2006
903234030,110500,1103,1103.0,6000,50.0,1925,1980,6,6,2.0,Detchd,1,0,2,1,0.0,OldTown,Gd,Y,TA,Normal,RM,2006
903235020,89000,616,616.0,6000,50.0,1921,1950,5,7,1.0,Detchd,1,0,2,0,0.0,BrkSide,TA,Y,TA,Normal,RM,2006
903236200,113000,1048,993.0,6380,58.0,1922,1950,5,6,1.0,Detchd,1,0,2,1,0.0,BrkSide,TA,Y,TA,Normal,RM,2006
903400030,109000,816,816.0,11672,50.0,1925,1950,5,5,1.0,Detchd,1,0,2,0,0.0,BrkSide,TA,Y,TA,Normal,RL,2006
903425190,220000,2486,1595.0,33120,90.0,1962,1962,6,5,2.0,Detchd,2,0,5,1,0.0,OldTown,TA,Y,TA,Normal,RM,2006
903425340,129000,960,960.0,9873,60.0,1970,1970,4,5,2.0,Detchd,1,0,3,0,160.0,BrkSide,TA,N,TA,Normal,RL,2006
903430090,117000,1635,485.0,5310,59.0,1910,2003,6,8,1.0,Attchd,1,0,2,0,0.0,OldTown,Gd,Y,TA,Normal,RM,2006
903430130,52500,693,693.0,4118,153.0,1941,1950,4,4,0.0,,1,0,2,0,0.0,OldTown,Fa,N,TA,Normal,RM,2006
903451050,107000,1430,596.0,10320,60.0,1924,1950,4,5,2.0,Detchd,2,0,3,0,0.0,IDOTRR,Fa,Y,TA,Abnorml,RM,2006
903452090,116500,1330,396.0,7518,60.0,1910,2004,5,8,1.0,Detchd,1,0,3,0,0.0,IDOTRR,TA,Y,Fa,Normal,RM,2006
903454020,72000,819,610.0,9000,50.0,1919,1950,5,4,0.0,,1,0,2,0,0.0,IDOTRR,Gd,N,TA,Abnorml,RM,2006
903454080,119500,1376,780.0,8600,50.0,1937,1950,6,6,1.0,Detchd,2,0,3,1,0.0,IDOTRR,TA,Y,TA,Normal,RM,2006
903455090,125500,1360,803.0,7200,60.0,1938,1995,5,6,1.0,Detchd,1,1,2,0,0.0,IDOTRR,Gd,Y,TA,Normal,RM,2006
903456060,91000,1077,1007.0,9786,60.0,1922,1950,3,4,1.0,Detchd,1,0,3,1,0.0,IDOTRR,TA,N,TA,Normal,RM,2006
903456090,84500,754,520.0,6780,60.0,1935,1982,6,8,0.0,,1,0,2,0,0.0,IDOTRR,TA,N,TA,Normal,RM,2006
903458010,90000,984,984.0,7200,60.0,1930,1950,6,6,1.0,Detchd,1,0,3,0,0.0,IDOTRR,TA,Y,TA,Family,RM,2006
904100030,137500,1422,806.0,12375,82.0,1951,1951,5,5,1.0,Detchd,1,0,3,1,41.0,Sawyer,TA,Y,TA,Normal,RL,2006
904100090,150000,1921,1921.0,11136,120.0,1964,1964,6,5,2.0,Detchd,2,0,4,0,0.0,Sawyer,TA,Y,TA,Normal,RL,2006
904100170,131000,1640,0.0,21370,100.0,1950,1950,5,5,2.0,Attchd,1,0,3,1,0.0,Sawyer,TA,Y,,Normal,RL,2006
904101040,130000,1352,1062.0,6930,92.0,1958,1958,5,4,1.0,BuiltIn,1,0,3,0,120.0,ClearCr,Gd,Y,TA,Abnorml,RL,2006
904301410,125000,1032,0.0,8250,55.0,1935,1950,5,7,1.0,Detchd,1,0,2,1,0.0,Edwards,TA,N,,Normal,RL,2006
904302020,80000,879,830.0,5220,50.0,1936,1950,5,3,1.0,Detchd,1,0,2,0,0.0,SWISU,TA,Y,TA,Normal,RL,2006
904302030,157000,1073,1073.0,5500,50.0,2004,2004,7,5,1.0,Detchd,2,0,2,0,0.0,SWISU,TA,Y,Gd,Normal,RL,2006
905100030,148000,1382,1051.0,11235,75.0,1963,1979,4,5,2.0,Attchd,1,1,3,1,51.0,Sawyer,TA,Y,TA,Normal,RL,2006
905101330,90000,1296,0.0,10791,72.0,1967,1967,4,5,2.0,CarPort,2,0,2,0,0.0,Sawyer,TA,Y,,Normal,RL,2006
905101450,154500,1068,1059.0,8414,70.0,1963,2003,6,8,1.0,Attchd,1,0,3,0,0.0,Sawyer,TA,Y,TA,Normal,RL,2006
905103130,153600,1064,1064.0,11327,,1967,1967,5,6,2.0,Attchd,1,0,3,1,305.0,Sawyer,TA,Y,TA,Normal,RL,2006
905103140,164500,1320,1164.0,11777,96.0,1966,1966,5,6,2.0,Attchd,1,0,3,2,97.0,Sawyer,TA,Y,TA,Abnorml,RL,2006
905103180,132000,934,912.0,10366,80.0,1964,1964,6,7,1.0,Attchd,1,0,2,0,0.0,Sawyer,TA,Y,TA,Normal,RL,2006
905105010,142500,1059,1059.0,9000,75.0,1966,1966,5,6,1.0,Attchd,1,0,3,0,0.0,Sawyer,TA,Y,TA,Abnorml,RL,2006
905106210,158000,1159,1051.0,11553,,1968,1968,5,5,1.0,Attchd,1,1,3,1,188.0,Sawyer,TA,Y,TA,Normal,RL,2006
905107070,149500,1400,672.0,7844,74.0,1978,1978,6,7,2.0,Attchd,1,1,3,1,203.0,Sawyer,TA,Y,TA,Normal,RL,2006
905107220,165000,1458,1176.0,9535,,1967,1967,5,5,2.0,Attchd,1,1,3,1,450.0,Sawyer,TA,Y,TA,Normal,RL,2006
905107240,180000,1721,1461.0,10335,78.0,1968,1993,5,6,2.0,Attchd,2,1,3,1,0.0,Sawyer,TA,Y,TA,Normal,RL,2006
905107300,160500,1040,960.0,7176,,1978,1978,6,6,2.0,Detchd,1,0,3,1,200.0,Sawyer,TA,Y,TA,Normal,RL,2006
905108090,156500,1967,1967.0,9662,,1977,1977,5,4,2.0,Attchd,2,0,6,0,0.0,Sawyer,TA,Y,Gd,Normal,RL,2006
905108120,157000,1949,1949.0,8235,75.0,1977,1977,5,4,2.0,Attchd,2,0,6,0,99.0,Sawyer,TA,Y,TA,Normal,RL,2006
905200280,172500,1920,1052.0,13650,,1958,1958,5,5,2.0,Attchd,2,0,4,1,0.0,Sawyer,Gd,Y,TA,Normal,RL,2006
905200290,155000,1803,1134.0,13125,88.0,1957,2000,5,4,2.0,Attchd,2,0,3,1,67.0,Sawyer,TA,Y,TA,Normal,RL,2006
905200340,170000,1779,1763.0,17920,102.0,1955,1974,5,4,2.0,Attchd,1,1,3,1,0.0,Sawyer,TA,Y,TA,Abnorml,RL,2006
905200380,105000,872,872.0,17529,,1924,1950,5,5,1.0,Detchd,1,0,2,1,65.0,Sawyer,Fa,N,TA,Normal,RL,2006
905200490,145000,960,648.0,10246,,1965,2001,4,9,1.0,Attchd,0,0,0,0,0.0,Sawyer,TA,Y,TA,Normal,RL,2006
905201090,168000,1437,1188.0,14175,,1956,1987,5,6,2.0,Detchd,1,1,3,1,0.0,Sawyer,TA,Y,TA,Normal,RL,2006
905202190,278000,1830,1865.0,20355,,1967,1967,7,6,2.0,Attchd,1,0,2,2,123.0,ClearCr,TA,Y,Gd,Normal,RL,2006
905202210,164000,1000,1000.0,13050,87.0,1963,1963,5,6,2.0,Attchd,1,0,1,2,0.0,ClearCr,TA,Y,Gd,Normal,RL,2006
905225080,225000,2287,1304.0,15593,81.0,1953,1953,7,4,2.0,Attchd,2,0,3,1,0.0,ClearCr,TA,Y,TA,Normal,RL,2006
905300010,130000,810,782.0,10820,72.0,1971,1972,5,7,2.0,Detchd,1,0,2,0,153.0,Sawyer,TA,Y,Gd,Normal,RL,2006
905300080,142500,894,864.0,13350,100.0,1974,1974,5,5,2.0,Attchd,1,0,3,1,0.0,Sawyer,TA,Y,TA,Normal,RL,2006
905351045,148400,1700,430.0,1700,,1980,1981,7,5,1.0,Basment,2,1,2,0,0.0,ClearCr,Gd,Y,Gd,Normal,RL,2006
905351150,190000,1453,1453.0,5271,,1986,1986,7,5,2.0,Attchd,1,1,2,1,0.0,ClearCr,Gd,Y,Gd,Abnorml,RL,2006
905402110,146000,1350,967.0,9375,75.0,1954,1954,4,5,2.0,Attchd,1,1,3,1,0.0,Edwards,TA,Y,TA,Normal,RL,2006
905403050,128000,1150,799.0,6488,62.0,1942,1950,5,5,1.0,BuiltIn,1,0,3,2,0.0,Edwards,TA,N,TA,Family,RL,2006
905426100,225000,2008,896.0,7800,78.0,1948,2002,5,8,1.0,Attchd,3,0,3,0,0.0,Edwards,Ex,Y,TA,Normal,RL,2006
905426150,274970,2201,697.0,19690,,1966,1966,6,7,2.0,Attchd,2,0,4,1,0.0,Edwards,Gd,Y,Gd,Alloca,RL,2006
905427010,235000,2009,672.0,19950,114.0,1928,1950,6,7,3.0,2Types,2,0,4,2,0.0,Edwards,TA,Y,TA,Normal,RL,2006
905427030,415000,3672,1836.0,19800,60.0,1935,1990,6,8,2.0,Detchd,3,1,5,2,0.0,Edwards,Gd,Y,TA,Normal,RL,2006
905427140,182000,1560,1776.0,11679,78.0,1962,1962,5,5,2.0,Attchd,2,0,3,1,96.0,Edwards,TA,Y,TA,Normal,RL,2006
905451050,135000,1488,0.0,12048,80.0,1952,2002,5,6,2.0,Attchd,1,0,3,1,232.0,Edwards,TA,Y,,Normal,RL,2006
905451410,137000,1057,1057.0,10519,70.0,1955,1999,5,8,1.0,Attchd,1,0,3,0,164.0,Edwards,Gd,Y,TA,Normal,RL,2006
905452140,136900,1855,994.0,9525,75.0,1954,1972,6,4,1.0,Attchd,2,0,4,0,0.0,Edwards,TA,Y,TA,Normal,RL,2006
905452150,149900,1609,1000.0,9525,75.0,1953,1953,6,5,1.0,Attchd,1,1,5,0,0.0,Edwards,TA,Y,TA,Normal,RL,2006
905475150,123500,1148,980.0,6420,57.0,1952,1952,5,7,1.0,Detchd,1,0,2,0,0.0,Edwards,TA,Y,Ex,Normal,RL,2006
905477010,93000,1124,0.0,8335,77.0,1954,1954,5,5,0.0,,1,0,3,1,0.0,Edwards,TA,Y,,Normal,RL,2006
905480160,91500,1456,810.0,7585,50.0,1948,1950,5,3,1.0,Detchd,1,0,4,1,0.0,Edwards,TA,Y,Fa,Normal,RL,2006
906202040,180000,1298,1298.0,11200,,1985,1985,6,5,2.0,Attchd,2,0,3,1,85.0,SawyerW,Gd,Y,Gd,Normal,RL,2006
906204180,209000,2559,868.0,12128,88.0,1989,1989,6,4,2.0,Attchd,2,1,4,1,232.0,SawyerW,Ex,Y,Gd,Abnorml,RL,2006
906223180,215000,1911,777.0,9554,80.0,1993,1994,8,5,2.0,Attchd,2,1,3,1,125.0,SawyerW,Gd,Y,Gd,Normal,RL,2006
906225180,224500,1440,1344.0,9069,73.0,1993,1993,6,8,4.0,Attchd,2,0,2,0,0.0,SawyerW,Gd,Y,Gd,Normal,RL,2006
906380110,229800,1876,1308.0,11003,133.0,2005,2006,7,5,3.0,BuiltIn,2,1,3,0,0.0,CollgCr,Gd,Y,Gd,Partial,RL,2006
906380150,183600,1208,1208.0,7488,64.0,2005,2005,7,5,2.0,Attchd,2,0,2,0,0.0,CollgCr,Gd,Y,Gd,Abnorml,RL,2006
906380170,194000,1220,1199.0,7406,64.0,2006,2006,7,5,2.0,Attchd,2,0,2,0,84.0,CollgCr,Gd,Y,Gd,Partial,RL,2006
906380180,193879,1294,1286.0,6762,64.0,2006,2006,7,5,2.0,Attchd,2,0,2,1,0.0,CollgCr,Gd,Y,Gd,Partial,RL,2006
906382030,221500,1614,1614.0,11210,86.0,2005,2006,7,5,3.0,Attchd,2,0,3,0,240.0,CollgCr,Gd,Y,Gd,Partial,RL,2006
906382040,204900,1498,1498.0,8990,73.0,2006,2006,7,5,2.0,Attchd,2,0,2,0,0.0,CollgCr,Gd,Y,Gd,Partial,RL,2006
906382050,239799,1962,1391.0,8760,73.0,2006,2006,7,5,3.0,Attchd,2,1,3,0,0.0,CollgCr,Gd,Y,Gd,Partial,RL,2006
906392090,233555,1846,1836.0,13377,90.0,2006,2006,6,5,2.0,Attchd,2,0,3,1,0.0,CollgCr,Gd,Y,Gd,Partial,RL,2006
906392100,260000,1734,1734.0,11645,78.0,2005,2005,7,5,2.0,Attchd,2,0,3,0,0.0,CollgCr,Gd,Y,Gd,Normal,RL,2006
906392120,294900,1590,1570.0,11645,78.0,2005,2006,8,5,3.0,Attchd,2,1,2,0,198.0,CollgCr,Ex,Y,Ex,Partial,RL,2006
906394010,209700,1809,945.0,10984,91.0,2005,2006,7,5,2.0,Attchd,2,1,3,0,0.0,CollgCr,Gd,Y,Gd,Partial,RL,2006
906394040,225000,1614,1614.0,9316,78.0,2005,2005,7,5,2.0,Attchd,2,0,3,1,140.0,CollgCr,Gd,Y,Gd,Normal,RL,2006
906394060,181000,1596,784.0,9316,78.0,2005,2005,7,5,2.0,Attchd,2,1,3,0,532.0,CollgCr,Gd,Y,Gd,Normal,RL,2006
906420020,220000,1915,908.0,10041,80.0,1992,1992,8,5,2.0,Attchd,2,1,3,1,0.0,SawyerW,Gd,Y,Gd,Abnorml,RL,2006
906426090,190000,1582,1624.0,36500,,1964,1964,5,5,2.0,Attchd,2,0,4,0,621.0,ClearCr,TA,Y,TA,Normal,RL,2006
906475050,180000,988,938.0,21453,,1969,1969,6,5,2.0,Attchd,1,0,1,2,0.0,ClearCr,TA,Y,TA,Normal,RL,2006
906475200,280000,1533,1533.0,70761,62.0,1975,1975,7,5,2.0,Attchd,2,0,2,2,0.0,ClearCr,Gd,Y,Gd,Normal,RL,2006
906476140,158900,1388,1388.0,12000,80.0,1968,1968,6,5,2.0,Attchd,2,0,3,1,0.0,ClearCr,TA,Y,Gd,Abnorml,RL,2006
907125020,148000,914,870.0,8846,57.0,1996,1996,5,5,2.0,Detchd,1,0,2,0,0.0,CollgCr,TA,Y,Gd,Normal,RL,2006
907125080,145000,1100,1100.0,13015,95.0,1996,1996,5,6,2.0,Attchd,1,1,3,0,0.0,CollgCr,TA,Y,Gd,Normal,RL,2006
907130110,187000,1499,781.0,12438,65.0,1995,1995,6,5,2.0,Attchd,2,1,3,1,68.0,CollgCr,Gd,Y,Gd,Normal,RL,2006
907131070,193000,1425,1425.0,8685,,1998,1998,7,5,2.0,Attchd,2,0,3,0,0.0,CollgCr,TA,Y,Gd,Normal,RL,2006
907135230,156000,990,990.0,13568,43.0,1995,1995,5,5,2.0,Attchd,1,0,3,0,0.0,CollgCr,TA,Y,Gd,Normal,RL,2006
907175030,235000,1525,1525.0,9100,70.0,2000,2000,7,5,2.0,Attchd,2,0,3,0,244.0,CollgCr,Gd,Y,Gd,Normal,RL,2006
907175060,217000,1494,1479.0,9236,79.0,1997,1997,6,5,2.0,Attchd,2,0,3,0,0.0,CollgCr,Gd,Y,Gd,Normal,RL,2006
907180120,214000,1588,1588.0,10264,78.0,1999,1999,7,5,2.0,Attchd,2,0,3,0,183.0,CollgCr,Gd,Y,Gd,Normal,RL,2006
907181090,196000,1749,842.0,9272,68.0,1999,1999,7,5,2.0,Attchd,2,1,3,0,0.0,CollgCr,Gd,Y,Gd,Normal,RL,2006
907187010,217000,1779,951.0,13426,72.0,1999,2000,7,5,2.0,Attchd,2,1,3,1,0.0,CollgCr,Gd,Y,Gd,Normal,RL,2006
907192010,200000,1861,916.0,13450,95.0,2002,2002,7,5,2.0,BuiltIn,2,1,3,0,0.0,CollgCr,Gd,Y,Gd,Normal,RL,2006
907194130,192500,1776,936.0,14006,65.0,2002,2002,7,5,2.0,Attchd,2,1,3,1,144.0,CollgCr,Gd,Y,Gd,Normal,RL,2006
907196020,205000,1541,1541.0,13704,118.0,2001,2002,7,5,3.0,Attchd,2,0,3,1,150.0,CollgCr,Gd,Y,Gd,Normal,RL,2006
907200170,132500,954,911.0,10780,55.0,1976,1976,5,5,2.0,Detchd,1,0,3,0,0.0,CollgCr,TA,Y,TA,Normal,RL,2006
907201160,157500,1388,675.0,8340,50.0,1977,1977,6,6,1.0,Attchd,1,1,3,0,62.0,CollgCr,TA,Y,Gd,Normal,RL,2006
907201230,174000,1282,995.0,10385,42.0,1978,1978,6,6,3.0,Detchd,2,0,3,0,123.0,CollgCr,TA,Y,TA,Normal,RL,2006
907202140,128500,971,971.0,9920,69.0,1969,1969,5,6,1.0,Attchd,1,1,3,1,0.0,CollgCr,TA,Y,Gd,Normal,RL,2006
907203010,128500,864,864.0,9560,120.0,1972,1972,5,7,1.0,Attchd,1,0,3,0,0.0,CollgCr,TA,Y,TA,Normal,RL,2006
907203040,149900,894,894.0,9800,70.0,1972,1972,5,7,2.0,Attchd,1,0,3,0,0.0,CollgCr,TA,Y,TA,Abnorml,RL,2006
907227090,119900,864,864.0,7200,60.0,1972,1972,5,8,1.0,Detchd,1,0,3,0,0.0,CollgCr,TA,Y,TA,Normal,RL,2006
907230240,137000,1320,630.0,3612,,1993,1994,6,5,2.0,Detchd,2,1,3,0,0.0,Landmrk,TA,Y,Gd,Normal,RH,2006
907251100,255000,1989,1065.0,11367,90.0,2002,2002,8,5,2.0,Attchd,2,1,3,1,210.0,CollgCr,Gd,Y,Gd,Normal,RL,2006
907252050,222000,1762,826.0,9930,,2002,2002,7,5,2.0,Attchd,2,1,3,0,199.0,CollgCr,Gd,Y,Gd,Normal,RL,2006
907254050,214000,1755,840.0,9468,45.0,1999,1999,6,5,2.0,Attchd,2,1,3,1,148.0,CollgCr,TA,Y,Gd,Normal,RL,2006
907255010,220000,1358,1348.0,11088,,2002,2002,8,5,2.0,Attchd,1,1,1,1,0.0,CollgCr,Gd,Y,Gd,Normal,RL,2006
907255050,275000,1787,1753.0,14781,,2001,2002,8,5,3.0,Attchd,2,0,3,1,178.0,CollgCr,Gd,Y,Gd,Normal,RL,2006
907262080,197000,1909,872.0,8726,70.0,2002,2002,7,5,2.0,BuiltIn,2,1,4,0,0.0,CollgCr,Gd,Y,Gd,Normal,RL,2006
907265030,230000,1654,1654.0,8125,,2002,2002,7,5,3.0,Attchd,2,0,3,0,295.0,CollgCr,Gd,Y,Gd,Normal,RL,2006
907270050,268500,2214,1090.0,10566,67.0,1999,1999,8,5,3.0,Attchd,2,1,3,1,261.0,CollgCr,Gd,Y,Gd,Normal,RL,2006
907275030,210900,2049,1065.0,21533,,1996,1997,7,5,2.0,Attchd,2,1,4,1,0.0,CollgCr,Gd,Y,Gd,Normal,RL,2006
907285010,227000,1939,1054.0,11250,90.0,1998,1998,7,5,3.0,Attchd,2,1,3,1,227.0,CollgCr,Gd,Y,Gd,Normal,RL,2006
907285100,237000,1995,930.0,11250,90.0,1995,1996,7,5,2.0,Attchd,2,1,4,1,0.0,CollgCr,Gd,Y,Gd,Normal,RL,2006
907290020,274300,2097,1108.0,9750,75.0,1998,1998,7,6,2.0,Detchd,2,1,3,1,0.0,CollgCr,Gd,Y,Gd,Normal,RL,2006
907290080,216837,1836,1860.0,9100,70.0,2004,2005,7,5,2.0,Attchd,2,0,3,1,0.0,CollgCr,Gd,Y,Gd,Normal,RL,2006
907290160,133000,848,848.0,4435,37.0,2003,2003,6,5,2.0,Attchd,1,0,1,0,170.0,CollgCr,Gd,Y,Gd,Normal,RM,2006
907290230,155900,848,848.0,4435,37.0,2004,2004,6,5,2.0,Attchd,1,0,1,1,169.0,CollgCr,Gd,Y,Gd,Normal,RM,2006
907290260,233230,1919,1079.0,15611,120.0,2006,2006,8,5,2.0,Attchd,2,1,3,1,0.0,CollgCr,Gd,Y,Gd,Partial,RL,2006
907401050,207000,1390,1390.0,8810,70.0,2003,2003,7,5,2.0,Attchd,2,0,3,0,0.0,CollgCr,Gd,Y,Gd,Normal,RL,2006
907401080,195000,1948,847.0,12393,41.0,2004,2005,7,5,2.0,BuiltIn,2,1,4,1,0.0,CollgCr,Gd,Y,Gd,Normal,RL,2006
907405030,200000,1700,1682.0,9135,70.0,2003,2003,6,5,2.0,Attchd,2,0,3,0,120.0,CollgCr,Gd,Y,Gd,Normal,RL,2006
907410040,203160,1737,851.0,8581,74.0,2006,2006,7,5,2.0,Attchd,2,1,3,0,0.0,CollgCr,Gd,Y,Gd,Partial,RL,2006
907410100,195800,1611,784.0,8400,70.0,2005,2005,7,5,2.0,Attchd,2,1,3,0,0.0,CollgCr,Gd,Y,Gd,Normal,RL,2006
907410110,212900,1552,1552.0,10084,84.0,2005,2006,7,5,3.0,Attchd,2,0,3,0,196.0,CollgCr,Gd,Y,Gd,Partial,RL,2006
907412010,196500,1720,860.0,11645,89.0,2004,2004,7,5,2.0,Attchd,2,1,3,0,0.0,CollgCr,Gd,Y,Gd,Normal,RL,2006
907414040,198000,1336,1336.0,8772,65.0,2005,2006,7,5,2.0,Attchd,2,0,3,0,0.0,CollgCr,Gd,Y,Gd,Partial,RL,2006
907418020,173900,1500,750.0,8846,68.0,2005,2006,6,5,2.0,Attchd,2,1,3,0,0.0,CollgCr,Gd,Y,Gd,Partial,RL,2006
907420070,163990,1456,728.0,8461,65.0,2005,2006,6,5,2.0,Attchd,2,1,3,1,0.0,CollgCr,Gd,Y,Gd,Partial,RL,2006
907420090,164990,1310,1310.0,8767,65.0,2005,2005,7,5,2.0,Attchd,2,0,3,1,0.0,CollgCr,Gd,Y,Gd,Partial,RL,2006
908102020,98000,1436,676.0,8777,67.0,1910,2000,4,6,2.0,Attchd,2,0,3,0,0.0,Edwards,TA,Y,Gd,Normal,RL,2006
908102320,149900,1466,1466.0,17755,134.0,1959,1959,5,4,2.0,Attchd,1,1,3,2,132.0,Edwards,Fa,Y,TA,Normal,RL,2006
908102330,102000,1220,836.0,8877,67.0,1951,1951,4,5,2.0,Detchd,1,0,2,0,0.0,Edwards,TA,Y,Fa,Normal,RL,2006
908103310,127500,1012,976.0,7840,38.0,1975,1975,6,5,0.0,,2,0,4,0,355.0,Edwards,TA,Y,Gd,AdjLand,RL,2006
908103320,127500,980,945.0,9400,35.0,1975,1975,6,5,0.0,,2,0,4,0,250.0,Edwards,TA,Y,Gd,AdjLand,RL,2006
908127050,119900,1176,1176.0,16133,73.0,1969,1969,5,4,1.0,Attchd,1,0,2,0,0.0,Edwards,TA,Y,Gd,Abnorml,RL,2006
908128100,196500,1724,796.0,7162,62.0,2003,2004,7,5,2.0,BuiltIn,2,1,3,1,190.0,Edwards,Gd,Y,Gd,Normal,RL,2006
908130020,117250,914,914.0,8050,75.0,2002,2002,6,5,0.0,,1,0,2,0,,Edwards,Gd,Y,Gd,Normal,RL,2006
908178050,229000,2314,1150.0,11060,90.0,2003,2005,7,5,2.0,BuiltIn,2,1,3,1,0.0,Edwards,Gd,Y,Ex,Normal,RL,2006
908186060,145000,1072,547.0,3675,35.0,2005,2005,5,5,2.0,Basment,1,0,2,0,80.0,Edwards,TA,Y,Gd,Normal,RM,2006
908186070,140000,1072,547.0,3675,35.0,2005,2006,6,5,2.0,Basment,2,0,2,0,82.0,Edwards,TA,Y,Gd,Partial,RM,2006
908186090,142500,1072,547.0,3675,35.0,2005,2006,6,5,2.0,Basment,1,0,2,0,82.0,Edwards,TA,Y,Gd,Partial,RM,2006
908188110,134000,1709,970.0,2522,24.0,2004,2004,7,5,2.0,Detchd,2,0,3,0,50.0,Edwards,Gd,Y,Gd,Normal,RM,2006
908188120,130000,1709,970.0,2522,24.0,2004,2004,7,5,2.0,Detchd,2,0,3,0,50.0,Edwards,Gd,Y,Gd,Normal,RM,2006
908188130,130000,1709,970.0,2522,24.0,2004,2006,6,5,2.0,Detchd,2,0,3,0,50.0,Edwards,Gd,Y,Gd,Normal,RM,2006
908188140,137500,1709,970.0,2522,24.0,2004,2004,7,5,2.0,Detchd,2,0,3,0,50.0,Edwards,Gd,Y,Gd,Normal,RM,2006
908188150,130000,1708,976.0,3363,32.0,2004,2004,7,5,2.0,Detchd,2,0,3,0,117.0,Edwards,Gd,Y,Gd,Normal,RM,2006
908225180,97900,936,624.0,6956,56.0,1948,1950,4,7,1.0,Attchd,1,0,3,0,0.0,Edwards,TA,Y,Fa,Normal,RL,2006
908227010,92000,1338,832.0,7822,72.0,1915,1950,6,3,2.0,Detchd,2,0,3,0,0.0,Edwards,TA,Y,Fa,AdjLand,RL,2006
908227030,107000,1669,1093.0,8707,62.0,1924,1950,4,5,1.0,Attchd,1,1,4,0,0.0,Edwards,TA,N,TA,AdjLand,RL,2006
908227040,81000,1184,658.0,8410,58.0,1910,1996,5,3,0.0,,1,0,5,0,0.0,Edwards,TA,Y,TA,AdjLand,RL,2006
908228040,104900,1221,784.0,9738,60.0,1924,1950,5,7,1.0,Attchd,1,0,4,0,0.0,Edwards,TA,Y,TA,Normal,RL,2006
908275220,115000,864,864.0,8172,60.0,1955,1990,5,7,2.0,Detchd,1,0,2,0,0.0,Edwards,TA,Y,TA,Normal,RL,2006
908275290,125000,1482,954.0,16012,60.0,1954,1968,4,4,2.0,2Types,2,0,3,1,60.0,Edwards,TA,Y,TA,Abnorml,RL,2006
909101050,116000,1250,686.0,8248,45.0,1918,1950,5,7,1.0,Detchd,1,1,3,0,0.0,Edwards,Fa,Y,TA,Normal,RL,2006
909101080,83000,1414,864.0,8248,45.0,1922,1950,4,4,0.0,,1,0,3,1,0.0,Edwards,TA,N,TA,Abnorml,RL,2006
909101190,118500,2230,795.0,6204,60.0,1912,1950,4,5,1.0,Detchd,1,0,5,0,0.0,SWISU,TA,N,TA,Normal,RL,2006
909101330,35000,498,498.0,8088,60.0,1922,1955,2,3,1.0,Detchd,1,0,1,0,0.0,Edwards,TA,N,TA,Normal,RL,2006
909103020,121000,1273,616.0,11388,76.0,1910,1993,4,7,1.0,Detchd,1,0,3,0,0.0,Edwards,Gd,N,TA,Normal,RL,2006
909131125,160000,1928,686.0,7082,,1916,1995,5,8,0.0,,2,0,5,0,0.0,SWISU,TA,Y,TA,Normal,RH,2006
909175030,140000,1595,940.0,8400,60.0,1940,2000,6,5,1.0,Attchd,1,0,2,2,0.0,SWISU,TA,Y,TA,Normal,RL,2006
909176180,137000,1551,1058.0,10890,60.0,1938,1950,5,5,1.0,Detchd,2,0,3,0,0.0,SWISU,Fa,Y,Fa,Normal,RL,2006
909201180,128000,1340,780.0,6430,58.0,1945,1950,6,6,1.0,Attchd,1,0,3,0,0.0,SWISU,TA,N,TA,Abnorml,RH,2006
909250070,160000,1479,624.0,7000,43.0,1926,1997,7,8,1.0,Detchd,1,0,3,2,0.0,SWISU,Gd,Y,TA,Normal,RL,2006
909250120,138887,1784,747.0,13132,96.0,1914,1950,5,5,1.0,Detchd,1,1,4,0,0.0,Crawfor,TA,Y,Gd,Normal,RL,2006
909250200,149000,1510,755.0,4899,69.0,1920,1950,6,8,1.0,Detchd,1,0,3,0,0.0,SWISU,TA,Y,TA,Normal,RL,2006
909250210,102000,1522,1008.0,6000,60.0,1926,1950,5,5,0.0,,2,0,4,0,0.0,SWISU,TA,Y,TA,Normal,RL,2006
909253080,167000,1636,818.0,9399,54.0,1919,1950,7,8,1.0,Detchd,1,1,4,1,0.0,Crawfor,Gd,Y,TA,Abnorml,RL,2006
909254070,200100,1802,793.0,7588,54.0,1920,1950,7,6,1.0,Detchd,1,1,4,1,0.0,Crawfor,TA,Y,Fa,Normal,RL,2006
909256010,131000,1465,992.0,10164,84.0,1939,1950,5,5,1.0,Detchd,2,0,3,2,0.0,SWISU,TA,Y,TA,Normal,RL,2006
909256020,112000,1288,824.0,6191,51.0,1941,1950,5,4,1.0,Detchd,1,0,4,0,0.0,SWISU,TA,N,Fa,Normal,RL,2006
909275230,140000,1717,756.0,9550,60.0,1915,1970,7,5,3.0,Detchd,1,0,3,1,0.0,Crawfor,Gd,Y,TA,Abnorml,RL,2006
909275250,195000,1550,817.0,21780,66.0,1920,1950,6,5,1.0,Detchd,1,1,3,1,0.0,Crawfor,TA,Y,TA,Normal,RL,2006
909276010,230000,1517,792.0,11435,,1929,1950,8,7,2.0,Detchd,1,0,3,2,0.0,Crawfor,Gd,Y,Gd,Normal,RL,2006
909276070,194000,1717,901.0,12400,80.0,1940,1950,5,6,1.0,Attchd,1,1,2,1,0.0,Crawfor,TA,Y,Gd,Normal,RL,2006
909279040,137500,1180,700.0,11600,80.0,1922,1950,4,5,1.0,Detchd,1,0,2,1,0.0,Crawfor,Fa,Y,Fa,Normal,RL,2006
909280030,250000,2057,1017.0,11500,86.0,1936,1987,7,7,1.0,Attchd,1,1,3,1,0.0,Crawfor,Gd,Y,Gd,Normal,RL,2006
909280070,218000,1671,1022.0,8170,81.0,1929,1950,7,7,2.0,Detchd,2,0,4,1,270.0,Crawfor,TA,Y,TA,Normal,RL,2006
909281010,239000,2345,952.0,16560,80.0,1932,1950,6,8,2.0,Detchd,2,1,4,1,0.0,Crawfor,TA,Y,Gd,Normal,RL,2006
909282060,199500,1609,637.0,12320,70.0,1932,1990,7,7,3.0,2Types,1,1,3,2,0.0,Crawfor,Gd,Y,TA,Normal,RL,2006
909282110,210000,1801,697.0,14210,70.0,1930,1959,6,7,2.0,Attchd,1,1,3,1,0.0,Crawfor,TA,Y,TA,Normal,RL,2006
909425120,230000,1811,1073.0,14115,90.0,1956,2004,6,7,2.0,Attchd,1,0,2,1,0.0,Crawfor,Ex,Y,TA,Abnorml,RL,2006
909425180,217500,1647,1430.0,12984,80.0,1977,1977,5,6,2.0,Attchd,2,0,3,1,459.0,Crawfor,Gd,Y,Gd,Normal,RL,2006
909426060,257000,2315,1168.0,15600,78.0,1950,1963,5,7,1.0,Attchd,2,0,4,3,405.0,Crawfor,TA,Y,Gd,Normal,RL,2006
909428110,157000,1336,1165.0,15750,90.0,1953,1953,5,5,1.0,Attchd,1,0,2,2,56.0,Crawfor,TA,Y,TA,Normal,RL,2006
909475020,223000,1844,1844.0,16381,,1969,1969,6,5,2.0,Attchd,2,0,3,1,312.0,Crawfor,Gd,Y,TA,Normal,RL,2006
910200020,102000,976,976.0,7288,50.0,1942,1950,5,6,1.0,Detchd,1,0,2,0,0.0,IDOTRR,TA,N,TA,AdjLand,RM,2006
910200060,145400,1285,861.0,7000,50.0,1926,1950,6,7,2.0,Detchd,1,0,3,0,0.0,IDOTRR,TA,Y,TA,Normal,RM,2006
910203100,72000,672,432.0,8534,61.0,1925,1950,4,4,0.0,,1,0,2,0,0.0,IDOTRR,TA,N,Fa,Normal,RM,2006
910203230,85000,641,641.0,7030,50.0,1925,1950,4,6,1.0,Detchd,1,0,2,0,0.0,IDOTRR,Fa,Y,TA,Normal,RM,2006
910207110,106500,951,951.0,8765,50.0,1936,1950,4,6,1.0,Detchd,1,0,2,0,0.0,IDOTRR,TA,N,TA,Abnorml,RM,2006
910226060,139000,1638,967.0,9060,75.0,1957,1957,6,5,1.0,Detchd,2,0,4,0,327.0,IDOTRR,Gd,Y,TA,Normal,RM,2006
911175360,108000,1336,637.0,11040,60.0,1920,1950,4,6,1.0,CarPort,1,1,3,0,0.0,IDOTRR,TA,Y,TA,Normal,C (all),2006
911175410,51689,729,0.0,12366,69.0,1945,1950,3,5,0.0,,1,0,2,0,0.0,IDOTRR,TA,N,,Abnorml,C (all),2006
911175430,35311,480,480.0,9000,50.0,1949,1950,2,3,1.0,Detchd,0,0,1,0,0.0,IDOTRR,TA,N,TA,Abnorml,C (all),2006
911175440,115000,1396,660.0,9000,50.0,1951,1951,5,6,0.0,,2,0,4,0,0.0,IDOTRR,TA,N,TA,Abnorml,C (all),2006
911225110,78000,936,216.0,8520,60.0,1916,1950,3,5,0.0,,1,0,2,0,0.0,IDOTRR,TA,N,Fa,Normal,C (all),2006
911370430,375000,1778,1573.0,5748,41.0,2005,2006,8,5,2.0,Attchd,2,0,2,1,473.0,Crawfor,Ex,Y,Ex,Partial,RM,2006
911370530,300000,1646,1594.0,3842,44.0,2004,2005,8,5,2.0,Attchd,2,0,2,1,186.0,Crawfor,Gd,Y,Ex,Normal,RM,2006
913350030,242500,1625,1625.0,23580,69.0,1979,1979,6,6,2.0,Attchd,2,0,3,1,0.0,Mitchel,Fa,Y,Gd,Normal,RL,2006
914452060,145000,1664,1664.0,8385,65.0,1978,1978,6,5,2.0,2Types,2,0,4,0,0.0,Mitchel,TA,Y,TA,Normal,RL,2006
914474020,209000,1491,1491.0,9116,70.0,2001,2001,8,5,2.0,Attchd,2,0,3,0,0.0,Mitchel,Gd,Y,Ex,Normal,RL,2006
914476050,135000,1004,975.0,10530,78.0,1977,1977,6,5,2.0,Attchd,1,0,2,0,90.0,Mitchel,TA,Y,Gd,Normal,RL,2006
914476130,148000,1210,1128.0,11080,140.0,1975,1975,6,6,2.0,Attchd,2,0,3,0,257.0,Mitchel,TA,Y,TA,Normal,RL,2006
914476500,171000,1959,1907.0,11070,82.0,1988,1989,7,5,3.0,2Types,3,0,5,0,70.0,Mitchel,TA,Y,TA,Family,RL,2006
916225130,335000,2519,1210.0,26178,42.0,1989,1990,7,5,2.0,Attchd,2,1,4,2,293.0,Timber,Gd,Y,Gd,Normal,RL,2006
916252170,230000,1295,0.0,8239,,1986,1986,7,5,1.0,Attchd,2,0,2,0,0.0,GrnHill,Gd,Y,,Normal,RM,2006
916325040,250764,1650,1632.0,50102,,1958,1958,6,5,2.0,Attchd,1,0,2,2,0.0,Timber,TA,Y,Gd,Alloca,RL,2006
916326010,228000,1707,1686.0,16669,,1981,1981,8,6,2.0,Attchd,2,1,2,1,653.0,Timber,TA,Y,Gd,Normal,RL,2006
916402125,176000,1137,1112.0,13811,54.0,1987,1987,6,6,2.0,Attchd,2,0,2,1,72.0,Timber,Gd,Y,Gd,Normal,RL,2006
916403020,180000,1339,1309.0,8049,50.0,1990,1990,7,5,2.0,Attchd,2,0,2,1,54.0,Timber,TA,Y,Gd,Normal,RL,2006
916403130,250000,2514,1216.0,11170,,1990,1991,7,5,2.0,Attchd,2,1,4,0,0.0,Timber,TA,Y,Gd,Normal,RL,2006
916460070,202000,1403,1381.0,8098,,2000,2000,6,5,2.0,Attchd,2,0,2,0,0.0,Timber,Gd,Y,Gd,Normal,RL,2006
916475100,312500,1800,1800.0,14331,85.0,2002,2002,8,5,3.0,Attchd,2,0,3,1,630.0,Timber,Gd,Y,Ex,Normal,RL,2006
916477010,320000,1960,1728.0,13618,95.0,2005,2006,8,5,3.0,Attchd,2,0,3,2,198.0,Timber,Gd,Y,Ex,Partial,RL,2006
921205030,369900,2028,1868.0,11443,88.0,2005,2006,8,5,3.0,Attchd,2,0,2,2,208.0,Timber,Gd,Y,Ex,Partial,RL,2006
921205050,359900,1838,1838.0,11577,88.0,2005,2006,9,5,3.0,Attchd,2,0,3,1,382.0,Timber,Ex,Y,Gd,Partial,RL,2006
923125030,81500,1600,0.0,31250,125.0,1951,1951,1,3,1.0,Attchd,1,1,3,0,0.0,Mitchel,TA,Y,,Normal,A (agr),2006
923202025,215000,1368,1288.0,7020,78.0,1997,1997,7,5,4.0,Attchd,2,0,2,0,200.0,Mitchel,TA,Y,Gd,Normal,RM,2006
923203090,164000,1216,1216.0,4500,32.0,1998,1998,6,5,2.0,Attchd,2,0,2,0,116.0,Mitchel,TA,Y,Ex,Normal,RM,2006
923203100,153500,1337,1237.0,4500,32.0,1998,1998,6,5,2.0,Attchd,2,0,2,0,443.0,Mitchel,TA,Y,Ex,Normal,RM,2006
923205120,84500,1140,1140.0,17217,90.0,2006,2006,5,5,0.0,,1,0,3,0,0.0,Mitchel,TA,Y,Gd,Abnorml,RL,2006
923225190,104500,1304,264.0,2665,41.0,1977,1977,5,6,1.0,BuiltIn,1,1,3,1,0.0,MeadowV,TA,Y,Gd,Normal,RM,2006
923225240,127000,1475,757.0,2665,41.0,1977,1977,5,6,1.0,Attchd,2,0,4,1,0.0,MeadowV,TA,Y,TA,Normal,RM,2006
923225260,151400,2521,942.0,3964,42.0,1973,1973,6,4,2.0,Attchd,2,1,5,1,0.0,MeadowV,TA,Y,Gd,Normal,RM,2006
923225510,126500,874,864.0,10172,58.0,1968,2003,5,7,1.0,Attchd,1,0,3,0,0.0,Mitchel,TA,Y,TA,Normal,RL,2006
923226150,146500,1652,1652.0,11836,,1970,1970,5,5,3.0,2Types,2,0,4,0,0.0,Mitchel,TA,Y,TA,Normal,RL,2006
923226180,73000,630,630.0,1470,21.0,1970,1970,4,6,0.0,,1,0,1,0,0.0,MeadowV,TA,Y,Gd,Normal,RM,2006
923226290,79400,1092,546.0,1484,21.0,1972,1972,4,4,1.0,Attchd,1,1,3,0,0.0,MeadowV,TA,Y,TA,Normal,RM,2006
923227100,140000,1360,1104.0,13384,80.0,1969,1979,5,5,1.0,Attchd,1,0,3,1,194.0,Mitchel,TA,Y,TA,Normal,RL,2006
923228130,92000,630,630.0,1533,21.0,1970,1970,5,7,0.0,,1,0,1,0,0.0,MeadowV,Ex,Y,Gd,Abnorml,RM,2006
923228180,87550,1092,546.0,1533,21.0,1970,1970,4,5,1.0,CarPort,1,1,3,0,0.0,MeadowV,TA,Y,TA,Abnorml,RM,2006
923228210,79500,1092,546.0,1526,21.0,1970,1970,4,5,0.0,,1,1,3,0,0.0,MeadowV,TA,Y,TA,Normal,RM,2006
923228260,90500,1092,546.0,1936,21.0,1970,1970,4,7,0.0,,1,1,3,0,0.0,MeadowV,TA,Y,TA,Normal,RM,2006
923228310,71000,1092,546.0,1894,21.0,1970,1970,4,5,1.0,CarPort,1,1,3,0,0.0,MeadowV,TA,Y,TA,Abnorml,RM,2006
923229110,150900,1728,1728.0,12640,55.0,1976,1976,6,5,2.0,Attchd,2,0,4,0,0.0,Mitchel,TA,Y,TA,Normal,RL,2006
923230040,188000,1728,1728.0,9297,63.0,1976,1976,5,5,2.0,Detchd,2,0,4,0,0.0,Mitchel,TA,Y,TA,Family,RL,2006
923250060,160000,1126,1126.0,17400,80.0,1977,1977,5,5,2.0,Attchd,2,0,3,1,0.0,Mitchel,TA,Y,TA,Normal,RL,2006
923251180,131000,1224,1224.0,20000,160.0,1960,1996,5,7,2.0,Detchd,1,0,4,1,0.0,Mitchel,TA,Y,TA,Abnorml,RL,2006
923275080,142500,1003,1003.0,7937,37.0,1984,1984,6,6,2.0,Detchd,1,0,3,0,0.0,Mitchel,TA,Y,TA,Normal,RL,2006
923276100,131000,902,864.0,8885,,1983,1983,5,5,2.0,Attchd,1,0,2,0,0.0,Mitchel,TA,Y,Gd,Normal,RL,2006
923400125,132000,970,912.0,10441,62.0,1992,1992,5,5,0.0,,1,0,3,0,0.0,Mitchel,TA,Y,Gd,Normal,RL,2006
924100070,170000,1389,1389.0,10010,77.0,1974,1975,5,5,2.0,Attchd,1,0,2,1,0.0,Mitchel,TA,Y,Gd,Normal,RL,2006
924151050,188000,2000,996.0,9627,74.0,1993,1994,7,5,3.0,Attchd,2,1,3,1,94.0,Mitchel,TA,Y,Gd,Normal,RL,2006
